Tarif_Adi,Kategori,Malzemeler,Yapilis_Adimlari
Sodalı Köfte,ana yemek,kıyma soğan galeta unu tuz kırmızı toz biber kırmızı pul biber kimyon karabiber kabartma tozu soda,"Derin bir kap içine 1 adet büyük boy soğan rendeleyin. Rendelediğiniz soğanın suyu varsa suyunu süzün. Ardından üzerine yarım kilo kıyma koyun. Daha sonra kaba yarım çay bardağı galeta unu, 1 tatlı kaşığı tuz, 1 çay kaşığı dolusu kırmızı toz biber, 1 çay kaşığı kırmızı pul biber, 1 çay kaşığı kimyon, yarım çay kaşığı karabiber ve yarım paket kabartma tozu koyun. Son olarak köfteli harcın üzerine 1 çay bardağı soda dökün. Tüm köfte harcını eliniz ile iyice yoğurun. Hazırladığınız sodalı köfte harcını buzdolabından en az 1 saat dinlenmeye bırakın. Daha sonra dinlenen köfte harcından ceviz büyüklüğünde parçalar alıp, elinizde yuvarlak ya da oval şeklini verin. Şekil verdiğiniz köfteleri yağlı kağıt serili fırın tepsisi içine dizin. Köftelerin yanına isteğe göre birkaç domates ve biber koyabilirsiniz. Sodalı köfteleri önceden ısıtılmış 200 derece fırına verin. Üzerleri güzelce kızarana kadar pişirin."
Piliç Topkapı,ana yemek,tavuk but süt karabiber kırmızı toz biber tuz pirinç soğan dolmalık fıstık kuş üzümü tereyağı zeytinyağı tarçın domates salçası su,"Tavuk butlarını kasabınızdan rica ederek kemiklerinden ayırtın ve biraz dövdürün. Geniş bir kap içine 4 adet kemiklerinden ayrılmış ve inceltilmiş tavuk butlarını güzelce koyun. Üzerlerine 1 çay kaşığı karabiber, 1 çay kaşığı kırmızı toz biber, 1 çay kaşığı dolusu tuz ve 1 küçük çay bardağı kadar süt ekleyin. Eliniz ile etleri güzelce harmanlayın. Kabın üzerini streç film ile kapatıp, buzdolabında 2-3 saat kadar marine edin. Daha sonra 1 su bardağı pirinci kaba koyun. Üzerine sıcak su döküp, 15 dakika kadar bekletin. 1 yemek kaşığı kuş üzümünü de yumuşaması için sıcak su içinde bekletin. Küçük bir tava içinde 1 yemek kaşığı dolmalık fıstığı güzelce kavurun. Diğer tarafta orta boy bir tencere içine 1 tatlı kaşığı dolusu tereyağı ve 2 yemek kaşığı zeytinyağı koyun. Yağın üzerine 1 adet orta boy ince ince doğranmış soğan ekleyin. Soğanı 2-3 dakika sürekli karıştırarak kavurun. Önceden ıslattığınız pirincin suyunu süzüp, tencereye ekleyin. Pirinci soğan ile beraber 3 dakika kadar kavurun. Pirincin üzerine kavrulmuş dolmalık fıstık, suyu süzülmüş kuş üzümü, 1 çay kaşığı silme toz tarçın, 1 çay kaşığı karabiber ve 1 tatlı kaşığı tuz ekleyin. Pirinci diğer malzemeler ile 1 dakika kadar daha kavurun. Ardından pirincin üzerine 1 su bardağı ılık su döküp, karıştırın. Tencerenin kapağını kapatıp, pilav suyunu çekene kadar pişirin. Piştikten sonra kenarda dinlenmeye bırakın. Pirince normal ölçülerden biraz daha az su ekliyoruz ki fırında da pişeceği için lapa olmasın. Tavukları derili kısımları alta gelecek şekilde çukur bir kase içine yerleştirin. Orta kısmını iç pilav harcı ile doldurun. Kenardan sarkan tavuk parçalarını güzelce pilavın üzerine kapatın. Ardından kaseyi dikkatli bir şekilde ters çevirip, fırın kapı içine koyun. Tavukların üzeri için; küçük bir sos tavası içine 2-3 yemek kaşığı zeytinyağı ve yarım yemek kaşığı domates salçası koyun. Salçanın hafifçe kokusu çıkana kadar kavurun. Ardından damak tadınıza göre tuz, karabiber ve yarım çay bardağı kadar su ekleyip, güzelce karıştırın. Hazırladığınız sosu tavukların üzerine güzelce dökün. Kabın üzerini yağlı kağıt ile kapatın. Önceden ısıtılmış 190 derece fırına verin. Yaklaşık 35 dakika pişirin. Daha sonra yemeğin üzerinden yağlı kağıdı alıp, tekrar fırına verin. Üzeri nar gibi kızarana kadar yaklaşık 20 dakika pişirin."
Tire Şiş Köfte,ana yemek,orta yağlı kıyma tuz karabiber orta boy sivri biber orta boy domates tereyağı tahta çöp şiş,"Derin bir kap içine yarım kilo orta yağlı kıyma koyun. Kıymanın üzerine 1 tatlı kaşığı tuz ve damak tadınıza göre karabiber ekleyin. Tüm köfte harcını özleşene kadar iyice yoğurun. Yoğurduğunuz köfte harcını 12 eşit parçaya bölün. Diğer tarafta da küçük bir kase içine biraz su koyun. Üzerine çok az tuz ekleyip, karıştırın. Ardından elinizi hafifçe ıslatıp, köfte parçalarından birini alın. Köfteyi iki elinizle ileri geri yuvarlayıp, silindir şeklini verin. Daha sonra köfteyi tezgah üzerine koyun. Parmak uçlarınız ile uzunlamasına köftenin üzerine hafifçe bastırıp, 1 adet tahta çöp şiş yerleştirin. Köftenin uç kısımlarını iyice kapatın. Ardından şişi bir elinizle tutup, diğer elinizi de ara ara tuzlu su ile hafifçe ıslatarak, çöp şiş üzerinde köfteye aşağı yukarı eliniz ile bastıra bastıra orta incelikle şekil verin. Köftelere şekil verdikten sonra yanmaz yapışmaz geniş bir tavayı ocak üzerine alıp, iyice ısıtın. Hazırladığınız tire köfteleri ısıttığınız tavanın içine güzelce dizin. Arkalı önlü hafifçe kızarana kadar pişirin. Köfteleri tavada kızartmak yerine fırında ya da ızgarada da pişirebilirsiniz. Köfteler piştikten sonra bir tabak üzerine alıp, kenarda soğumaya bırakın. Soğuduktan sonra köfteleri dikkatli bir şekilde çöp şişlerinden çıkarın. Tire şiş köftenin sosu için; orta boy geniş bir tava içine yarım yemek kaşığı tereyağı koyup, iyice ısıtın. Isınan yağın üzerine 4 adet orta boy biraz iri doğranmış domatesi ekleyin. Damak tadınıza göre de biraz tuz koyup, domatesleri ara ara karıştırarak yumuşayana kadar pişirin. Daha sonra başka geniş bir tava içine 1 yemek kaşığı dolusu tereyağı koyup, iyice ısıtın. Ardından 4-5 adet orta boy sivri biberi 3-4 parçaya kesip, yağın üzerine koyun. Biberleri yağda hafifçe kızarana kadar pişirin. Kızaran biberlerin üzerine şişten çıkarttığınız tire köftelerini ekleyin. Köfteleri de dikkatli bir şekilde biberler ile birlikte karıştırarak, hafifçe kızarana kadar pişirin. Tire şiş köftenin servisi için; öncelikle hazırladığınız domates sosunu servis tabağının tabanına güzelce yayın. Domates sosunun üzerine tire şiş köfteleri ve biberleri güzelce yerleştirin. Üzerlerine 1 tutam ince ince doğranmış maydanoz serpiştirin. Yanında yoğurt ve tırnak pide ile sıcak olarak servis edebilirsiniz."
Et Köfte,ana yemek,kıyma yumurta kuru soğan galeta unu kimyon pulbiber karabiber tuz,"Derin bir kaba 350 gr kıyma koyun. Üzerine 1 adet yumurta kırın. 1 adet orta boy kuru soğan rendeleyin. Ardından 2 yemek kaşığı galeta unu, 1 çay kaşığı kimyon, yarım çay kaşığı karabiber, yarım çay kaşığı pulbiber ve tuz ekleyin. Köfte harcını 10 dakika boyunca durmadan yoğurun. Hazırladığınız et köfte harcının üzerini streç film ile örtüp, buzdolabında 2 saat kadar dinlenmeye bırakın. Ardından buzdolabından çıkartıp 10 dakika kadar tekrar yoğurun. Et köfte harcından cevizden biraz büyük parçalar alın. Elinizde oval ya da yuvarlak şekli verin. Diğer tarafta geniş bir tava içine biraz sıvı yağ koyup, orta ateş üzerinde ısıtın. Tava içinde köfteleri koyup arkalı önlü güzelce pişirin. Pişen et köftesini servis tabağına koyun. Yanında soğan salatası ya da közlenmiş domates, biber ile servis edebilirsiniz."
Şıhıl Mahşi,ana yemek,kabak kıyma nohut soğan sarımsak zeytinyağı maydanoz tuz kimyon karabiber kırmızı toz biber domates salçası ılık su yoğurt rendelenmiş sarımsak,Kabakları yıkayın ve uzun çizikler atın. Kabakları ikiye kesin ve iç kısımlarını oyun. Kabakları kızgın yağda kızartın. Kızaran kabakları havlu kağıdına alın. Kabakların iç harcı için tava içine zeytinyağı dökün. Soğanı kavurun ve kıymayı ekleyin. Kıymayı pişirin ve baharatları ekleyin. Kıymalı harcı nohutla karıştırın. Kabakların iç kısımlarını kıymalı harçla doldurun. Dolmaları fırına verin ve pişirin. Sosu için domates salçasını ılık su ile karıştırın. Sosu kabakların üzerine gezdirin ve servis edinin.
Tavuk Burger,ana yemek,tavuk göğsü tuz sarımsak tozu un hamburger ekmeği marul yumurta süt galeta unu mısır gevreği,"Tavuk göğsünü bıçak yardımı ile küçük küçük dilimleyin. Mutfak robotu içine koyun. Tavuk etlerinin üzerine tuz ve sarımsak tozu ekleyin. Tavuk etlerini mutfak robotundan iyice geçirip, parçalanmasını sağlayın. 1 yemek kaşığı un koyun. Tekrardan mutfak robotundan geçirin. Elinizi sürekli ıslatarak, tavuk köftesi harcından iri parçalar alın. Köftelerin düzgün bir daire şeklini alabilmesi için bir kavanoz kapağı ya da büyük yuvarlak kurabiye kalıbını tezgah üzerine alın. Kalıbın üzerine buzdolabı poşeti ya da streç film serin. Tavuk köftesini kalıbın içine koyup, eşit bir şekilde yayın. Ardından poşeti kaldırıp, köfteyi düzgünce alın. İsteğe göre kalıp kullanmadan eliniz ile de şekil verebilirsiniz. Tavuk köftelerini bulamak için; bir kase içine 2 adet yumurta kırın. Üzerine 2 yemek kaşığı süt ve biraz tuz ekleyip, iyice karıştırın. Başka bir kaba da yarım su bardağından biraz fazla galeta unu koyun. 1 su bardağı mısır gevreğini rondodan iyice geçirip, galeta ununun üzerine ekleyip, güzelce karıştırın. Hazırladığınız tavuk köftelerini öncelikle arkalı önlü ve kenar kısımlarını una bulayın. Ardından arkalı önlü yumurtalı harca bulayın. Son olarak da mısır gevrekli galeta un karışımına bulayın. Tavuk köftelerini buladıktan sonra kolaylık açısından bir tabak üzerine alın. Tavuk burger köftelerini kızgın yağ içinde arkalı önlü güzelce kızartın. Daha sonra 6 adet hamburger ekmeğini ortadan ikiye kesin. Ekmeğin tabanına marul koyun. Marulun üzerine tavuk köftelerini yerleştirin. Köftelerin üzerine de ketçap, mayonez ya da hardal sıkıp, ekmeğin üstünü üzerine kapatın."
Trakya Kapama,ana yemek,pilavlık pirinç tereyağı zeytinyağı soğan kuru nane karabiber kimyon tavuk suyu tuz tavuk baget havuç defne yaprağı tane karabiber su domates salçası,"10 adet tavuk bageti derin bir tencere içine koyun. Üzerlerine 1 adet orta boy havuç ve 1 adet orta boy soğanı iri iri doğrayıp, ekleyin. Ardından 2 adet defne yaprağı, 10 adet tane karabiber ve biraz tuz koyun. Daha sonra tavukların üzerine 2 litre su dökün. Tencereyi ocak üzerine alın ve kapağını kapatın. Yüksek ateş üzerinde kaynamaya bırakın. Kaynadıktan sonra kısık ateş üzerinde tavuklar yumuşayana kadar pişirin. Diğer tarafta 3 su bardağı pilavlık pirinci ılık su içinde 15-20 dakika kadar bekletip, suyunu süzün. Daha sonra geniş bir tencere içine 2 yemek kaşığı tereyağı ve 2 yemek kaşığı zeytinyağı koyup, ısıtın. Yağın üzerine 1 adet orta boy ince ince doğranmış soğan ekleyip, hafifçe yumuşayana kadar kavurun. Kavrulan soğanların üzerine ılık su içinde bekletip, suyunu süzdüğünüz pirinci koyun. Pirinci soğanlar ile birlikte tane tane olana kadar kavurun. Ardından kavrulan pirincin üzerine damak tadınıza göre tuz, 1 tatlı kaşığı dolusu kuru nane, 1 çay kaşığı karabiber ve yarım çay kaşığı kimyon koyun. Pirinci baharatları ile birlikte 3-4 kere karıştırın. Daha sonra kavurduğunuz pirinci ocaktan alın. 28-30 cm lik bir fırın kabının tabanına eşit bir şekilde yayın. Pirincin üzerine pişen tavuk bagetleri güzelce sıralayın. İsteğe göre tavuk bagetlerin deri kısımlarını çıkartabilirsiniz. Ardından pirincin üzerini geçecek kadar yaklaşık 4 buçuk - 5 su bardağı tavuk suyundan dökün. Son olarak küçük bir kase içine 1 çay kaşığı domates salçası koyun. Salçanın üzerine az miktar tavuğun suyundan döküp, açılmasını sağlayın. Salçalı sosu fırça yardımı ile tavuk bagetlerin üzerine hafifçe sürün. Hazırladığınız Trakya kapamayı önceden ısıtılmış 190 derece fırına verin. Pirinçler tamamen suyunu çekip, tavukların üzeri kızarana kadar yaklaşık 25-30 dakika pişirin."
Ev Köftesi,ana yemek,orta yağlı kıyma orta boy kuru soğan yumurta büyük diş sarımsak bayat ekmek içi maydanoz kimyon karabiber kırmızı toz biber karbonat tuz,"Derin bir kaba yarım kilo orta yağlı kıyma koyun. Kıymanın üzerine 1 adet yumurta kırın. Ardından 1 adet orta boy rendelenmiş soğan ve 1 büyük diş rendelenmiş sarımsak ekleyin. Daha sonra kaba 1 çay kaşığı kimyon, 1 çay kaşığı karabiber, 1 çay kaşığı kırmızı toz biber, 1 çay kaşığı karbonat, 1 buçuk çay kaşığı tuz ve yarım demet ince ince doğranmış maydanoz koyun. İsteğe göre karbonat eklemeyebilirsiniz. Ya da karbonat yerine yarım paket kabartma tozu koyabilirsiniz. Son olarak 3 dilim bayat ekmek içini çok az su ile hafifçe ıslatın. Ardından ekmek içini köfte harcının üzerine ekleyin. Tüm köfte harcını eliniz ile iyice yoğurun. Hazırladığınız ev köftesi harcını buzdolabından en az yarım saat dinlenmeye bırakın. Daha sonra dinlenen köfte harcından ceviz büyüklüğünde parçalar alıp, elinizde oval şeklini verin. Bu esnada köftelere şekil verirken elinizi hafifçe yağlamanız köftelerinizin daha düzgün şekil almasını sağlayacaktır. Diğer tarafta orta boy geniş bir tava içine tabanı kaplayacak kadar sıvı yağ dökün. Orta ateş üzerinde iyice ısınmasını sağlayın. Şekil verdiğiniz köfteleri yağ içine koyun. Köfteleri arkalı önlü güzelce kızarana kadar pişirin. Kızarttığınız ev yapımı köfteleri havlu kağıt serili bir servis tabağı üzerine alın. Fazla olan yağlarının süzülmesini sağlayın. Daha sonra sıcak olarak servis edebilirsiniz."
Macar Kebabı,ana yemek,kuşbaşı doğranmış et patlıcan patates haşlanmış bezelye domates sarımsak zeytinyağı rendelenmiş kaşar peynir tuz karabiber Beşamel Sos İçin: Üzeri İçin:,"500 gr kuşbaşı doğranmış dana etini orta büyüklükteki kızgın bir tencere içine koyun. Eti 5 dakika kadar ara ara karıştırarak, kavurun. Daha sonra etlerin üzerini biraz geçecek kadar su dökün. Etlere suyunu çekip, yumuşayıncaya kadar pişirin. Diğer tarafta 2 adet büyük boy patlıcanı alacalı olarak soyun. 1 adet orta boy patatesin kabuğunu da soyun. Patlıcan ve patatesi küpler halinde doğrayıp, kızgın yağ içinde ayrı ayrı kızartın. Kızaran patates ve patlıcanları kağıt havlu serili tabak üzerine koyup, yağının süzülmesini sağlayın. Daha sonra tamamen suyunu çekip, yumuşamış olan etlerin üzerine 3 yemek kaşığı zeytinyağı dökün. Etlere 1 su bardağı haşlanmış bezelye ve 5 diş küçük küçük doğranmış sarımsak koyup, 2-3 dakika ara ara karıştırarak, pişirin. Ardından tencereye 2 adet küçük boy minik küpler halinde doğranmış domates, damak tadınıza göre tuz ve karabiber ekleyin. Domatesler hafifçe yumuşayana kadar kısa bir süre pişirin. Etili harç piştikten sonra ocaktan alıp, üzerine kızarttığınız patates ve patlıcanları koyun. 1 su bardağı da rendelenmiş kaşar peynir ekleyin. Tüm malzemeleri güzelce karıştırıp, küçük yuvarlak borcam içine koyup, eşit bir şekilde yayın. Beşamel sos için; küçük bir tencere içine 1 yemek kaşığı tereyağı koyup, eritin. Eriyen yağın üzerine 1 yemek kaşığı un ekleyin. Unun kokusu çıkana kadar 1 dakika kadar kavurun. Kavurduğunuz unun üzerine 1 buçuk su bardağı sütü azar azar döküp, topaklanmaması için hızlı bir şekilde karıştırın. Sosu sürekli karıştırarak, akıcı koyu bir kıvam alana kadar pişirin. Sosunuz çok koyu olursa azar azar süt ekleyerek, kıvamı açabilirsiniz. Damak tadınıza göre tuz ve karabiber ekleyip, ocaktan alın. Hazırladığınız beşamel sosu fırın kabında bulunan etli sebzeli harcın üzerine eşit bir şekilde yayın. Beşamel sosun üzerine de 1 su bardağı kadar rendelenmiş kaşar peynir serpiştirin. Macar kebabı önceden ısıtılmış 180 derece fırına verin. Üzeri kızarana kadar yaklaşık 25 dakika pişirin. Macar kebabı piştikten sonra fırından çıkartıp, 5 dakika kadar dinlenmeye bırakın. Daha sonra sıcak olarak servis edebilirsiniz."
Sucuklu Nohut Yemeği,ana yemek,kuru nohut sucuk soğan sarımsak domates salçası biber salçası zeytinyağı sıcak su tuz,Nohutları 1 gece ılık su içinde bekletin. Nohutların suyunu dökün ve tekrar su dökün. Nohutları kaynatın ve hafifçe yumuşayana kadar pişirin. Soğanı ve sarımsağı ısıtın. Domates salçası ve biber salçasını ekleyin. Salçaları kavurduktan sonra sucuğu ekleyin. Sucukları kavurun ve nohutları ekleyin. Tuz ve sıcak su ekleyin. Kaynadıktan sonra 30 dakika pişirin.
Tavuklu Şehzade Kebabı,ana yemek,kuşbaşı doğranmış tavuk kalça eti soğan yeşil biber sarımsak domates salçası ılık su zeytinyağı patlıcan tuz karabiber kırmızı pul biber domates biber,"Orta boy geniş bir tencere içine 3-4 yemek kaşığı zeytinyağı döküp, iyice ısıtın. Yağın üzerine 600 gr kuşbaşı doğranmış tavuk kalça etini ekleyin. Tavuk etleri suyunu salıp, hafifçe çekene kadar ara ara karıştırarak, pişirin. Pişen tavuk etlerinin üzerine 1 adet orta boy ince ince doğranmış soğan, 2 diş ince ince doğranmış sarımsak ve 2 adet küçük küçük doğranmış yeşil biber koyun. 2-3 dakika kadar ara ara karıştırarak, pişirmeye devam edin. Daha sonra 1 yemek kaşığı domates salçası ekleyin. Salçayı da 1-2 dakika kadar tavuk etleri ile birlikte güzelce kavurun. Ardından damak tadınıza göre tuz, karabiber ve kırmızı pul biber koyup, karıştırın. Son olarak hazırladığınız tavuklu harcın üzerine 1 su bardağı ılık su döküp, 1-2 taşım kaynatın. Ardından tavuklu harcı ocaktan alıp, küçük yuvarlak borcam fırın kabının içine döküp, güzelce yayın. Diğer tarafta 3 adet orta boy patlıcanın kabuğunu alacalı olarak soyun. Patlıcanları çok küçük olmayacak şekilde küp küp doğrayın. Doğradığınız patlıcanları kızgın yağ içine koyup, güzelce kızartın. Ardından kızaran patlıcanları kağıt havlu serili bir tabak üzerine alıp, yağlarının süzülmesini sağlayın. Daha sonra patlıcanları borcama koyduğunuz tavuklu harcın üzerine ekleyin. Kepçe yardımı ile hafifçe karıştırın. Tekerardan fırın kabının içine yarım su bardağı kadar ılık su döküp, hafifçe karıştırın. Son olarak tavuklu şehzade kebabının üzerine orta kalınlıkta dilimlediğiniz domates ve biber dilimlerini güzelce dizin. Önceden ısıtılmış 180 derece fırına verin. Yaklaşık 20 dakika kadar pişirin."
Fırında Patates Yemeği,ana yemek,patates soğan sivri biber domates sarımsak zeytinyağı su karabiber kırmızı pul biber kekik kimyon köri tuz,"Patatesleri soyup elma dilimi şeklinde dilimleyin. Soğan ve biberleri dilimleyin. Domatesleri dörde bölün. Patatesleri bir kaba koyun ve baharatlarla harmanlayın. Soğan, biber ve domatesleri patateslerin üzerine yerleştirin. Zeytinyağı ve su ekleyin. Fırında 45-50 dakika pişirin."
Ballı Susamlı Tavuk,ana yemek,tavuk göğüs eti yumurta mısır nişastası sıvı yağ susam ketçap soya sosu limon suyu toz şeker bal sarımsak tuz karabiber,"3 yemek kaşığı susamı bir tava içine koyup, hafifçe kahverengi olana kadar yakmadan kavurun. Kavrulan susamı ocaktan alıp, başka bir kaba aktarıp, soğumaya bırakın. Yarım kilo tavuk göğüs etini çok büyük ve çok küçük olmayacak şekilde küpler halinde kesin. 2 adet yumurta kırın ve üzerine 3 yemek kaşığı mısır nişastası ekleyip, pürüzsüz bir kıvam alana kadar iyice çırpın. Doğradığınız tavuk etlerini yumurtalı karışımın içine koyup, iyice karıştırın. Sos için; bir kase içine 2 yemek kaşığı soya sosu, 2 yemek kaşığı ketçap, 2 yemek kaşığı limon suyu, 2 yemek kaşığı bal, 1 tatlı kaşığı toz şeker, 2 diş rendelenmiş sarımsak, damak tadınıza göre tuz ve karabiber ekleyin. Soya sosu tuzlu olduğu için tuz miktarını dikkatli bir şekilde ayarlayın. Sosun içine kavrulmuş susamı koyun ve tüm sos malzemelerini iyice karıştırıp, kenara alın. Yumurtalı nişastalı karışımın içinde olan tavuk etlerini tek tek alıp, kızgın yağ içine koyun. Tavuk etlerini kızgın yağ içinde arkalı önlü kızartın. Son olarak orta boy geniş bir tencere içine ballı susamlı sosu döküp, biraz ısıtın. Sosun üzerine kızarttığınız tavuk etlerini ekleyin ve tavuk etlerinin sosa iyice karışmasını sağlayın. Ardından tencerenin kapağını kapatın ve ballı susamlı tavuk etlerinin içleri tamamen pişinceye kadar kısık ateş üzerinde 20 dakika pişirin."
Cacıklı Arap Köftesi,ana yemek,köftelik ince bulgur kıyma sıcak su soğan un karabiber tuz tereyağı kırmızı toz biber kırmızı pul biber ıspanak zeytinyağı süzmeye yoğurt sarımsak,"Bulgur ve sıcak su karıştırılır. Kıyma, soğan, un, karabiber, tuz eklenip yoğrulur. Köfte harcı yoğrulur ve şekillendirilir. Ispanak kavurulur ve soğumaya bırakılır. Köfteler haşlanır ve süzülür. Köftelerin sosu hazırlanır ve köftelerle karıştırılır. Cacık hazırlanır ve köfteler yerleştirilir. Tereyağı eritilir ve köftelerin üzerine gezdirilir."
Çıtır Tavuk Kanatları,ana yemek,tavuk kanadı kırmızı pul biber kırmızı toz biber köri sarımsak tozu tuz süt un nişasta galeta unu,"Tavuk kanatlarını yıkayıp, suyunu süzün. Üzerlerine çatal yardımı ile birkaç yerinden delik açın. Tavuk kanatlarını haşlayın. Haşladığınız tavuk kanatlarının suyunu süzün. Soğuyan tavuk kanatlarını sosu ile birlikte güzelce karıştırın. Galeta unlu karışıma bulayın. Kızgın yağ içine koyun ve kızarana kadar pişirin."
Dalyan Köfte,ana yemek,kıyma yumurta galeta unu soğan maydanoz tuz kimyon karabiber garnitür yumurta yumurta akı domates salçası su,"Derin bir kabın içerisine 500 gr kıyma koyun. Üzerine 2 yemek kaşığı galeta unu koyup, 1 adet yumurta kırın. Rendelenmiş 1 adet soğan ve ince ince doğranmış 1 tutam maydanoz ekleyin. Son olarak tuz, karabiber ve kimyon ilave edin. 10 dakika boyunca sürekli yoğurun. Ardından 15dk kadar buzdolabında dinlendirin. Dinlendikten sonra buzdolabından çıkartıp 10 dakika daha güzelce yoğurun. Mutfak tezgahı üzerine bir adet alüminyum folyoyu serin. Alüminyum folyonun köfte harcına direk temas etmemesini istiyorsanız üzerine bir adet yağlı kağıt serebilirsiniz. Hazırladığınız köfte harcını folyonun üzerine koyup, elinizle bastırarak, yaydırın. Köfte harcının orta kısmına, haşladığınız 3 adet yumurtayı ardı sıra dizin. Yumurtaların aralarına ve yanlarına 1 çay bardağı hazır garnitürü yerleştirin. Alüminyum folyonun bir kenarını dikkatlice tutup, şekli bozulmadan rulo yapmak için kaldırın. Elinizle hafifçe bastırarak orta bölüme doğru getirin. Rulo şeklinin düzgün olması için alüminyum folyonun diğer tarafını da kaldırın. Orta bölümde iki ucu bir araya getirip, elinizle köfte harcının birbirine yapışmasını sağlayın. Köfte harcının birbirine iyice yapıştığından emin olduktan sonra alüminyum folyoyu açın ve dalyan köfteyi folyodan çıkartın. Orta büyüklükte bir borcamın tabanını sıvı yağ ile hafifçe yağlayın. Üzerine rulo şeklindeki dalyan köfte harcını koyun. 1 adet yumurta akını, çatalla çırptıktan sonra, fırça yardımı ile dalyan köfte harcının üzerine sürün. Sürdüğünüz yumurta akı, dalyan köfte fırında pişerken, dağılıp, açılmamasını sağlayacaktır. Dalyan köfte sosu için; küçük bir karıştırma kabına 2 yemek kaşığı domates salçasını koyun. Üzerine 1 su bardağı su ilave edip, kaşık yardımıyla karıştırın. Hazırladığınız domates sosunu, dalyan köfte üzerine kaşık yardımıyla gezdirerek dökün. Tüm sosu döktükten sonra danyan köftenin yanına 4 adet sivri biber yerleştirin. Önceden ısıtılmış 180 derece fırında yaklaşık 45 dk kadar pişirin. Pişen dalyan köfteyi fırından çıkartın, 2 parmak kalınlığında dilimler halinde kesin. Hazırladığınız dalyan köfteyi (rosto köfte) sıcak olarak misafirlerinize servis edebilirsiniz."
Elbasan Tava,ana yemek,kuşbaşı doğranmış et soğan yeşil biber tere yağı sarımsak kekik karabiber tuz yumurta sarısı un süzme yoğurt et suyu,"Tencereye tereyağı koyup eritmek Etleri kavurmak Soğan ve yeşil biber ekleyip kavurmak Kekik ve sarımsak ekleyip kavurmak Sıcak su ekleyip etler yumuşayana kadar pişirmek Tuz ve karabiber eklemek Etten 1 su bardağı et suyu alıp soğumaya bırakmak Sos için yumurta sarısı, un, tuz, süzme yoğurt ve et suyunu karıştırın Pişen eti fırın kabına koyup sosu üzerine dökmek Fırında 45-50 dakika pişirmek"
Fırında Beşamel Soslu Kıymalı Karnabahar,ana yemek,küçük boy karnabahar kıyma soğan büyük boy havuç zeytinyağı tuz karabiber Beşamel Sos İçin: tereyağı un süt Üzeri İçin: rendelenmiş kaşar peynir,"1 adet küçük boy karnabaharı çiçeklerine ayırıp, yıkayın. Derin bir tencereye alıp, üzerine su ekleyin. Yumuşayana kadar haşlayın. 1 adet büyük boy havucun kabuğunu soyun. Halkalar halinde kesip, haşlayın. Karnabahar ve havuç haşlandıktan sonra suyunu süzüp, soğumaya bırakın. Geniş bir tava içine 2-3 yemek kaşığı zeytinyağı koyun. Üzerine 1 adet ince ince doğranmış soğan ekleyip, 1 dakika kadar kavurun. Ardından tavaya 250 gr kıyma koyun. Kıymayı sürekli karıştırarak, pişirin. Kıyma piştikten sonra damak tadınıza göre tuz, karabiber ve haşlanmış havuçları ekleyip, karıştırın. Haşlanan karnabaharları fırın kabının tabanına yerleştirin. Üzerine hazırladığınız kıymalı havuçlu harcı yayın. Beşamel sos için; küçük bir tencereye 2 yemek kaşığı tereyağı koyup, eritin. Üzerine 2 yemek kaşığı un ekleyip, 2 dakika kadar kavurun. Daha sonra 1 buçuk su bardağı sütü azar azar döküp, unun topaklanmaması için sürekli karıştırın. Beşamel sos koyulaşıncaya kadar kısık ateşte 2-3 dakika kadar kaynatın. Son olarak tuz ve karabiberini de ekleyip, ocaktan alın. Sosu karnabaharlı karışımın üzerine dökün. Son olarak beşamel soslu kıymalı karnabaharın üzerine bolca rendelenmiş kaşar peynir serpiştirin. Ardından kırmızı toz biber serpiştirin. Önceden ısıtılmış 180 derece fırına verin. Yaklaşık 10-15 dakika kadar pişirin."
Fırında Et Yemeği,ana yemek,kırmızı et soğan patates kırmızı kapya biber çarliston biber domates salçası yoğurt zeytinyağı kekik kırmızı pul biber karabiber tuz,"Orta boy bir kaba 1 yemek kaşığı domates salçası koyun. Üzerine yarım yemek kaşığı yoğurt, yarım çay bardağı zeytinyağı, damak tadınıza göre tuz, kekik, kırmızı pul biber ve karabiber ekleyin. Tüm malzemeleri güzelce karıştırın. Salçalı sos karışımının üzerine 2 adet orta boy ay şeklinde ince ince doğranmış soğan koyun. Elinizle soğanları salçalı sos ile güzelce karıştırın. 500 gr kırmızı etin üzerine biraz tuz ve biraz zeytinyağı ekleyip, eliniz ile güzelce harmanlayın. Geniş bir fırın kabının tabanına hazırladığınız salçalı soslu soğan karışımını güzelce yayın. Bu karışımın üzerine etleri güzelce yerleştirin. 2 adet orta boy patatesi elma dilimi şeklinde doğrayıp, koyun. Kapta bulunan sos ile güzelce harmanlayın. 1 adet orta boy kapya biber ve 1 adet çarliston biberi iri olacak şekilde doğrayın. Biberleri ve patatesleri fırın tepsisinde boş olan kısımlara yerleştirin. Son olarak tepsinin tabanına yarım çay bardağından biraz fazla su dökün. Hazırladığınız et yemeğinin üzerini hafifçe ıslattığınız yağlı kağıt ile kapatın. Önceden ısıtılmış 190 derece fırına verin. Etler ve sebzeler yumuşayana kadar yaklaşık 1 saat kontrollü bir şekilde pişirin."
Fırında Karnabahar Yemeği,ana yemek,karnabahar kıyma soğan yumurta galeta unu maydanoz tuz karabiber kimyon kekik domates sarımsak tere yağı un süt kaşar peynir,"Karnabaharı çiçeklerine ayırıp, derin bir tencere içine koyun. Üzerlerini geçecek kadar su döküp, biraz tuz serpiştirin. Hafifçe yumuşayana kadar haşlayın. Köfte harcı için; bir kap içine 400 gr kıyma koyun. Üzerine 1 adet yumurta kırın. 1 adet orta boy rendelenmiş soğan, 2 yemek kaşığı galeta unu, damak tadınıza göre tuz, karabiber, kekik ve kimyon ekleyip, iyice yoğurun. Köfteleri kızgın yağ içinde kızartıp, bir tabak üzerine alın. Domates sosu için; 2 adet büyük boy domatesi rendeleyin. Orta boy bir tava içine rendelenmiş domatesi, 1 diş rendelenmiş sarımsak ve 1 yemek kaşığı tereyağı koyun. Sosu ara ara karıştırarak, 5 dakika pişirin. Haşladığınız karnabaharları orta boy geniş bir fırın kabı içine yerleştirin. Üzerine domates soslu köfteleri ekleyin. Beşamel sosu hazırlayın. Küçük derin bir tencere içine 1 yemek kaşığı tereyağı koyup, eritin. Eriyen yağın içine 1 yemek kaşığı dolusu un ekleyip, unun kokusu çıkana kadar yaklaşık 1 dakika kavurun. Fırın kabındaki yemeğin üzerine beşamel sosu gezdirerek, dökün. Üzerine bolca rendelenmiş kaşar peynir serpiştirin. Önceden ısıtılmış 180 derece fırına verin."
Fırında Pırasa,ana yemek,pırasa yumurta mısır unu süt sıvıyağ kabartma tozu tuz,"3 sap pırasayı temizleyip, yıkayın. Yuvarlak şekilde ince ince doğrayın. Doğradığınız pırasaları hafif tuzlu suda yumuşayana kadar haşlayın. Haşladığınız pırasaların suyunu süzüp, soğumaya bırakın. 2 adet yumurta kırıp, iyice çırpın. Çırptığınız yumurtaların üzerine 1 çay bardağı süt ve 1 çay bardağı sıvıyağ dökün. 2 çay bardağı mısır unu, 1 paket kabartma tozu ve 1 tatlı kaşığı kadar tuz ekleyin. Tüm malzemeleri tekrar iyice çırpın. Hazırladığınız karışımın içine soğuyan pırasaları koyun. Kaşık yardımı ile güzelce karıştırın. Küçük yuvarlak borcamın içini yağlayıp, biraz mısır unu serpiştirin. Pırasalı karışımı borcamın içine döküp, yayın. Önceden ısıtılmış 180 derece fırına verin. Üzeri kızarana kadar yaklaşık 20 dakika pişirin. Fırında pırasa piştikten sonra 5 dakika kadar ılımaya bırakın. Daha sonra dilimleyerek, servis edebilirsiniz."
Fırında Tavuk Baget,ana yemek,tavuk baget patates havuç soğan su domates salçası zeytinyağı yoğurt sarımsak karabiber köri kimyon kekik acı kırmızı toz biber tuz,"Tavuk bagetlerini yıkayıp temizleyin. Tavuk bagetlerin üstüne bıçak yardımı ile çizikler atın. Geniş bir kap içine domates salçası, zeytinyağı, yoğurt, sarımsak, karabiber, köri, kimyon, kekik, acı kırmızı toz biber ve tuz ekleyip karıştırın. Soğanı ay şeklinde ince ince doğrayın ve sosla karıştırın. Tavuk bagetlerini sosun içine koyun ve eliniz ile harmanlayın. Tavuk bagetlerini 40-45 dakika marine edin. Fırın kabına tavuk bagetlerini dizin. Patates ve havuçları dilimleyin ve sosla harmanlayın. Fırın kabına patates ve havuçları yerleştirin. Yağlı kağıdı musluk altında ıslatıp, suyunu sıkın ve fırın kabının üzerini kapatın. Fırın kabını önceden ısıtılmış 190 derece fırına verin ve 45 dakika pişirin. Fırından çıkartıp, üzerindeki yağlı kağıdı alın ve tekrar fırına verip 10-15 dakika daha pişirin."
Fırında Tavuk Şiş,ana yemek,tavuk göğsü yoğurt zeytinyağı domates salçası Çeri domates Kırmızı biber Yeşil biber Kekik Kimyon Kırmızı pul biber Tuz,"Tavuk göğsünü kuşbaşından biraz büyük olacak şekilde doğrayın. Orta boy derin bir kap içine 2 yemek kaşığı yoğurt, yarım çay bardağı zeytinyağı, 1 yemek kaşığı domates salçası, damak tadınıza göre tuz, kekik, kırmızı pul biber ve kimyon ekleyin. İsteğe göre sarımsak da rendeleyebilirsiniz. Sosu tel çırpıcı yardımı ile iyice karıştırın. Hazırladığınız sosun üzerine doğradığınız tavuk etlerini koyun. Tavuk etlerini sosu ile beraber güzelce harmanlayın. Hazırladığınız soslu tavuk etlerinin üzerini kapatıp, buzdolabında en az 2 saat kadar dinlenmeye bırakın. Daha sonra dinlenen tavuk etlerini buzdolabından çıkartın. Kullanacağınız kadar kırmızı biber ve yeşil biberin çekirdek kısmını temizleyip, tavuk etlerinin büyüklüğünde kesin. Diğer tarafta tavuk etlerin çöp şişlerden kolay bir şekilde ayrılması için çöp şişleri güzelce ıslatın. Ardından şişlere sırayla tavuk, kırmızı ve yeşil biber olacak şekilde dizin. Hazırladığınız tavuk çöp şişleri yağlı kağıt serili fırın tepsisi içine dizin. Çöp şişlerin üzerine yağlı kağıt serip, kenar kısımlarını güzelce kapatın. Bu şekilde tavuklar kendi buharında lezzetli bir şekilde pişecektir. Önceden ısıtılmış 200 derece fırına verin. Yaklaşık 30 dakika kadar pişirin. Fırında tavuk şişler piştikten sonra üzerindeki yağlı kağıdı alıp, boş olan kısımlara çeri domatesleri yerleştirin. Tavuk çöp şişleri tekrardan fırına verip, üzerleri kızarana kadar pişirin. Fırında tavuk şişler piştikten sonra sıcak olarak servis edebilirsiniz."
İç Pilavlı Tavuk Dolması,ana yemek,tavuk pilavlık pirinç soğan tereyağı dolmalık çam fıstığı kuş üzümü limon tuz karabiber yoğurt domates salçası,"Orta boy bir tencere içine 1 yemek kaşığı tereyağı koyup, eritin. Üzerine 1 adet orta boy ince ince doğranmış soğanı ekleyip, 1 dakika kavurun. Ardından 2 yemek kaşığı dolmalık çam fıstıklarını koyup, hafif pembeleşene kadar kavurun. Daha sonra pirinci ve 3 yemek kaşığı kuş üzümünü ekleyin. Pirinçli harcı 1-2 dakika kadar daha kavurun. Hazırladığınız iç pilavın üzerine tuz, karabiber ve 1/2 su bardağı kadar su ekleyin. 1-2 kere karıştırıp, tencerenin kapağını kapatın. Suyunu çekene kadar orta kıvamda pişirin. Pilav piştikten sonra ocaktan alıp, ılımaya bırakın. Daha sonra hazırladığınız iç pilavı tavuğun iç kısmına doldurun. Tavuğun içi fazla bastırmadan pilavla doldurun. Doldurduktan sonra tavuğun açık olan kısmını bir iğne iplik yardımı ile dikin. İsteğe bağlı olarak iple dikmek yerine tavuğun ayaklarını derisinden geçirip, sıkıştırabilirsiniz. Hazırladığınız iç pilavlı tavuğu derin bir tencere içine koyun. Üzerine hafifçe çıkacak kadar su ekleyin. Tavuk pişerken kokusunu alması için suyuna bir dilim limon parçası koyun. Tuz da ekleyip, tavuk domasını iyice pişirin. Belli bir süre sonra tavuğu yavaşça alt üst edip, diğer tarafınında pişmesini sağlayın. Pişen iç pilavlı tavuk dolmasını yavaşça alıp, bir fırın kabı içine koyun. Önceden ısıtılmış 180-190 derecelik fırına verin. Tavuk dolmasının üzeri kızarana kadar pişirin. İç pilavlı tavuk dolması piştikten sonra fırından çıkartıp, ip kısmını alın. Tavuğu bıçak yardımı ile dilimlere ayırıp, iç pilav ile servis edebilirsiniz."
Kabak Kebabı,ana yemek,kabak domates sivri biber kıyma soğan sarımsak maydanoz galeta unu tuz karabiber kırmızı pul biber domates salçası ılık su zeytinyağı,"Kıyma, rendelenmiş soğan, rendelenmiş sarımsak, maydanoz, galeta unu, tuz, karabiber ve kırmızı pul biber karıştırılır. Kabaklar soyulur ve halkalar halinde kesilir. Köfte harcından parçalar alınır ve yuvarlak şekli verilir. Kabak ve köfte dizmesi hazırlanır. Domates ve sivri biberler kesilir ve dizmeye eklenir. Zeytinyağı ve domates salçası sosu hazırlanır. Sos dizmenin üzerine dökülür ve fırına verilir. Kabak kebabı 40-45 dakika pişirilir."
Katıklı Dolma,ana yemek,kabak ince köftelik bulgur kıyma kuru soğan biber salçası kuru reyhan zeytinyağı sıcak su tuz kimyon karabiber kırmızı pul biber yoğurt sarımsak tere yağı domates salçası,"Kabakları yıkayın, tıraşlayın ve 2 parmak kalınlığında dilimleyin. Dilimlediğiniz kabakların iç kısımlarını oyacak ile oyup, çıkartın. Köfte harcını hazırlayın: kıyma, soğan, bulgur, biber salçası, kuru reyhan, tuz, karabiber, kimyon ve kırmızı pul biberi yoğurun. Kabakların içlerini hazırladığınız bulgurlu kıyma ile doldurun. Dolmaları tencereye diklemine dizin, üzerlerine tuz serpiştirin ve zeytinyağı gezdirin. Tencerenin tabanına sıcak su dökün ve dolmaların dağılmaması için üzerine küçük bir tabak kapatın. Dolmaları kaynamaya bırakın, 35-40 dakika kadar pişirin. Diğer tarafta yoğurt, tuz ve sarımsak ile sosu hazırlayın. Salçalı sosu için tereyağı, zeytinyağı, domates salçası ve kırmızı pul biberi kavurun. Dolmayı servis tabağına dizin, üzerine yoğurt ve salçalı sosu gezdirin."
Kavurma,ana yemek,yağlı kuşbaşı dana eti soğan sarımsak taze biberiye taze kekik defne yaprağı kimyon kırmızı toz biber tuz,"Geniş bir tencereyi ocak üzerine alıp, iyice ısıtın. İyice ısınan tencerenin içine 2 kilo yağlı kuşbaşı dana etini koyun. Etlerin rengi değişip, suyunu salana kadar ara ara karıştırarak, kavurun. Diğer tarafta 3 adet orta boy soğanın kabuğunu soyun. Her birini 4 eşit parçaya bölün. 2 baş sarımsağı da ayıklayıp, bütün olacak şekilde bırakın. Etler suyunu saldıktan sonra üzerine doğranmış soğan ve sarımsakları yerleştirin. Damak tadınıza göre kimyon, kırmızı toz biber ve tuz ekleyip, güzelce karıştırın. Son olarak etlerin üzerine 2 dal taze biberiye, 2 dal taze kekik ve 3 adet defne yaprağı koyun. Ardından tencerenin kapağını kapatın. Etleri kısık ateş üzerinde ara ara kontrol ederek 2 saat kadar pişirin."
Köfteli Şehzade Kebabı,ana yemek,patlıcan soğan sarımsak sivri biber biber salçası domates sıvı yağ kıyma yumurta galeta unu kimyon karabiber kekik tuz,Köfte harcını hazırlayın. Köfte harcından parçalar alın ve yuvarlayın. Patlıcanları soyun ve küp küp doğrayın. Patlıcanları kızartın. Köfteleri kızartın. Soğan ve sarımsakları kavurun. Biberleri kavurun. Domatesleri ekleyin ve pişirin. Sosu hazırlayın. Köfteleri sosla karıştırın. Patlıcanları ve köfteleri fırın kabına dizin. Yemeği fırında pişirin.
Lokanta Usulü Taze Fasulye,ana yemek,taze fasulye kuşbaşı et soğan sarımsak domates domates salçası zeytinyağı sıcak su tuz,"Taze fasulyenin uç kısımlarını kesip, varsa kılçıklarını ayıklayın. Fasulyeleri bolca su içinde yıkayıp, suyunu süzün. Fasulyeleri büyüklüklerine göre 2-3 parçaya kesin. Soğan, domates ve sarımsağın kabuğunu soyup, ince ince doğrayın. Küçük bir tencere içine zeytinyağı döküp, iyice ısıtın. Isınan yağın üzerine kuşbaşı doğranmış et koyun. Etin rengi değişene kadar sürekli karıştırarak, kavurun. Etin üzerini geçecek kadar sıcak su dökün. Etler hafifçe suyunu çekip, yumuşayana kadar pişirin. Geniş bir tencere içine zeytinyağı döküp, ısıtın. Yağın üzerine doğranmış soğanı ekleyip, 2 dakika sürekli karıştırarak, kavurun. Kavrulan soğanın üzerine domates salçası ve doğranmış sarımsakları ekleyin. Salçanın kokusu çıkana kadar sürekli karıştırarak, kavurun. Ardından tencereye pişirdiğiniz etleri koyup, 2 dakika kadar daha kavurmaya devam edin. Doğranmış domatesi ekleyip, güzelce karıştırın. Taze fasulyeleri ekleyin. Fasulyeleri diğer malzemeler ile birlikte 3-4 dakika daha sürekli karıştırarak kavurun. Son olarak tencereye taze fasulyelerin üzerini hafifçe geçecek kadar sıcak su ve damak tadınıza göre tuz koyup, karıştırın. Kaynamaya bırakın. Yemeğiniz kaynadıktan sonra kısık ateş üzerinde fasulyeler yumuşayana kadar pişirin."
Mercan Kebabı,ana yemek,tavuk kıyması çekilmiş kuyruk yağı galeta unu kapya biber kuru soğan tuz karabiber kekik kimyon kırmızı toz biber sıvı yağ,"1 adet orta boy kapya biber ve 1 adet kuru soğanı orta büyüklükte kesip, rondo içine koyun. Soğan ve biberi rondodan iyice geçirin. Daha sonra derin bir kap içine yarım kilo tavuk kıymasını koyun. Üzerine rondodan çektiğiniz biber ve soğanı ekleyin. 100 gr çekilmiş kuyruk yağı, 3 yemek kaşığı galeta unu, damak tadınıza göre tuz, kimyon, karabiber, kekik ve kırmızı toz biber ekleyin. Eliniz ile iyice yoğurun. Tavuk köfte kıvamı yumuşak olduysa biraz daha galeta unu ilave edilebilirsiniz. Kuyruk yağı olmadan da mercan kebabını yapabilirsiniz. Diğer tarafta geniş bir tencere içine sıvı yağ koyup, ısıtın. Tavuklu karışımdan ceviz büyüklüğünde parçalar alıp, elinizde oval şekli verin. Isınan yağ içine köfteleri dizin. Mercan kebabını arkalı önlü pişirin. Mercan kebabı piştikten sonra servis tabağına alın."
Patates Püresinde Tavuk Sote,ana yemek,kemiksiz tavuk pirzola orta boy soğan kırmızı kapya biber yeşil biber domates salçası zeytinyağı su köri kekik kimyon karabiber kırmızı toz biber tuz patates tereyağı rendelenmiş kaşar peynir rendelenmiş kaşar peynir (üzeri için),"Patatesleri soyup, yıkayın. Patatesleri küpler halinde doğrayıp, derin bir tencere içine koyun. Üzerlerini geçecek kadar sıcak su döküp, kaynamaya bırakın. Kaynadıktan sonra orta kısık ateş üzerinde patatesler yumuşayana kadar haşlayın. Haşlanan patateslerin suyunu süzüp, derin bir kap içine koyun. Patatesleri henüz sıcak iken püre ezicisi yardımı ile iyice ezin. Üzerine tereyağı, tuz, karabiber ve rendelenmiş kaşar peynir koyun. Tekrardan patatesli harcı pürüzsüz bir kıvam alana kadar iyice ezip, kenarda ılımaya bırakın. Kemiksiz tavuk pirzolayı küçük kuşbaşı şeklinde doğrayın. Soğanı, yeşil biberi ve kırmızı kapya biberi doğrayın. Orta boy geniş bir tencere içine zeytinyağı döküp, ısıtın. Isınan yağın üzerine doğradığınız tavuk etlerini ekleyin. Tavuk etleri suyunu salıp, hafifçe çekene kadar sürekli karıştırarak, kavurun. Ardından kavrulan tavuk etlerinin üzerine doğranmış soğan ve biberleri koyun. Tavuk etlerini soğan ve biberler ile birlikte 3-4 dakika ara ara karıştırarak, kavurun. Daha sonra tencereye domates salçası, köri, kırmızı toz biber, kekik, karabiber, kimyon ve tuz koyun. Tavuk etlerini salça ve baharatlar ile birlikte kısa bir süre daha kavurmaya devam edin. Son olarak hazırladığınız tavuk sotenin üzerine sıcak su döküp, karıştırın. Tencerenin kapağını kapatıp, bu şekilde 3 dakika daha pişirin ve ocak üzerinden alın. Hazırladığınız patates püresini 8 eşit parçaya ayırın. Bu parçaları elinizde düzgün bir şekil verene kadar yuvarlayın. Yuvarladığınız patatesleri yağlı kağıt serili fırın tepsisi içine hafif aralıklı olacak şekilde yerleştirin. Patates toplarının üzerlerine bardağın tabanı ile bastırarak, çukurlaştırın. Patates çukurlarına hazırladığınız tavuk soteyi eşit bir şekilde paylaştırın. Üzerlerine rendelenmiş kaşar peynir serpiştirin. Önceden ısıtılmış üst ızgara ayarında 200 derece fırına verin. Üzerleri hafifçe kızarana kadar pişirin."
Sebzeli Fırın Tava,ana yemek,kıyma patlıcan patates sivri biber kırmızı kapya biber soğan domates domates salçası zeytinyağı ılık su tuz karabiber,"Patlıcan, patates ve soğanın kabuğunu soyun. Patlıcan ve patatesi küpler halinde kesin. Soğanı ince ince doğrayın. Sivri biber ve kırmızı kapya biberin çekirdek kısmını temizleyip, küpler halinde kesin. Domatesi küçük küpler halinde kesin. Sebzeleri küçük yuvarlak borcam fırın kabının içine koyun. Sebzelerin üzerine kıyma, domates salçası, zeytinyağı, tuz ve karabiber ekleyin. Tüm malzemeyi harmanlayın. Sebzelerin üzerine hafifçe bastırıp, yayın. İlık suyu gezdirerek dökün. Önceden ısıtılmış 200 derece fırına verin. 40-45 dakika kadar pişirin."
Seftali Kebabı,ana yemek,kuzu gömleği kıyma soğan maydanoz tuz karabiber kimyon,"Bir kaba 500 gr kıyma koyun. Tercihen az yağlı dana ve kuzu karışık kıyma kullanın. Üzerine ince ince doğranmış 1 adet soğan ve 3 tutam maydanoz ekleyin. Ardından tuz ve baharatları da ilave edip, köfte harcını iyice yoğurun. Yoğurduğunuz köfte harcının üzerini kapatıp, buzdolabında 30 dakika kadar dinlendirin. Diğer taraftan 1 adet kuzu gömleğini en az 15 dk ılık suda kokusu çıkana kadar yıkayın. Ilık sudan geçirdiğiniz kuzu gömleği (banna) yumuşayacak ve daha kolay açılacaktır. Hazırladığınız köfte harcını buzdolabından çıkartın. Biraz irice parçalar alıp, elinizde oval şeklini verin. Kuzu  gömleğini, oval şekil verdiğiniz köfteleri tamamen saracak genişlikte şeritler halinde kesin. Fazla geniş kesmeyin, köfteleri sadece bir kez sarması yeterlidir. Köfteleri kuzu gömleğin en ucuna koyup, elinizle dikkatli bir şekilde yuvarlayıp, köftenin yüzeyini kuzu gömleği ile güzelce sarın. Kuzu gömleğinin fazla gelen kısımlarını kesin ve ayırın. Hazırladığınız şeftali kebabını fırın kabı içine güzelce dizin. Önceden ısıtılmış 180 dereceli fırına verin. Üzeri nar gibi kızarana kadar yaklaşık 30-35 dk kadar pişirin."
Soslu Tavuk Kızartması,ana yemek,tavuk göğsü un nişasta kabartma tozu süt zeytinyağı kırmızı toz biber köri tuz karabiber,Tavuk göğsünü ince dilimlere ayırın. Tavuk dilimlerine tuz ve karabiber serpiştirin. Sos malzemelerini bir kaseye koyun ve karıştırın. Tavuk dilimlerini una bulayın. Tavuk dilimlerini sosa bulayın. Tavuk dilimlerini kızgın yağa koyun ve pişirin. Tavuk dilimlerini servis tabağına alın ve sıcak olarak servis edin.
Sulu Et Kavurma,ana yemek,kuşbaşı dana eti soğan sarımsak zeytinyağı tere yağı sıcak su tuz,Tencereyi ocak üzerine alın ve yüksek ateş üzerinde ısıtın. Tencereye kuşbaşı dana etini koyun ve suyunu salana kadar kavurun. Soğanı ve sarımsağı doğrayıp etlerin üzerine ekleyin. Zeytinyağı dökün ve eti diğer malzemeler ile birlikte karıştırın. Sıcak su dökün ve kaynamaya bırakın. Kaynadıktan sonra ocağın altını kısın ve 45-50 dakika pişirin. Tuz ekleyin ve karıştırın. Tereyağını küçük küçük parçalayarak koyun ve 5-10 dakika daha pişirin. 10-15 dakika dinlenmeye bırakın ve servis edin.
Tavada Tavuk Pirzola,ana yemek,tavuk pirzola yoğurt zeytinyağı domates salçası sarımsak kırmızı pul biber karabiber kekik kimyon tuz,"Tavuk pirzolalarının rahatlıkla sığacağı bir kap içine 1 buçuk yemek kaşığı yoğurt koyun. 1 tatlı kaşığı domates salçası, 2 yemek kaşığı zeytinyağı, 1 diş rendelenmiş sarımsak, yarım çay kaşığı kırmızı pul biber, yarım çay kaşığı karabiber, 1 çay kaşığı kekik, biraz kimyon ve damak tadınıza göre tuz ekleyin. Tüm sos malzemelerini kaşık yardımı ile iyice karıştırın. Daha sonra 4 adet tavuk pirzolayı hazırladığınız sosun üzerine alın. Tavuk etlerini sos ile beraber güzelce harmanlayın. Ardından kabın üzerini streç film ile kapatıp, bu şekilde tavuk etlerini 1-2 saat buzdolabında dinlenmeye bırakın. Dinlenen tavuk etlerini buzdolabından çıkartıp, geniş bir tava içine deri kısımları alta gelecek şekilde dizin. Tavayı ocak üzerine alıp, kapağını kapatın. Önce yüksek ateş üzerinde tavuk etleri suyunu salana kadar pişirin. Daha sonra kısık ateş üzerinde biraz suyunu çekip, altı güzelce kızarana kadar 40 dakika kontrollü bir şekilde pişirin. Süre sonunda pişen tavuk pirzolalarını maşa yardımı ile ters çevirip, diğer yüzünün de hafifçe kızarmasını sağlayın. Hazırladığınız mangal tadında tavuk pirzolaları servis tabağına alıp, sıcak olarak servis edebilirsiniz."
Tavuk Kalamar,ana yemek,tavuk göğsü karabiber tuz kekik köri sarımsak tozu kırmızı pul biber yumurta soda tuz un karbonat,"Tavuk göğsünü parmak uzunluğunda doğrayın. Baharatları karıştırın ve tavuk etlerini baharatların üzerine koyun. Üzerini streç film ile örtüp, buzdolabında dinlenmeye bırakın. Sos için yumurta, soda, tuz, un ve karbonat karıştırın. Sosu dinlenen tavuk etlerinin üzerine dökün ve karıştırın. Kızgın yağ içinde arkalı önlü kızartın. Yağlarının süzülmesini sağlayın."
Tavuk Kroket,atıştırmalık,tavuk göğsü soğan sarımsak ekmek içi yumurta kırmızı toz biber kekik karabiber tuz yumurta galeta unu un karabiber,"Tavuk göğüs etini küçük parçalara bölüp, bir tencerenin içine koyun. Üzerlerini geçecek kadar su döküp, yumuşayana kadar haşlayın. Haşlanmış tavuk etlerini mutfak robotu içine koyun. Mutfak robotundan iyice geçirerek, tamamen parçalanmasını sağlayın. Soğan ve sarımsağı 3-4 parçaya bölüp, mutfak robotu içine koyun. Ardından 2 dilim bayat ekmek içini de küçük küçük parçalara bölüp, mutfak robotu içine ekleyin. Tüm malzemeleri mutfak robotundan iyice geçirerek, parçalanmasını sağlayın. Malzemeleri eliniz ile iyice yoğurun. Ceviz büyüklüğünde parçalar alın. Elinizde yada tezgahın üzerinde orta kalınlıkta olacak şekilde silindir şeklini verin. Kroketleri bulamak için bir kase içine 2 adet yumurta kırıp, iyice çırpın. Başka bir kase içine de yarım su bardağı galeta unu, 2 yemek kaşığı dolusu un ve yarım çay kaşığı karabiber koyup, güzelce karıştırın. Tavuk kroketleri önce arkalı önlü ve kenar kısımlarını yumurtaya bulayın. Yumurtaya buladıktan sonra arkalı önlü galeta unlu karışıma bulayın. Tavuk kroketleri hazırladıktan sonra yağlı kağıt serili bir tabak üzerine alıp, buzdolabında 20-25 dakika kadar dinlenmeye bırakın. Son olarak derin bir tava içine kroketlerin üzerine gelecek kadar sıvı yağ döküp, iyice ısıtın. Hazırladığınız ev yapımı tavuk kroketleri kızgın yağ içinde güzelce kızartın."
Tavuklu Parmak Kebabı,ana yemek,kuşbaşı doğranmış tavuk göğsü orta boy patates küçük boy patlıcan yeşil biber orta boy domates soğan sarıkmsak domates salçası su tuz karabiber,"Orta boy geniş bir tencere içine 1 adet ince ince doğranmış soğan ve 2 diş ince ince doğranmış sarımsağı koyun. Üzerine 4-5 yemek kaşığı zeytinyağı ekleyip, 1 dakika kavurun. Ardından 750 gr kuşbaşı doğranmış tavuk etini tencere içine koyun. Suyunu salıp, hafifçe çekene kadar ara ara karıştırarak, tavuk etini pişirin. Pişen tavuk etlerinin üzerine 1 adet orta boy küçük küçük doğranmış domates ve 1 adet küçük küçük doğranmış yeşil biber ekleyin. Domates ve biberler yumuşayana kadar pişirin. Diğer tarafta 3 adet küçük boy patlıcanı alacalı olarak soyup, parmak uzunluğunda doğrayın. 3 adet orta boy patatesinde kabuğunu soyup, elma dilimi şeklinde doğrayın. Doğradığınız patatesleri kızgın yağ içinde kızartın. Ardından da patlıcanları kızartın. Daha sonra büyük yuvarlak borcam fırın kabının kenar kısmına kızaran patatesleri dizin. Patateslerin üzerlerine de patlıcanları dizin. Orta kısma hazırladığınız tavuk harcını koyup, hafifçe yayın. Tavuklu parmak kebabının üzerini domates ve biber dilimleri ile süsleyin. Son olarak küçük bir kap içinde 1 yemek kaşığı domates salçasını 1 buçuk su bardağı su ile açın. Salçalı su içine biraz tuz ekleyip, karıştırın. Salçalı sosu tavuklu parmak kebabı üzerine gezdirerek, dökün. Kebabın üzerini ıslatılmış yağlı kağıt ile örtün. Önceden ısıtılmış 190 derece fırına verin. Hafifçe suyunu çekene kadar yaklaşık 20 dakika pişirin."
Tavuklu Sultan Kebabı,ana yemek,yufka kuşbaşı tavuk eti haşlanmış bezelye patlıcan biber salçası soğan tereyağı zeytinyağı tuz karabiber un süt kaşar peynir,"Patlıcanın kabuğunu soyun ve küpler halinde kesin. Soğanı ince ince doğrayın. Tavuk etini ekleyip, ara ara karıştırarak pişirin. Biber salçası, bezelye, patlıcan, tuz ve karabiber ekleyin. Yufkayı 4 eşit parçaya kesin ve tavuk etli karışımdan koyun. Beşamel sos hazırlayın ve tavuklu sultan kebabının üzerine dökün. Kaşar peynir serpiştirin ve 180 derece fırında 15 dakika pişirin."
Tavuklu Tepsi Kebabı,ana yemek,tavuk pirzola patates patlıcan kırmızı kapya biber yeşil biber domates soğan sarımsak domates salçası su tuz karabiber kekik kırmızı toz biber kimyon,"Patates ve patlıcanların kabuklarını soyup, iri olacak şekilde doğrayın. Kırmızı kapya biber ve yeşil biberlerin çekirdek kısımlarını temizleyip, orta büyüklükte doğrayın. Soğanı ay şeklinde ince ince doğrayın. Sarımsakları ince ince doğrayın. Tavuk pirzolayı jülyen jülyen doğrayın. Patatesleri kızgın yağ içinde hafifçe kızartın. Patlıcanları kızgın yağ içinde hafifçe kızartın. Tavuk etlerini, kızarttığınız patlıcanları, patatesleri, doğradığınız biberleri, soğanları ve sarımsakları fırın kabına koyun. Domatesleri orta büyüklükte kesip, malzemelerin üzerine ekleyin. Tuz, kekik, kimyon, kırmızı toz biber ve karabiber serpiştirin. Malzemeleri eliniz ile güzelce harmanlayıp, tepsi içine yayın. Domates salçası ve su ile hazırladığınız sosu yemeğin üzerine dökün. Üzerini yağlı kağıt ile örtün. 200 derece fırında 50-55 dakika pişirin. Üzerindeki yağlı kağıdı alın. Tekrardan fırına verip, üzeri hafifçe kızarana kadar pişirin."
Acem Köftesi,ana yemek,patates kuru soğan domates salçası biber salçası tereyağı haşlanmış nohut kuru reyhan zeytinyağı sıcak su tuz köftesi için,"Derin bir kap içine yarım kilo kıyma koyun. Üzerine 1 adet orta boy soğan rendeleyin. Köftelerin birbirine yapışıp, dağılmaması için 1 çay kaşığı karbonatın içine 1 küçük dilim limon sıkıp, karıştırın. Ardından köftenin üzerine dökün. Daha sonra kaba 1 adet yumurta kırın. Yarım çay bardağı yıkanmış pirinç, yarım çay bardağı ince bulgur, yarım çay bardağı galeta unu, damak tadınıza göre tuz, karabiber, kimyon, kırmızı pul biber ve isteğe bağlı olarak 1 yemek kaşığı kuru reyhan ekleyin. Hazırladığınız köfte harcını arada bir elinizi hafifçe ıslatarak 10 dakika boyunca iyice yoğurun. Yoğurduğunuz köfte harcından cevizden biraz büyük parçalar alın. Elinizde yuvarlayıp, bir tepsi içerisine dizin. Ardından köfteleri buzdolabında 20 dakika kadar dinlenmeye bırakın. Diğer tarafta 1 kilo patatesin kabuğunu soyup, köftelerin büyüklüğünde doğrayın. Geniş derin bir tencere içine 1 adet ince ince doğranmış soğan koyun. Üzerine yarım küçük çay bardağı zeytinyağı döküp, sürekli karıştırarak, 2 dakika kavurun. Kavrulan soğanın üzerine 1 yemek kaşığı domates salçası ve 1 yemek kaşığı biber salçası ekleyip, hafifçe kokusu çıkana kadar kavurun. Ardından kavrulan salçanın üzerine 1 yemek kaşığı tereyağı ekleyip, biraz daha kavurun. Daha sonra tencereye 1 buçuk litre sıcak su döküp, iyice karıştırın. Ardından kaynamaya bırakın. Kaynayan suyun içine hazırladığınız köfteleri ekleyip, karıştırın. Tencerenin kapağını hafifçe kapatıp, köftelerin 5 dakika pişmesini sağlayın. Daha sonra tencereye doğranmış patatesleri, 1 su bardağı haşlanmış nohut, damak tadınıza göre tuz ve isteğe bağlı olarak 1 yemek kaşığı kuru reyhan ekleyip, 2-3 kere karıştırın. Köfte ve patatesler yumuşayana kadar pişirin. Acem köftesi piştikten sonra ocak üzerinden alıp, 5 dakika kadar dinlenmeye bırakın. Daha sonra sıcak olarak servis edebilirsiniz."
Bamya Yemeği,ana yemek,taze bamya domates kuru soğan biber salçası sarımsak yeşil biber limon suyu zeytinyağı sıcak su tuz karabiber kırmızı pul biber,"Bamyaların sap kısmında kalın tüyleri varsa temizleyin. Bamyaları bol su içinde yıkayıp, temiz bir bez üzerinde iyice kurumalarını sağlayın. Bamyaların sap kısımlarını bıçak ile sağdan sola doğru döndürerek, kesin ve tepe kısmını huni şeklinde çıkartın. Soğan, domates ve sarımsakları soyup, ince ince doğrayın. Yeşil biberlerin çekirdek kısımlarını temizleyip, küçük küçük doğrayın. Geniş bir tencere içine zeytinyağı döküp, ısıtın. Doğranmış soğanı ekleyip, 2-3 dakika sürekli karıştırarak kavurun. Kavrulan soğanın üzerine doğranmış sarımsak ve biberleri koyup, 1 dakika kadar daha kavurun. Tencereye doğranmış domatesleri ve biber salçası ekleyin. Salça ve domatesi diğer malzemeler ile birlikte 2 dakika daha kavurmaya devam edin. Tencereye taze bamyaları koyun. Bamyaların üzerine tuz, karabiber, kırmızı pul biber ve limon suyu ekleyin. Tencereye sıcak su döküp, 2-3 kere karıştırın. Tencerenin kapağını kapatıp, kaynamaya bırakın. Kaynadıktan sonra kısık ateş üzerinde bamyalar yumuşayana kadar yaklaşık 35 dakika pişirin. Bamyaların salyalanmaması için pişme süresince yemeği çok karıştırmamaya özen gösterin. Pişme süresince tencereyi sallayabilirsiniz. Bamya yemeği piştikten sonra ocak üzerinden alıp, kenarda 10 dakika dinlenmeye bırakın. Daha sonra yemeğinizi servis edebilirsiniz."
Biber Dolması,ana yemek,dolmalık biber domates kıyma soğan sarımsak pirinç domates salçası maydanoz zeytinyağı tuz kuru nane kimyon karabiber biber salçası su,"Biberleri yıkayın, saplarını çıkartıp, çekirdeklerini temizleyin. Dolma iç harcı için; kıyma, pirinç, soğan, sarımsak, domates salçası, maydanoz, kimyon, karabiber, kuru nane ve tuz karıştırın. Biberleri iç harç ile doldurup, tencereye dik olarak dizin. Domatesi küçük küçük kesip, biber dolmasının üzerine kapatın. Sos için; biber salçası, zeytinyağı ve su karıştırın. Biber dolmasının üzerine sosu gezdirerek dökün. 30 dakika pişirin."
Cafe De Paris Soslu Tavuk,ana yemek,tavuk göğsü zeytinyağı sirke sarımsak kekik karabiber kimyon tereyağı sıvı krema hardal zerdeçal köri rokfor peyniri dereotu tuz,"Tavuk etlerini kuşbaşı büyüklüğünde doğrayın. Tavuk etlerini bir kap içine koyun ve diğer malzemeler ile karıştırın. Tavuk etlerini buzdolabında en az 2 saat marine edin. Sosu için tereyağını eritin ve sarımsağı kavurun. Sosun içine sıvı krema, hardal, zerdeçal ve köri ekleyin ve karıştırın. Rokfor peynirini ekleyin ve peynirler eriyene kadar karıştırın. Sosu 2-3 kere karıştırıp, ocak üzerinden alın. Hazırladığınız cafe de paris sosunu pişen tavuk etlerinin üzerine dökün. Tavuk etlerini sosla beraber 2 dakika daha pişirin."
Ciğer Sote,ana yemek,dana ciğeri soğan kırmızı kapya biber yeşil biber zeytinyağı kimyon kırmızı toz biber karabiber tuz,"Ciğerin zarını soyup, kuşbaşı büyüklüğünde doğrayın. Soğan, yeşil biber ve kırmızı kapya biberi doğrayın. Tencereye zeytinyağı döküp, ısıtın. Soğanı ekleyip, yumuşayana kadar kavurun. Ciğeri ekleyip, rengi değişip, suyunu salana kadar kavurun. Tencerenin kapağını kapatın ve ciğerler yumuşayıncaya kadar pişirin. Biberleri, kimyon, kırmızı toz biber, karabiber ve tuz ekleyin. Ciğer soteyi karıştırıp, 10 dakika daha pişirin."
Etli Nohut,ana yemek,kuşbaşı doğranmış et haşlanmış nohut tereyağı soğan domates salçası sıcak su tuz karabiber,"Etli nohut yemeği için; orta boy derin bir tencereyi ocağa koyup, kızdırın. Üzerine 250 gr kuşbaşı doğranmış eti koyun. Etler suyunu salıp, hafifçe çekene kadar pişirin. Ardından kuşbaşı etlerin üzerini geçecek kadar su döküp, yumuşayana kadar pişirin. Daha sonra pişen etlerin üzerine 1 yemek kaşığı tereyağ ve  1 adet ince ince doğranmış soğan koyun. Etleri soğan ile beraber 2-3 dk kavurun. Ardından tencereye 1 yemek kaşığı domates salçası ekleyin. Salçanın kokusu çıkana kadar kısa bir süre daha kavurun. Son olarak tencereye 3 su bardağı sıcak su ve 2 su bardağı haşlanmış nohut ekleyin. Damak tadınıza göre tuz ve karabiber de koyup, 1-2 kere karıştırın. Tencerenin kapağını kapatıp, kısık ateş üzerinde 25 dk kadar pişirin."
Etli Taze Börülce Yemeği,ana yemek,taze börülce kuşbaşı et soğan domates sarımsak domates salçası zeytinyağı sıcak su tuz,"Taze börülceleri her iki ucunu kesip, varsa kılçıklarını ayıklayın. Taze börülceleri iyice yıkayıp, suyunu süzün. Taze börülceleri büyüklüklerine göre 2-3 parçaya kesin. Orta boy geniş bir tencere içine 2-3 yemek kaşığı zeytinyağı dökün ve ısıtın. Isınan yağın üzerine 200 gr kuşbaşı doğranmış et koyun ve etin rengi değişene kadar sürekli karıştırarak, kavurun. Etin üzerini geçecek kadar sıcak su dökün ve etler hafifçe suyunu çekip, yumuşayana kadar pişirin. Pişen etlerin üzerine 3-4 yemek kaşığı zeytinyağı dökün. 1 adet orta boy ince ince doğranmış soğan ekleyin ve 2 dakika sürekli karıştırarak, kavurun. Tencereye 1 yemek kaşığı domates salçası ekleyin ve salçanın kokusu çıkana kadar sürekli karıştırarak, kavurun. Tencereye 1 adet orta boy ince ince doğranmış domates ve 2 diş küçük küçük doğranmış sarımsak koyup, 1 dakika daha kavurmaya devam edin. Tencereye taze börülceleri ekleyin ve 2 dakika daha sürekli karıştırarak kavurun. Taze börülcelerin üzerini hafifçe geçecek kadar sıcak su ve damak tadınıza göre tuz koyup, karıştırın. Kaynamaya bırakın ve yemeğiniz kaynadıktan sonra kısık ateş üzerinde börülceler yumuşayana kadar pişirin."
Ev Usulü Fırında Urfa Kebap,ana yemek,koyun ya da kuzu kıyması soğan sarımsak çerliston biber domates kırmızı toz biber karabiber tuz,"Çukur bir kaba 500 gr kıyma koyun. Üzerine 1 adet soğan ve 2 diş sarımsak rendeleyin. Daha sonra 1 tatlı kaşığı kırmızı toz biber, az miktar karabiber ve tuz serpiştirin. Elinizle tüm kebap harcını iyice yoğurun. Yoğurduğunuz kıymalı kebap harcını 30 dk kadar buzdolabında dinlenmeye bırakın. Daha sonra kıymalı urfa kebap harcından yumurtadan biraz büyük parçalar alıp, kalın çöp şişlere eliniz ile hafifçe sıkarak, geçirin. Hazırladığınız ev usulü urfa kebabı büyük fırın tepsisi içine dizin. Yanlarına dilimlenmiş 3 adet çerliston biber ve 2 adet domatesi dilimlenmiş şekilde yerleştirin. Önceden ısıtılmış 190 derece fırına verin. Yaklaşık 20-25 dk pişirin."
Fırında Ballı Tavuk Kanat,ana yemek,tavuk kanat zeytinyağı süzme bal nar ekşisi kırmızı toz biber kırmızı pul biber karabiber kekik sarımsak tozu tuz,"Tavuk kanadını iyice yıkayıp, süzmeye bırakın. Tavuk kanatlarının üzerine bıçak ile 2-3 çizik atıp, hafif çukur bir kap içine alın. Tavuk kanatlarının üzerine 1 yemek kaşığı kırmızı toz biber, 1 çay kaşığı kırmızı pul biber, 1 çay kaşığı karabiber, 1 çay kaşığı kekik, 1 çay kaşığı sarımsak tozu ve damak tadınıza göre tuz ekleyin. Tavukların üzerine 3 yemek kaşığı zeytinyağı dökün. Tavuk kanatlarını zeytinyağı ve baharatları ile birlikte iyice karıştırın. Tavuk kanatların üzerine 1 yemek kaşığı süzme bal ve yarım yemek kaşığı nar ekşisi koyun. Kabın üzerini streç film ile örtüp, buzdolabında en az 1-2 saat kadar dinlenmeye bırakın. Dinlenen ballı tavuk kanatlarını yağlı kağıt serili fırın kabı içine dizin. Önceden ısıtılmış 190 derece fırına verin. Üzerleri iyice kızarana kadar pişirin."
Fırında İç Pilavlı Bütün Tavuk,ana yemek,bütün tavuk pilavlık pirinç tavuk suyu tereyağı limon tavuk ciğeri tuz karabiber yoğurt domates salçası,"Bütün tavuğu derin bir tencereye koyun. Üzerine çıkacak kadar su ekleyin. Tavuk pişerken kokusunu alması için limon parçası koyun. Tuzunu da ekleyip, tavuğu pişmeye bırakın. Pirinci derin bir kaba koyun. Üzerine çıkacak kadar kaynar su döküp, 20 dakika kadar bekletin. Tavuk ciğerini bir kaba koyup, kanının akması için üzerine kaynar su dökün. 2 dakika kadar beklettikten sonra suyunu süzün. Suyu süzülen ciğerleri bir tava içine koyun. Üzerine zeytinyağı ekleyin. 10 dakika kadar ara ara kavurarak, pişirin. Pişen tavuğu kenara alın. Büyük borcam içine suyu süzülen pirinçleri koyun. Üzerine tuz ve karabiber ekleyin. 1 yemek kaşığı tereyağı ve pişen tavuk ciğerlerini ekleyin. Malzemeleri güzelce karıştırıp, ortayı havuz şeklinde açın. Tencerede pişirdiğiniz bütün tavuğu fırın kabının tam ortasına yerleştirin. Küçük bir kaba yoğurt ve domates salçası koyup, iyice karıştırın. Hazırladığınız salçalı karışımı tavuğun her tarafına sürün. Pirinçlerin üzerine tavuk suyu döküp, karıştırın. Önceden ısıtılmış 180-190 derece fırına verin. Pirinçler suyunu çekip, tavuğun üzeri kızarana kadar pişirin. Fırında iç pilavlı bütün tavuk piştikten sonra iç pilavını 1-2 kere karıştırıp, 15 dakika kadar demlenmeye bırakın."
Fırında Kıymalı Patates Yemeği,ana yemek,patates kıyma soğan yeşil biber domates domates salçası zeytinyağı tuz karabiber,"Geniş bir tava içine 1 adet ince ince doğranmış soğanı koyun. Üzerine 4 yemek kaşığı zeytinyağı ekleyip, 1 dakika kadar kavurun. Ardından 300 gr kıyma ekleyin. Sürekli karıştırarak, 10 dakika kadar kıymayı pişirin. Daha sonra pişen kıymanın üzerine 1 adet ince ince doğranmış domates ve 1 adet küçük küçük doğranmış yeşil biberi koyun. Ara ara karıştırarak, 5 dakika daha pişirin. Ardından yarım yemek kaşığı domates salçası da ekleyin. Salçayı da malzemeler ile birlikte 1 dakika kadar daha kavurun. Son olarak kıymalı harcın üzerine 1 buçuk su bardağı ılık su, damak tadınıza göre tuz ve karabiber ekleyip, karıştırın. Kıymalı harcı 1-2 taşım kaynatıp, ocağın altını kapatın. Diğer tarafta 3 adet orta boy patatesin kabuğunu soyup, yıkayın. Çok kalın ve ince olmayacak şekilde halkalar şeklinde kesin. Patatesleri yuvarlak küçük borcam fırın kabının tabanına güzelce dizin. Patatesleri üst üste de koyabilirsiniz. Patateslerin üzerine hazırladığınız kıymalı harcı eşit bir şekilde dökün. Eğer yemeğin suyu az ise biraz daha ılık su ekleyebilirsiniz. Kabın üzerini alimünyum folyo ile örtüp, önceden ısıtılmış 180 derece fırına verin. Yaklaşık 30 dakika kadar pişirin. Daha sonra alimünyum folyoyu çıkartıp, yemeğin üzerine domates ve biber dilimleri yerleştirin. Yemeği tekrar fırına verin. Yaklaşık 10 dakika kadar daha pişirin."
Fırında Köfteli Patates Yemeği,ana yemek,patates çeri domates yeşil biber kırmızı biber kıyma soğan sarımsak yumurta galeta unu tuz karabiber kekik kimyon domates salçası su zeytinyağı,"500 gr kıyma koyun, üzerine 1 adet yumurta kırın, 1 adet rendelenmiş soğan, 1 diş rendelenmiş sarımsak, 2-3 yemek kaşığı kadar galeta unu, tuz, karabiber, kimyon ve kekik ekleyin. Köfte harcını eliniz ile iyice yoğurun. Hazırladığınız köfte harcından ceviz büyüklüğüne yakın parçalar alıp, elinizde yuvarlayın. Köfteye istediğiniz şekli verebilirsiniz. Daha sonra 4 adet orta boy patatesin kabuğunu soyup, yıkayın. Orta büyüklükte küpler halinde kesin. Kızgın yağ içinde ilk önce patatesleri hafifçe kızartın. Ardından da köfteleri hafifçe kızartın. Kızaran köfte ve patatesleri havlu kağıt serili tabak üzerine alıp, yağlarının süzülmesini sağlayın. Kızarttığınız köfte ve patatesleri rahatça sığabilecek bir fırın kabı içine koyup, yayın. 1 adet kırmızı biberi ve 2 adet yeşil biberin çekirdeklerini temizleyip, küçük küçük doğrayıp, köfte ve patateslerin üzerine koyun. 5 adet çeri domatesi de ikiye bölüp, üzerlerine yerleştirin. Salçalı sos için; bir kaba 1 yemek kaşığı domates salçası, 1 buçuk su bardağı su, 2 yemek kaşığı zeytinyağı ve az miktar tuz ekleyip, iyice karıştırın. Hazırladığınız salçalı sosu yemeğin üzerine gezdirerek, dökün. Önceden ısıtılmış 180 derece fırına verin. Yaklaşık 20 dakika kadar pişirin."
Fırında Patlıcan Kebabı,ana yemek,patlıcan kıyma soğan maydanoz tuz nane kekik kimyon karabiber domates yeşil biber sıvıyağ,"Kıyma, rendelenmiş soğan, tuz, nane, kekik, karabiber, kimyon ve maydanoz karıştırılır. Patlıcanlar soyulur ve halkalar halinde kesilir. Patlıcanlar tuzlu su içinde 15 dakika bekletilir. Patlıcanlar süzülür ve kurutulur. Patlıcanlar kızgın yağda hafifçe kızartılır. Köfte harcı dinlendirilir ve ceviz büyüklüğünde parçalar halinde yuvarlanır. Köfteler kızgın yağda hafifçe kızartılır. Köfteler ve patlıcanlar kağıt havlu üzerinde yağının süzülmesi için bekletilir. Fırın kabına patlıcan, köfte, patlıcan, domates ve biber yerleştirilir. Fırın kabına domates sosu veya salça dökülür. Fırında 20 dakika kadar pişirilir."
Fırında Sebzeli Köfte,ana yemek,patates patlıcan kırmızı kapya biber sivri biber havuç sarımsak kıyma soğan yumurta galeta unu domates salçası biber salçası zeytinyağı su,Köfte harcını hazırlayın. Sebzeleri doğrayın. Köfteleri şekillendirin. Sebzeli köfte karışımını hazırlayın. Sosunu hazırlayın. Fırında pişirin.
Fırında Sebzeli Tavuk Yemeği,ana yemek,tavuk bageti patates havuç soğan bezelye domates salçası zeytinyağı karabiber köri kimyon kekik acı kırmızı toz biber tuz,"Tavuk bagetlerini yıkayıp, temizleyin. Bıçak yardımı ile bagetlerin bir kaç yerinden kesikler atın. Geniş bir kap içine domates salçası koyun. Üzerine zeytinyağı, karabiber, köri, kimyon, kekik, acı kırmızı toz biber ve tuz ekleyin. İyice karıştırın. Soğanı söğüş olarak doğrayın. Eliniz ile güzelce karıştırın. Tavuk bagetleri koyup, eliniz ile iyice harmanlayın. 1 saat kadar marine edin. Patatesleri elma dilimi şeklinde kesin. Havucu halkalar halinde dilimleyin. Dinlenen salça soslu tavuk bagetleri büyük kare borcam içine dizin. Kapta kalan sosun içine doğradığınız patates ve havuçları koyun. Sebzeleri sos ile birlikte güzelce harmanlayın. Fırın kabının boş olan kısımlarına soslu patates ve havuçları yerleştirin. Son olarak fırın kabının içine su dökün. Yağlı kağıt serin. Alimünyum folyo ile kaplayın. Önceden ısıtılmış 190 derece fırına verin. Yaklaşık 1 saat kadar pişirin. Sebzeli tavuk yemeğini fırından çıkartıp, üzerini açın. 1 su bardağı haşlanmış bezelyeyi yemeğin üzerine serpiştirin. Yemeği tekrar fırına verip, 10-15 dakika kadar daha pişirin."
Fırında Tavuk Pirzola,ana yemek,kemikli tavuk pirzola orta boy patates arpacık soğan sarımsak yeşil biber küçük boy domates domates salçası zeytinyağı karabiber köri kimyon kekik tuz,"Fırında tavuk pirzolanın sosu için geniş bir kap içine 1 yemek kaşığı domates salçası koyun. Üzerine 1 çay bardağı zeytinyağı ya da sıvıyağı dökün. 1 çay kaşığı karabiber, 1 çay kaşığı köri, 1 çay kaşığı kimyon, 1 tatlı kaşığı kekik ve 1 buçuk tatlı kaşığı kadar tuz ekleyip, iyice karıştırın. Hazırladığınız salçalı sosun içine 6 adet kemikli tavuk pirzolayı koyup, eliniz ile iyice harmanlayın. Bu şekilde tavuk pirzolaları 1 saat kadar terbiye edin. 1 saatin sonunda tavuk pirzolaları sostan çıkartın. Kapta kalan sosun içine doğradığınız patatesleri koyun. Eliniz ile iyice harmanlayın. Tavuk pirzolaları orta boy bir fırın kabı içine kemikli yerleri orta kısma gelecek şekilde dizin. Tavuk pirzolaların yan kısımlarına soslu patatesleri yerleştirin. Orta kısımlara da kabukları soyulmuş arpacık soğan ve sarımsakları yerleştirin. 3 adet yeşil biberi 2 ye bölün. 2 adet küçük boy domatesi de 4 parçaya bölün. Orta kısımlara yerleştirin. Son olarak fırın kabının içine 1 su bardağı kadar su dökün. Fırın kabının üzerine yağlı kağıt serin. Yağlı kağıdın üzerini alimünyum folyo ile kaplayın. Tavuk pirzola yemeğini önceden ısıtılmış 190 derece fırına verin. Yaklaşık 1 - 1 buçuk saat kadar pişirin. Daha sonra fırından çıkartıp, üzerini açın. Ardından tekrar fırına verip, 10 dakika daha, üzeri kızarana kadar pişirin."
Hamburger Köftesi,ana yemek,kıyma yumurta ketçap üzüm pekmezi hardal galeta unu kekik sarımsak tozu karabiber kimyon tuz,"Kıyma, yumurta, ketçap, üzüm pekmezi, hardal, galeta unu, kekik, sarımsak tozu, karabiber, kimyon ve tuzu bir kapta karıştırın. Köfte harcını 5 eşit parçaya bölün. Her bir parçayı yuvarlayın ve yağlı kağıt üzerine koyun. Köfteleri buzdolabında 1 saat dinlendirin. Köfteleri hafifçe yağlanmış tavada önlü arkalı kızarana kadar pişirin."
Haşlanmış Tavuk Kavurması,ana yemek,tavuk but sarımsak zeytinyağı kırmızı toz biber kırmızı pul biber kimyon kekik karabiber tuz,"5 adet tavuk budunu derin bir tencere içine koyun. Tavuk but yerine tavuk kalça ya da bütün tavuk ile de yapabilirsiniz. Tavukların üzerini 2 parmak geçecek kadar su dökün. Biraz tuz ekleyip, kaynamaya bırakın. Kaynadıktan sonra kısık ateş üzerinde tavuk etleri iyice yumuşayana kadar haşlayın. Daha sonra haşladığınız tavuk etlerini tencere içinden alıp, geniş bir tabak üzerine koyun. Biraz soğuması için bekleyin. Soğuduktan sonra eliniz ile çok küçük olmayacak şekilde parçalara ayırın. Tencerede kalan tavuk suyu ile çorba ya da pilav yapabilirsiniz. Ya da buzlukta saklayabilirsiniz. Diğer tarafta orta boy bir tava içine 4-5 yemek kaşığı zeytinyağı dökün. Yağın üzerine 1 diş ezilmiş sarımsak ekleyin. Daha sonra 1 tatlı kaşığı kırmızı toz biber, 1 çay kaşığı kırmızı pul biber, yarım çay kaşığı kimyon, 1 çay kaşığı kekik ve biraz karabiber koyun. Baharatları ve sarımsağı yağ ile beraber 2-3 kere karıştırın. Ardından tavaya tavuk etlerini ekleyin. Üzerlerine damak tadınıza göre tuz koyun ve tavuk etlerini baharatlı karışım ile hafifçe kızarana kadar kavurun. Dilerseniz çok az miktarda tereyağı ekleyebilirsiniz. Aynı zamanda istediğiniz baharatları koyabilirsiniz. Baharat miktarlarını damak tadınıza göre azaltıp, çoğaltabilirsiniz. Hazırladığınız haşlanmış tavuk kavurmasını ister ekmek arasında ya da isterseniz pilav üstü olarak servis edebilirsiniz."
İslim Kebabı,ana yemek,patlıcan kıyma yumurta soğan galeta unu tuz karabiber kekik kimyon nane domates biber domates salçası su,"Kıyma, yumurta, soğan, galeta unu, tuz, karabiber, nane, kekik ve kimyon karıştırılır. Köfte harcı yoğrulur. Patlıcanlar soyulur ve dilimlenir. Patlıcanlar kızartılır. Köfteler kızartılır. Patlıcanlar ve köfteler bohça şeklinde hazırlanır. İslim kebabı fırına verilir. Sos hazırlanır ve kebabın üzerine dökülür. İslim kebabı fırında pişirilir."
Kıymalı Bulgurlu Sulu Köfte,ana yemek,kıyma köftelik ince bulgur un kimyon karabiber tuz haşlanmış nohut domates salçası soğan zeytinyağı sıcak su,Köfte harcını yoğurun. Köftelere şekil verin. Köfteleri una bulayın. Soğanı kavurun. Domates salçası ekleyin. Sıcak su ekleyin. Köfteleri tencereye koyun. Tuz ekleyin. 15 dakika pişirin.
Köfteli Patlıcan Oturtma,ana yemek,patlıcan domates sıvı yağ kıyma soğan sarımsak kırmızı toz biber karabiber kekik karbonat tuz domates salçası biber salçası ılık su,"Bir kaba 400 gr kıyma koyun. Kıymanın üzerine 1 adet orta boy rendelenmiş soğan ve 1 diş ezilmiş sarımsak ekleyin. Daha sonra 1 tatlı kaşığı kırmızı toz biber, 1 çay kaşığı karabiber, 1 çay kaşığı kekik, 1 çay kaşığı silme karbonat ve damak tadınıza göre tuz koyun. Tüm köfte harcını eliniz ile iyice yoğurun. Yoğurduğunuz köfte harcından çok büyük olmayacak şekilde parçalar alın. Elinizde yuvarlayıp, bir tabak üzerine dizin ve buzdolabında dinlenmeye bırakın. Daha sonra 4 adet orta boy patlıcanı güzelce yıkayıp, kurulayın. Patlıcanları alacalı soyup, orta kalınlıkta halka şeklinde doğrayın. Geniş bir tavaya tavanın tabanını kapatacak kadar sıvı yağ döküp, ısıtın. Isınan yağın üzerine patlıcanları dizip, arkalı önlü hafifçe kızarana kadar pişirin. İsteğe göre patlıcanları fırın tepsisi içine dizip, üzerlerine yağ gezdirip, fırında da pişirebilirsiniz. Daha sonra kızarttığınız patlıcanları orta büyüklükte bir fırın kabı içine dizin. Ardından patlıcanların üzerlerine hazırladığınız köfteleri yerleştirin. 5-6 adet küçük boy domatesi ikiye bölüp, köftelerin ara kısımlarına güzelce koyun. Sosu için; bir kase içine 1 tatlı kaşığı domates salçası ve 1 tatlı kaşığı biber salçası ekleyin. Damak tadınıza göre biraz kekik ve biraz tuz koyun. Ardından salçanın üzerine 1 su bardağına yakın ılık suyu azar azar dökün. Pürüzsüz bir kıvam alana kadar sürekli karıştırarak, salçanın açılmasını sağlayın. Hazırladığınız salçalı sosu köfteli patlıcan oturtmanın üzerine gezdirerek, dökün. Önceden ısıtılmış 190 derece fırına verin. Köftelerin üzeri güzelce kızarana kadar pişirin."
Lokanta Usulü Kavurma,ana yemek,kuşbaşı dana eti havuç soğan tereyağı zeytinyağı sıcak su tuz,"Derin bir tencereyi ocak üzerine alıp, yüksek ateş üzerinde iyice ısıtın. Isınan tencerenin içine 1 kilo kuşbaşı dana etini koyun. Yüksek ateş üzerinde etler suyunu salıp, hafifçe çekene kadar ara ara karıştırarak, kavurun. Ardından kavrulan etlerin üzerine 3 su bardağı sıcak su dökün. Etler iyice yumuşayana kadar pişirin. Diğer tarafta geniş bir tencere içine 2 yemek kaşığı tereyağı ve yarım küçük çay bardağı zeytinyağı ekleyin. Yağın üzerine 4 adet orta boy küçük küçük doğranmış havucu koyun. Havuçların rengi yağa geçene kadar sürekli karıştırarak, kavurun. Havuçları tencereden süzerek alın. Yağın içine 2 adet orta boy ince ince doğranmış soğan koyun. Soğanları yumuşayana kadar sürekli karıştırarak, kavurun. Ardından kavrulan soğanların üzerine pişirdiğiniz eti suyu ile birlikte koyun. Damak tadınıza göre tuz ekleyip, güzelce karıştırın. Tencerenin kapağını kapatın. Kısık ateş üzerinde 15-20 dakika kadar daha pişirmeye devam edin."
Mantarlı Köri Soslu Tavuk,ana yemek,kemiksiz tavuk pirzola kültür mantarı kırmızı kapya biber yeşil biber zeytinyağı soğuk süt tere yağı un köri karabiber tuz,"Kemiksiz tavuk pirzola jülyen şeklinde doğrayın. Kültür mantarının kabuğunu soyup, nemli bir bez ile temizleyin. Mantarları çok küçük olmayacak şekilde doğrayın. Kırmızı kapya biber ve yeşil biberin çekirdek kısımlarını temizleyip, küp küp doğrayın. Orta boy geniş bir tencere içine zeytinyağı döküp, ısıtın. Yağın üzerine doğranmış tavuk etlerini ekleyin. Tavuk etlerini yüksek ateş üzerinde sürekli karıştırarak, pişirin. Tavuk etlerini pişirdikten sonra üzerine doğranmış mantarları ekleyin. Mantarlar suyunu salıp, çekene kadar ara ara karıştırarak, pişirmeye devam edin. Köri sosu için; bir sos tavası içine tereyağı koyup, eritin. Yağın üzerine un ekleyin. Unun hafifçe kokusu çıkana kadar kavurun. Kavrulan unun üzerine soğuk süt döküp, karıştırın. Kıvam alan sosun içine damak tadınıza göre tuz, karabiber ve köri koyun. Hazırladığınız köri sosunu mantarlı tavuk sotenin üzerine dökün. Tavuk ve mantarlar çok hafif sosu çekip, kıvam alana kadar kısık ateş üzerinde pişirmeye devam edin."
Nohut Yemeği,ana yemek,nohut soğan sarımsak zeytinyağı domates salçası tuz karabiber,Nohutları bekletin Nohutları haşlayın Soğan ve sarımsağı kavurun Salçayı ekleyin Nohutları ve suyu ekleyin Tuz ve karabiber ekleyin Kaynatın Pişirin
Piliç Tava,ana yemek,tavuk incik zeytinyağı kırmızı toz biber karabiber kimyon tuz,Tavuk inciklerin üzerine baharatları ekleyin. Tavuk inciklerin üzerine zeytinyağı dökün. Tavuk etlerini sosu ile beraber harmanlayın. Tavuk etlerini buzdolabında en az 1 saat dinlendirin. Tavuk etlerini tava ile pişirin.
Saksı Kebabı,ana yemek,bostan patlıcanı kuşbaşı doğranmış et soğan domates maydanoz sivri biber sarımsak tuz karabiber kekik kimyon sıvı yağ,"Geniş bir tavayı ocak üzerine koyup, ısıtın. Isınan tavanın içine 300 gr kuşbaşı doğranmış eti ekleyin. Yüksek ateşte etin suyu ile 2-3 dk kavurun. Ardından etlerin üzerlerini geçecek kadar su dökün. Etlere hafifçe suyunu çekip, yumuşayana kadar pişirin. Daha sonra pişen etlerin üzerine 1 adet ince ince doğranmış soğan ve 2 diş ince ince doğranmış sarımsak ekleyin. 5 dakika ara ara karıştırarak, pişirin. Ardından 3 adet küçük küçük doğranmış biberi de ekleyip, 2-3 dk daha pişirin. Son olarak etlerin üzerine 2 adet minik küpler halinde doğranmış domates ekleyin. Kısık ateşte 20 dk kadar pişirin. Et karışımını ocaktan almaya yakın 2 tutam ince ince doğranmış maydanoz, damak tadınıza göre tuz, kekik, kimyon ve karabiber de ekleyip, 1-2 kere karıştırın. Diğer taraftan 2 adet bostan patlıcanın sapını kesip, alacalı soyun. Daha sonra ortadan ikiye kesin. Her patlıcanın orta kısmını tatlı kaşığı ya da bıçakla oyun. Patlıcanların dik durabilmeleri için alt kısımlarını biraz keserek düzleyin. Ardından patlıcanları kızgın yağ içinde iki tarafını da hafifçe kızartın. Kızaran patlıcanları havlu kağıt serili tabak üzerine alıp, yağlarının süzülmesini sağlayın. Daha sonra orta boy bir fırın kabının içine koyun. Patlıcanların içlerini etli harç ile doldurun. Saksı kebaplarının üzerine domates dilimleri yerleştirin. Bir kaba 1 yemek kaşığı domates salçası koyun. Üzerine 1 su bardağı ılık su ve biraz tuz ekleyin. Salçayı iyice ezerek, açın. Salçalı sosu fırın kabının içine dökün. Son olarak saksı kebabının üzerini yağlı kağıt ile kapatın. Önceden ısıtılmış 190 derece fırında 40 dk pişirin. Hazırladığınız saksı kebabını servis tabağına alın."
Sebzeli Yahni,ana yemek,kuşbaşı doğranmış et orta boy patates orta boy havuç arpacık soğan domates salçası sarımsak zeytinyağı tuz karabiber kimyon,"Orta boy derin bir tencere içine 2 yemek kaşığı zeytinyağı döküp, iyice ısıtın. Isınan yağın üzerine yarım kilo kuşbaşı doğranmış eti ekleyin. Etleri sürekli karıştırarak, suyunu salıp, hafifçe çekene kadar pişirin. Ardından etlerin üzerini geçecek kadar sıcak su dökün. Etler yumuşayana kadar pişirin. 2 adet orta boy patates ve 2 adet orta boy havucun kabuğunu soyup, etin büyüklüğünde doğrayın. 250 gr arpacık soğanın kabuğunu soyun. 3 diş sarımsağı da küçük küçük doğrayın. Geniş derin bir tencere içine yarım çay bardağı kadar zeytinyağı koyup, ısıtın. Isınan yağın üzerine arpacık soğanları ve doğranmış sarımsakları ekleyip, 1 dakika kavurun. Ardından tencereye 1 yemek kaşığı dolusu domates salçası koyup, hafifçe kokusu çıkana kadar kavurun. Daha sonra tencereye doğranmış patates ve havuçları ekleyin. Sebzeleri de 2 dakika kadar kavurun. Son olarak tencere içine pişen etleri, damak tadınıza göre tuz, karabiber ve kimyon koyup, karıştırın. Sebzelerin üzerini geçecek kadar sıcak su döküp, tekrar karıştırın. Tencerenin kapağını kapatıp, kaynamaya bırakın. Kaynadıktan sonra ocağın altını kısıp, sebzeler yumuşayana kadar pişirin."
Sultan Kebabı,ana yemek,yufka kuşbaşı et bezelye patlıcan biber salçası soğan tereyağı tuz karabiber un süt kaşar peynir,"Tava ısıtıp etleri 3-4 dakika pişirin. Suya döküp orta ateşte yumuşayıncaya kadar pişirin. Soğan ve tereyağ ekleyip 2 dk kavurun. Biber salçası ekleyip 1 dk kavurun. Patlıcanları kızgın yağda kızartın. Et harcına patlıcan, bezelye, tuz ve karabiber ekleyin. Yufkayı 4 eşit parçaya kesin. Etli karışımı yufkanın içine koyun. Beşamel sosu hazırlayın. Sultan kebabının üzerine beşamel sos dökün. Fırında pişirin. Üzerine kaşar peyniri serpiştirin."
Tavada Domates Soslu Köfte,ana yemek,köftelik kıyma soğan yumurta sarımsak galeta unu maydanoz tuz karabiber kimyon domates tereyağı rendelenmiş kaşar peynir,"Bir kaba yarım kilo köftelik kıyma koyun. Kıymanın üzerine 1 adet orta boy rendelenmiş soğan, 2 diş rendelenmiş sarımsak ve 1 adet yumurta ekleyin. Kaba 3 yemek kaşığı galeta unu, 1-2 tutam ince ince doğranmış maydanoz, damak tadınıza göre tuz, karabiber ve kimyon ekleyin. Tüm köfte harcını eliniz ile özleşene kadar iyice yoğurun. Hazırladığınız köfte harcından yumurta büyüklüğünde parçalar alıp, elinizde yuvarlayın. Köfteleri yuvarladıktan sonra eliniz ile üzerine bastırıp, yassılaştırın. Domates sosu için; orta boy geniş bir tava içine 1 yemek kaşığı tereyağı koyup, eritin. Eriyen yağın üzerine 4 adet orta boy küçük küçük doğranmış domatesi ekleyin. Domateslerin üzerine damak tadınıza göre tuz ve karabiber koyun. Domatesler güzelce yumuşayıp, hafifçe sulu kalacak şekilde ara ara karıştırarak pişirin. Geniş bir tavayı ocak üzerine alıp, iyice ısıtın. Isınan tavaya köfteleri dizin. Köfteleri arkalı önlü kızarana kadar pişirin. Köfteler piştikten sonra aynı tavanın tabanına domates sosundan biraz koyup, güzelce yayın. Sosun üzerine pişen köfteleri dizin. Köftelerin üzerine de kalan domates sosunu güzelce paylaştırın. Tavanın kapağını kapatıp, köfteleri sosu ile birlikte kısık ateş üzerinde 10-15 dakika pişirin. Son olarak pişen domates soslu köftenin üzerine rendelenmiş kaşar peynir serpiştirin. Tavanın kapağını kapatıp, peynirler iyice eriyene kadar kısa bir süre daha pişirin."
Tavada Soslu Çıtır Tavuk,ana yemek,tavuk göğsü yoğurt biber salçası kekik kırmızı pul biber karabiber köri tuz un yumurta sıvı yağ,"Tavuk göğsünü parmak uzunluğunda dilimleyin. Dilimlediğiniz tavuk etlerini bir kaba koyun. Üzerine yoğurt, biber salçası, kekik, kırmızı pul biber, karabiber, tuz ve köri ekleyin. Tavuk etlerini eliniz ile harmanlayın. En az 4 saat veya 1 gece buzdolabında bekletin. Una ve yumurtaya bulayın. Kızgın yağda arkalı önlü pişirin."
Tavuk Burger Köftesi,ana yemek,tavuk göğsü tuz sarımsak tozu un yumurta süt mısır gevreği galeta unu,"Tavuk göğüs etini küçük küçük dilimleyin. Tavuk etlerini rondo içine koyup, üzerlerine 1 tatlı kaşığı tuz ve 1 çay kaşığı sarımsak tozu ekleyin. Tavuk etlerini rondodan iyice geçirip, parçalanmasını sağlayın. Parçaladığınız tavuk etlerinin üzerine 1 yemek kaşığı un koyun. Tekrardan mutfak robotundan geçirin. Köftelerin düzgün ve eşit bir şekil alabilmeleri için büyük yuvarlak kurabiye kalıbını ya da büyük bir kavanoz kapağını tezgah üzerine koyun. Kalıbın üzerine buzdolabı poşeti serin. Tavuk köftesi harcını kalıbın içine koyup, eşit bir şekilde yayılmasını sağlayın. Köftelerin çok ince olmamasına özen gösterin. Ardından tavuk köftesini dikkatli bir şekilde alıp, kenara alın. Bu ölçülerde toplam 6 adet tavuk burger köftesi elde ettik. Tavuk burger köftelerini hazırladıktan sonra dış kısmını bulamak için; bir kase içine 2 adet yumurta kırın. Yumurtaların üzerine 2 yemek kaşığı süt ve biraz tuz koyup, iyice karıştırın. Ardından 1 su bardağı mısır gevreğini rondodan iyice geçirip, ayrı bir kaba koyun. Mısır gevreğinin üzerine yarım su bardağından biraz fazla galeta unu ekleyip, güzelce karıştırın. Hazırladığınız tavuk hamburger köftelerini önce arkalı önlü ve kenar kısımlarını una bulayın. Una buladıktan sonra arkalı önlü yumurtalı karışıma bulayın. Son olarak da mısır gevrekli galeta un karışımına bulayın. Tavuk burger köftelerini hazırladıktan sonra bir tabak üzerine alın. Hazırladığınız ev yapımı tavuk hamburger köftelerini kızgın yağ içinde arkalı önlü kızartabilirsiniz. İsteğe göre tavuk burger köftelerini derin dondurucuda aralarına yağlı kağıt koyup, buzdolabı poşetinde saklayabilirsiniz."
Tavuklu Bamya,ana yemek,taze bamya tavuk göğsü kuru soğan domates havuç sarimsak domates salçası zeytinyağı limon suyu sıcak su tuz,"Bamyaları bol suda yıkayıp, ardından iyice kurulayın. Bamyaları kuruladıktan sonra sap kısımlarını bıçak ile sağdan sola doğru döndürerek, kesin. Tepe kısmını huni şeklinde çıkartın. 500 gr kadar tavuk göğsünü kuşbaşından biraz küçük olacak şekilde doğrayın. Orta boy geniş bir tencere içine 5 yemek kaşığı kadar zeytinyağı dökün. Üzerine 1 adet orta boy ince ince doğranmış soğan ekleyip, 1-2 dakika kadar kavurun. Ardından doğranmış tavuk etlerini koyun. Tavuk etleri suyunu salıp, hafifçe çekene kadar pişirin. Pişen tavuk etlerinin üzerine 1 adet halkalar halinde doğranmış havuç ve 1 yemek kaşığı domates salçası koyup, 2 dakika kavurun. Daha sonra tencereye ayıklanmış bamyaları koyun. Bamyaların üzerine 3 adet küçük boy küpler halinde doğranmış domates ve 12 diş kabuğu soyulmuş sarımsakları ekleyin. Son olarak tencereye yarım ya da 1 limon suyu, damak tadınıza göre tuz ve bamyaların hizasına gelecek kadar sıcak su koyun. 1-2 kere karıştırıp, tencerenin kapağını kapatın. Bamyalar yumuşayana kadar pişirin. Pişme esnasında bamya yemeğini çok sık karıştırmayın ki bamyalar dağılmasın ve salyalanma olmasın. Tavuklu bamya yemeği piştikten sonra ocaktan alıp, 5 dakika dinlenmeye bırakın. Daha sonra servis edebilirsiniz."
Tavuklu Mantar Sote,ana yemek,kuşbaşı doğranmış tavuk but eti kültür mantarı orta boy soğan yeşil biber kırmızı kapya biber orta boy domates zeytinyağı tuz karabiber kekik,"Yeşil ve kırmızı biberleri doğrayın. Domates ve soğanı ince ince doğrayın. Mantarları temizleyip doğrayın. Tavuk etlerini yağda pişirin. Soğan ve biberleri ekleyin. Mantarları ekleyin ve kavurun. Domates, tuz, karabiber ve kekik ekleyip karıştırın. Yemeği pişirin ve servis edin."
Tencerede Etli Patlıcan Yemeği,ana yemek,kuşbaşı doğranmış et patlıcan yeşil biber domates soğan sarımsak domates salçası zeytinyağı tuz karabiber,"Tencerede 3 yemek kaşığı zeytinyağı koyup, kızdırın. Üzerine 500 gr kuşbaşı doğranmış eti ekleyin. Suyunu salıp, çekene kadar pişirin. Etler pişmediği takdirde su ekleyip, pişirmeye devam edin. Daha sonra pişen etlerin üzerine 1 adet ince ince doğranmış soğan koyun. 2-3 dakika kadar etleri soğan ile beraber kavurun. Diğer tarafta 3 adet orta boy patlıcanı alacalı soyun. Orta büyüklükte küpler halinde kesin. 3 adet yeşil biber ve 2 adet orta boy domatesi de orta büyüklükte kesin. Etlerin üzerine sırasıyla doğranmış patlıcanları koyun. Daha sonra tencereye domatesleri, biberleri ve ayıklanmış 1 baş sarımsağı bütün dişler halinde ekleyin. 1 yemek kaşığı domates salçasını derin bir kap içine koyun. Üzerine 1 buçuk su bardağı kadar su döküp, salçayı iyice ezin. Salçalı suyu yemeğin üzerine dökün. Son olarak damak tadınıza göre tuz ve karabiber serpiştirip, tencerenin kapağını kapatın. Sebzeler yumuşayana kadar yaklaşık 30 dakika pişirin."
Tepsi Kebabı,ana yemek,kıyma soğan sarımsak maydanoz domates yeşil biber domates salçası su tuz kimyon karabiber kırmızı pul biber,"Derin bir kap içerisine 300 gr kıyma koyun. Üzerine 1 adet rendelenmiş soğan ve 1 diş rendelenmiş sarımsak ekleyin. Ardından 2 tutam ince ince doğranmış maydanoz, damak tadınıza göre tuz, kimyon, karabiber ve kırmızı pul biber ekleyin. Tüm köfte harcını eliniz ile iyice yoğurun. Daha sonra küçük yuvarlak bir tepsi ya da fırın kabına hazırladığınız kıyma karışımını koyun. Eliniz ile bastırarak, kıymalı karışımı yayın. Diğer taraftan 2 adet domatesi dilimleyin. 3 adet yeşil biberi de ortadan ikiye bölün. Ardından hazırladığınız kıymalı karışımın üzerine domates ve biber dilimlerini yerleştirin. Son olarak bir kaba 1 tatlı kaşığı domates salçası koyun. Üzerine az miktar tuz ve 1 çay bardağı su ekleyip, iyice karıştırın. Hazırladığınız domates sosunu tepsi kebabı üzerine dökün. Tepsi kebabını önceden ısıtılmış 180 derece fırına verin. Yaklaşık 50 dakika kadar pişirin. Pişen tepsi kebabını fırından çıkartın. Dilimleyip, sıcak olarak servis edebilirsiniz."
Yoğurt Soslu Tavuk,ana yemek,kemiksiz tavuk pirzola yoğurt hardal zeytinyağı domates salçası köri kimyon kırmızı toz biber tuz,"Orta boy geniş bir kabın içine 5 yemek kaşığı zeytinyağı, 1 buçuk yemek kaşığı yoğurt, 1 tatlı kaşığı domates salçası, isteğe göre 1 tatlı kaşığı hardal, damak tadınıza göre tuz, kırmızı toz biber, kimyon ve köri ekleyin. Tüm sos malzemelerini iyice karıştırın. Sosun üzerine tavuk pirzolalarını koyun. Tavuk etlerini sos ile beraber güzelce harmanlayın. Kabın üzerini streç film ile kapatıp, bu şekilde tavuk etlerini 2 saat buzdolabında dinlenmeye bırakın. Geniş bir tencereyi ocak üzerine alıp, iyice ısıtın. Isınan tencerenin içine dinlenen yoğurt soslu tavuk pirzolalarını güzelce dizin. Tavuk etlerini orta ateş üzerinde alt tarafları hafifçe kızarana kadar pişirin. Tavuk etlerini maşa yardımı ile ters çevirip, tencerenin kapağını kapatın. Diğer yüzlerini de orta kısık ateş üzerinde kızarana kadar pişirin."
Anne Köftesi,ana yemek,köftelik kıyma kuru soğan yumurta sarımsak galeta unu domates salçası maydanoz kırmızı toz biber kırmızı pul biber karabiber kimyon tuz,"Derin bir kaba 500 gr köftelik kıyma koyun. Kıymanın üzerine 1 adet soğan ve 2 diş sarımsak rendeleyin. Ardından 1 adet yumurta kırıp, 1 tatlı kaşığı domates salçası ekleyin. Daha sonra karışıma yarım çay bardağı galeta unu, 1 çay kaşığı kırmızı toz biber, 1 çay kaşığı kırmızı pul biber, yarım çay kaşığı karabiber, yarım çay kaşığı kimyon ve damak tadınıza göre tuz koyun. Son olarak kaba yarım demet ince ince doğranmış maydanoz ekleyin. Tüm köfte harcını eliniz ile iyice yoğurun. Hazırladığınız anne köftesi harcının üzerini örtüp, buzdolabında 25-30 dakika kadar dinlenmeye bırakın. Ardından köfte harcından ceviz büyüklüğünde parçalar alıp, elinizde oval şekli verin. Geniş bir tava içine, tabanı kaplayacak kadar sıvı yağ koyup, orta ateş üzerinde ısıtın. Köfteleri tavaya tek tek koyun. Tava içinde arkalı önlü pişirin. Pişen köfteleri servis tabağına koyun."
Beşamel Soslu Buğu Kebabı,ana yemek,kuşbaşı et kuru soğan havuç patates kırmızı biber bezelye sarımsak tuz karabiber Beşamel Sosu İçin: tereyağı Beşamel Sosu İçin: un Beşamel Sosu İçin: süt Üzeri İçin: rendelenmiş kaşar peynir,"500 gr kuşbaşı eti geniş bir tencere içine koyun. Etlerin üzerini biraz geçecek kadar su dökün. Ocak üzerine alıp, kaynamaya bırakın. Kaynamaya başlayınca üzerinde biriken köpükleri alıp, kapağını kapatın. 40 dk kadar etleri pişirin. Diğer tarafta başka bir tencere içine 1 adet ince ince doğranmış soğan koyun. Üzerine yarım çay bardağı kadar zeytinyağı ekleyip, 2 dakika kadar soteleyin. Pişen etin suyunu süzüp, kenara alın. Etleri ise sotelediğiniz soğanların üzerine ekleyip, 2 dakika kadar kavurun. Daha sonra tencereye 1 adet ince ince doğranmış havuç, 1 adet küpler halinde doğranmış patates, 1 adet doğranmış kırmızı biber ve 4 diş kabukları soyulmuş sarımsağı koyun. Ardından tencereye 1 su bardağı da pişen etin suyundan dökün. Tuz ve karabiber ekleyip, karıştırın. Tencerenin kapağını kapatıp, kaynamaya bırakın. Daha sonra kaynayan yemeğin üzerine 1 buçuk su bardağı haşlanmış bezelye koyup, karıştırın. Tencerenin kapağını kapatın. Sebzeler yumuşayana kadar yaklaşık 20 dakika pişirin. Buğu kebabı piştikten sonra geniş bir fırın kabı içine koyup, yayın. Buğu kebabının üzeri için beşamel sos hazırlayın. Orta boy bir tencere içine 1 yemek kaşığı dolusu tereyağı koyup, eritin. Üzerine 2 yemek kaşığı un ekleyip, 1-2 dk kadar kavurun. Ardından 2 su bardağı sütü azar azar döküp, unun topaklanmaması için sürekli karıştırın. Koyu bir kıvam alana kadar pişirin. Son olarak tuz ve karabiber ekleyip, ocaktan alın. Hazırladığınız beşamel sosu buğu kebabının üzerine dökün. Son olarak rendelenmiş kaşar peynir serpiştirin. Önceden ısıtılmış 180 derece fırına verin. Üzeri kızarana kadar yaklaşık 20 dakika pişirin."
Bohça Kebabı (Manisa Kebabı),ana yemek,kuşbaşı doğranmış et orta boy soğan orta boy domates yeşil biber haşlanmış bezelye tuz karabiber kırmızı toz biber süt un yumurta tuz sıvı yağ tereyağı un süt,"Krep harcını hazırlayıp, tavada arkalı önlü ince olacak şekilde pişirin. Orta boy geniş bir tavayı ocağa koyup, ısıtın. Üzerine yarım kilo kuşbaşı doğranmış eti koyun. Etleri 3-4 dakika ara ara karıştırarak, pişirin. Üzerini hafifçe geçecek kadar su döküp, orta ateş üzerinde yumuşayıncaya kadar pişirin. Pişen etlerin üzerine 1 adet ince ince doğranmış soğan, 2 adet ince ince doğranmış biber ve 1 adet ince ince doğranmış domates ekleyin. Ara ara karıştırarak, yaklaşık 10 dk pişirin. Son olarak etli harca 7 yemek kaşığı bezelye, tuz ve baharatları da ekleyin. 1-2 dk kadar daha pişirip, ocaktan alın. Beşamel sosu için; küçük bir tencereye 1 yemek kaşığı tereyağ koyup, eritin. Eriyen yağın üzerine 1 buçuk yemek kaşığı un ekleyin. Unun kokusu çıkana kadar 2 dakika kavurun. Daha sonra kavrulan unun üzerine 1 buçuk su bardağı sütü azar azar döküp, unun topaklanmaması için sürekli karıştırın. Beşamel sos koyulaşıncaya kadar kısık ateşte 2-3 dakika kadar kaynatın. Son olarak tuz ve karabiberini de ekleyip, ocaktan alın. Diğer taraftan pişirdiğiniz kreplerden birini yuvarlak çukur bir kasenin içine serin. Krepin orta kısmına 3 yemek kaşığı hazırladığınız etli harçdan koyun. Ardından krebin kenar kısımlarını harcın üzerine kapatıp, bohça şeklini verin. Hazırladığınız bohça kebabı (Manisa Kebabı) nı yağlanmış fırın tepsisine dizin. Her birinin üzerine hazırladığınız beşamel sosdan 2 yemek kaşığı kadar dökün. Son olarak her bohçanın üzerine dilimlenmiş kaşar peyniri koyun. Önceden ısıtılmış 180 derece fırına verip, üzerleri kızarana kadar pişirin."
Etli Bamya,ana yemek,bamya kuşbaşı et kuru soğan domates sarımsak domates salçası zeytinyağı limon suyu sıcak su tuz,"Bamyaları temizleyin, yıkayın ve kurulayın. Sap kısımlarını kesin ve tepe kısmını huni şeklinde çıkartın. Eti 5 dakika kavurun, üzerini su ile kapatıp yumuşayana kadar pişirin. Soğanı ve zeytinyağını ekleyip, soğanlar yumuşayana kadar kavurun. Domates salçası ekleyip, 1-2 dakika kavurun. Bamyaları limon suyu, domates ve sarımsak ile karıştırın. Etli harcın üzerine bamyalı karışımı koyun, tuz ve sıcak su ekleyip pişirin."
Etli Kuru Fasulye,ana yemek,kuşbaşı doğranmış et haşlanmış kuru fasulye kuru soğan sarımsak çerliston biber domates salçası biber salçası zeytinyağı tuz karabiber,"Tencereyi ocak üzerine koyup, ısıtın. Isınan tencerenin içine 250 gr kuşbaşı doğranmış eti ekleyin. Etler suyunu salıp, hafifçe çekene kadar ara ara karıştırın. Ardından etlerin üzerine gelecek kadar sıcak su döküp, yumuşayana kadar pişirin. Pişen etlerin üzerine 4 yemek kaşığı zeytinyağ, 1 adet ince ince doğranmış soğan ve 2 diş ince ince doğranmış sarımsak ekleyin. 3-4 dk kadar kavurun. Daha sonra tencereye 2 adet çerliston biberi halkalar halinde kesip, 1-2 dk daha kavurun. Ardından 1 yemek kaşığı domates salçası ve 1 çay kaşığı biber salçası ekleyin. Salçanın hafifçe kokusu çıkana kadar kavurun. Son olarak tencereye 2-3 su bardağı kadar sıcak su döküp, karıştırın. 2 su bardağı haşlanmış fasulyeyi de ekleyin. Damak tadınıza göre tuz ve karabiberde koyun. Tencerenin kapağını kapatıp, kısık ateş üzerinde yaklaşık 30 dk kadar pişirin."
Ev Yapımı Nugget,ana yemek,tavuk kıyması tuz karabiber un zeytinyağı köri kimyon yumurta galeta unu un sıvıyağ,"Derin bir kaba tavuk kıymasını koyun. Üzerine yarım çay kaşığı tuz, yarım çay kaşığı karabiber, 1 yemek kaşığı zeytinyağı, az miktarda köri ve kimyon koyun. Harcı bağlaması için 1 yemek kaşığı un ekleyin. Nugget köfte harcını elinizle iyice yoğurun. Daha sonra tavuklu köfte harcından minik parçalar alıp, eliniz ile nugget şeklini verin. Şekil verirken elinizi hafifçe ıslatmanız, daha kolay şekil vermenizi sağlayacaktır. Diğer yandan ayrı ayrı tabaklara un, yumurta ve galeta unu koyun. Şekil verdiğiniz parçaları ilk önce una bulayın. Ardından yumurtaya bulayın. Son olarak galeta ununa bulayın. Hazırladığınız ev yapımı nuggetları kızgın yağ içinde arkalı önlü kızartın. Kızaran nuggetları kağıt havlu serilmiş bir tabağa alın. Bu şekilde nuggetların fazla yağlarının süzülmesini sağlayın. Ev yapımı nuggetları servis tabağına alın. Yanında pilav ya da patates kızartmasıyla sıcak olarak servis edebilirsiniz."
Fırında Bütün Tavuk Kızartması,ana yemek,tavuk limon tuz yoğurt domates salçası,"Tavuğu derin bir tencereye koyun, üzerine çıkacak kadar su ekleyin, bir dilim limon ve tuz ekleyin. Tavuğu yumuşayana kadar pişirin. Yoğurt ve domates salçasını karıştırın. Pişen tavuğu fırın kabına alın, salçalı karışımı her tarafına sürün. 180-190 derece fırında tavuğun üzeri kızarana kadar pişirin."
Fırında Köfteli Sebze Dizmesi,ana yemek,kıyma soğan yumurta maydanoz galeta unu tuz karabiber patlıcan kabak patates domates yeşil biber domates salçası zeytinyağı,"Derin bir kap içine 500 gr kıyma koyun. Üzerine 1 adet soğan rendeleyin. Ardından 1 adet yumurta kırın. 1 tutam ince ince doğranmış maydanoz, 2 yemek kaşığı galeta unu, damak tadınıza göre tuz ve karabiber ekleyin. Köfte harcını 5 dakika kadar iyice yoğurun. Daha sonra 1 adet patlıcanı ve 2 adet küçük boy kabağı alacalı olarak soyun. 2 adet orta boy patatesin de kabuğunu soyun. 2 adet orta boy domatesi ve 2 adet yeşil biberi söğüş olarak doğrayın. Kabak, patlıcan ve patatesleri de çok kalın olmayacak şekilde halkalar halinde kesin. Yoğurduğunuz köfte harcından parçalar alın. Sebze dilimleri büyüklüğünde köfteler yapın. Ardından yuvarlak orta boy bir fırın kabı içine sırasıyla bir patates, bir köfte, bir kabak, bir köfte, bir patlıcan şeklinde dizin. Bu şekilde fırın kabının kenar kısımlarını doldurun. Biraz boşluk bırakıp, aynı şekilde orta kısmada dizin. Daha sonra arada kalan boşluklara söğüş olarak doğradığınız domates ve biber dilimleri koyun. Kalan patlıcan, kabak ve patatesleri de küçük parçalar halinde kesip, boşluklara yerleştirin. Hazırladığınız köfteli sebze dizmesinin sosu için; derin bir kaba 1 yemek kaşığı kadar domates salçası koyun. Üzerine 1 su bardağından biraz fazla su, 3 yemek kaşığı zeytinyağı ve az miktar tuz ekleyin. İyice karıştırarak, salçayı açın. Sosu sebze ve köftelerin üzerlerine dökün. Fırın kabının üzerini alimünyum folya ile kapatın. Önceden ısıtılmış 190 derece fırına verin. Yaklaşık 40-45 dakika kadar pişirin. Daha sonra yemeği fırından çıkartıp, alimünyum folyoyu alın. Yemeği tekrar fırına verin. Üzeri hafif kızarıncaya kadar yaklaşık 25-30 dakika daha pişirin."
Fırında Patlıcan Musakka,ana yemek,patlıcan kıyma soğan sarımsak domates sivri biber zeytinyağı tuz karabiber,"Patlıcanları alacalı soyup, yıkayın. Patlıcanları küpler halinde doğrayın. Doğradığınız patlıcanları kızgın yağ içerisinde kızartın. Soğan ve sarımsakları ince ince doğrayıp, 1 dakika kavurun. Kıyma ekleyin ve rengi değişene kadar kavurun. Sivri biber ve domates ekleyin, 6-7 dakika pişirin. Tuz ve karabiber serpiştirip, karıştırın. Patlıcanları fırın kabına koyup, kıymalı karışımı ekleyin. Domates ve biber dilimleri yerleştirip, 15 dakika pişirin."
Fırında Pirinçli Köfte,ana yemek,kıyma pirinç soğan maydanoz domates salçası galeta unu yumurta patates tuz karabiber domates yeşil biber,Köfte harcını hazırlayın. Köfteleri şekillendirin. Patatesleri doğrayın. Salçalı karışımı hazırlayın. Köfteleri fırına verin. Köfteleri ters çevirin ve domates ve biber dilimleri yerleştirin. Köfteleri tekrar fırına verin.
Fırında Sebzeli Misket Köfte,ana yemek,köftelik kıyma soğan yumurta galeta unu tuz karabiber kekik kimyon patates havuç arpacık soğan sivri biber domates bezelye domates salçası sıcak su kırmızı pul biber,"Köfte harcını hazırlayın. Derin bir kaba yarım kilo köftelik kıyma koyun. Üzerine 1 adet yumurta kırın. Ardından 1 adet orta boy rendelenmiş soğan, yarım su bardağı kadar galeta unu, damak tadınıza göre tuz, kekik, karabiber ve kimyon ekleyin. Hazırladığınız tüm köfte harcını eliniz ile iyice yoğurun. Köfte harcından küçük parçalar alıp, elinizde yuvarlayıp, kenara alın. 3 adet orta boy patates ve 3 adet orta boy havucun kabuğunu soyup, yıkayın. Orta büyüklükte küpler halinde doğrayın. 4 adet büyük boy sivri biberi de halkalar halinde kesin. Doğradığınız patates, havuç ve biberleri sırasıyla kızgın yağ içinde ayrı ayrı hafifçe kızartın. Daha sonra da misket köfteleri aynı yağ içerisinde hafifçe kızartın. Kızarttığınız sebzeleri büyük yuvarlak borcam servis kabının tabanına koyun. Ardından kızarttığınız köfteleri de sebzelerin üzerine ekleyin. Daha sonra küçük bir tencere içine 3-4 yemek kaşığı zeytinyağı koyup, ısıtın. Yağın üzerine 15 adet ayıklanmış arpacık soğanı koyup, 2-3 dakika kadar ara ara karıştırarak, kavurun. Ardından 2 adet orta boy küpler halinde doğradığınız domatesi ekleyin. Domatesler hafifçe yumuşayana kadar ara ara karıştırarak, pişirin. Salçalı sos için; bir kase içine 1 yemek kaşığı domates salçası, 1 su bardağı sıcak su, damak tadınıza göre tuz ve kırmızı pul biber ekleyip, iyice karıştırın. Fırın kabındaki sebzeli köftelerin üzerine 1 çay bardağı haşlanmış bezelye serpiştirin. Ardından pişen arpacık soğanlı domates sosunu bir kaşık yardımı ile yemeğin üzerine ekleyin. Son olarak salçalı sosu da köfte ve patateslerin hizalarına gelecek kadar gezdirerek, dökün. Sos az gelirse ilave edebilirsiniz. Sebzeli misket köfteyi önceden ısıtılmış 180-190 derece fırına verin. Yaklaşık 25 dakika kadar pişirin."
Karışık Sebzeli Musakka,ana yemek,kıyma patlıcan patates domates soğan sarımsak kırmızı kapya biber yeşil biber zeytinyağı domates salçası maydanoz tuz karabiber,"Kıymayı geniş bir tencereye koyun ve sürekli karıştırarak pişirin. Soğan, sarımsak, kırmızı kapya biber ve yeşil biberi ekleyin ve yumuşayana kadar kavurun. Domates salçası ekleyin ve kokusu çıkana kadar kavurun. Domates ve su ekleyin ve domatesler yumuşayana kadar pişirin. Maydanoz, tuz ve karabiber ekleyin ve karıştırın. Patlıcan, patates ve kırmızı kapya biberleri kızartın. Sebzeleri bir fırın kabına koyun ve kıymalı harcı üzerine dökün. Fırında 15-20 dakika pişirin."
Kayseri Yağlaması,ana yemek,ılık su zeytinyağı tuz un kıyma soğan sivri biber domates domates salçası biber salçası zeytinyağı sıcak su karabiber kırmızı pul biber,İç harcı hazırlayın. Lavaş ekmeği için hamur yoğurun. Bezeleri açın. Lavaş ekmeğini pişirin. İç harcı ısıtın. Lavaşları hazırlayın. Servis yapın.
Köfteli İskender Kebabı,ana yemek,köftelik kıyma küçük boy yumurta küçük boy soğan galeta unu maydanoz yoğurt domates püresi tereyağı sivri biber pide tuz karabiber kekik kimyon,"Derin bir kap içine 300 gr köftelik kıyma koyun. Üzerine 1 adet rendelenmiş soğan ekleyin. 1 adet yumurta kırın. Daha sonra kıymalı karışıma 2 yemek kaşığı galeta unu, tuz, karabiber, kimyon ve 1 tutam ince ince doğranmış maydanoz ekleyin. Kıymalı harcı 5 dk yoğurup, 30 dk buzdolabında dinlenmeye bırakın. Dinlenen köfte harcından ceviz büyüklüğünde parçalar alın. Elinizde oval şekli verin. Diğer taraftan yarım pideyi küp küp kesin. Önceden ısıtılmış fırına verip, 2 dk kadar ısıtın. Daha sonra kızgın yağ içinde köfteleri arkalı önlü kızartın. Küçük bir tava içine 2 yemek kaşığı tereyağ ve 1 çay bardağı domates püresi koyun. Ara ara karıştırarak, 2-3 dk pişirin. Kebabın üzerini süslemek için 2 adet yeşil biberi de az miktar kızartın. Daha sonra ısınmış olan pideleri servis tabağına koyun. Pidelerin üzerine 1 kase çırpılmış yoğurt dökün. Üzerine hazırladığınız domatesli karışımı dökün. Son olarak kızarmış köfteleri ve biberleri yoğurtlu pidenin üzerine ekleyin. Hazırladığınız köfteli iskender kebabın üzerine kızdırılmış tereyağı döküp, sıcak olarak servis edebilirsiniz."
Elbistan Tava (Maraş Yöresi),ana yemek,kuşbaşı kuzu eti patlıcan domates soğan sarımsak kırmızı biber yeşil biber tereyağı kaşar peynir tuz karabiber,"Orta boy geniş bir tavayı ocağa koyup, ısıtın. Üzerine 200 gr kuşbaşı doğranmış eti koyun. Etleri 3-4 dakika ara ara karıştırarak, pişirin. Daha sonra etlerin üzerine az miktar su dökün. Suyunu çekip, orta ateş üzerinde yumuşayıncaya kadar pişirin. 2 adet patlıcanı alacalı soyup, küpler halinde doğrayın. Doğradığınız patlıcanları kızgın yağ içinde kızartın. Ardından 2 adet yeşil biberi ve 1 adet kırmızı biberi iri olacak şekilde doğrayıp, yağ içinde kızartın. Küçük bir tava içine 1 adet ince ince doğranmış soğan koyun. Üzerine 1 yemek kaşığı tereyağ ekleyip, 1 dk kadar soteleyin. Ardından 1 diş ince ince doğranmış sarımsak, 2 adet küpler halinde doğranmış domates, tuz ve karabiber ekleyin. Domatesler yumuşayana kadar pişirin. Pişen etlerin üzerine az miktar tereyağı koyup, 1 dk kadar daha kavurun. Orta boy bir güveç ya da kap içine pişen etleri koyun. Üzerine kızarmış patlıcanları ekleyin. Ardından hazırladığınız domates sosunu dökün. Son olarak kızarmış biberleri de ekleyin. Hazırladığınız elbistan tava yemeğini önceden ısıtılmış 200 derece fırına verin. Yaklaşık 15 dk kadar pişirin. Pişen elbistan tava (Maraş Yöresi) yemeğini fırından alın. Üzerine rendelenmiş kaşar peynir serpiştirip, tekrar fırına verin. 5 dk pişirdikten sonra fırından çıkartın."
Patates Püreli Tavuk Sote,ana yemek,tavuk göğsü tere yağı zeytinyağı soğan sarımsak kapya biber yeşil biber tuz kimyon köri patates süt rendelenmiş kaşar peynir,"Patateslerin kabuğunu soyun. İri küpler halinde kesin. Derin bir tencere içine koyun. Üzerlerini geçecek kadar su dökün. Yumuşayana kadar haşlayın. Tavuk göğsünü minik küpler halinde doğrayın. Geniş orta boy bir tencere içine 1 yemek kaşığı tereyağı ve 2 yemek kaşığı zeytinyağı koyun. Üzerine 1 adet ince ince doğranmış soğan ve 2 diş ince ince doğranmış sarımsağı ekleyin. Ardından da doğranmış tavuk etlerini koyun. Ara ara karıştırarak, tavuk etlerini soğanlar ile beraber iyice kavurun. Diğer tarafta 1 adet kapya biber ve 1 adet yeşil biberi ince ince doğrayın. Pişmiş olan tavuk etlerinin üzerine doğranmış biberleri, damak tadınıza göre tuz, köri ve kimyon koyun. Biberler hafifçe yumuşayana kadar ara ara karıştırarak, kavurun. Püre için; haşladığınız patateslerin suyunu süzün. Sıcakken üzerine 1 yemek kaşığı tereyağı, 3 yemek kaşığı rendelenmiş kaşar peynir, tuz ve yarım su bardağı süt koyun. Patatesleri püre haline gelene kadar iyice ezin. Hazırladığınız patates püresini servis tabağı içine yayın. Üzerine tavuk soteyi koyun."
Et Kavurma,ana yemek,kuşbaşı doğranmış dana eti küçük boy kuru soğan sarımsak zeytinyağı tuz,"Orta boy bir tencereyi ocak üzerine alıp, iyice ısıtın. Isınan tencerenin içine yarım kilo kuşbaşı doğranmış eti koyun. Yüksek ateş üzerinde etlerin rengi değişip, suyunu salana kadar sürekli karıştırarak, kavurun. Suyunu salan etlerin üzerine 4-5 yemek kaşığı zeytinyağı döküp, 2-3 kere karıştırın. Daha sonra etlerin üzerine 1 adet küçük boy kuru soğanı dörde bölüp ekleyin. Ardından da 2 küçük diş sarımsak koyun. Son olarak etlerin üzerine yarım çay bardağı kadar sıcak su döküp, karıştırın. Tencerenin kapağını kapatıp, kısık ateş üzerinde etler suyunu çekip, yumuşayana kadar yaklaşık 40-45 dakika pişirin. Etler suyunu çekip, iyice yumuşadıktan sonra üzerine damak tadınıza göre tuz ekleyip, karıştırın."
Saray Usulü Kıymalı Çılbır,ana yemek,yumurta kıyma soğan kırmızı biber maydanoz su tuz sirke yoğurt zeytinyağı kırmızı pul biber,"Orta boy geniş bir tavaya ince ince doğranmış soğan koyun. Üzerine zeytinyağı ekleyip, 1 dakika kadar kavurun. Ardından kıyma koyun. Sürekli karıştırarak, kıymayı pişirin. Daha sonra kıymalı harcın üzerine minik küpler halinde doğranmış kırmızı kapya biber ekleyin. Biberler yumuşayana kadar ara ara karıştırarak, pişirmeye devam edin. Son olarak damak tadınıza göre tuz, karabiber ve maydanoz ekleyin. Kıymalı harcı güzelce karıştırıp, ocak üzerinden alın. Derin bir tencereye su koyun. Suyun içine az miktar tuz ve sirke ekleyip, kaynamaya bırakın. Su kaynadıktan sonra ocağın altını çok az kısın. İçine yumurtayı alçaktan direk olarak kırın. Yumurtayı karıştırmadan 3 dakika kadar haşlayın. Daha sonra delikli bir kepçe yardımı ile yumurtayı sudan alın. Yoğurdun içine az miktar tuz koyun. Yoğurt pürüzsüz olana kadar çırpın. Çılbırın üzeri için zeytinyağını küçük bir sos tavası içine koyun. Üzerine kırmızı pul biber ekleyip, hafifçe kızdırın. Küçük bir servis tabağının tabanına kıymalı harcı koyup, hafifçe yayın. Harcın üzerine yoğurtlu karışımı dökün. Yoğurdun üzerine de çılbırı yerleştirin. Hazırladığınız saray usulü kıymalı çılbır üzerine yağda kızdırdığınız kırmızı biberi döküp, servis edebilirsiniz."
Sodalı Tavuk Şinitzel,ana yemek,tavuk fileto soda süt tuz kimyon köri kekik yumurta un galeta unu,"Tavuk etlerini soda, süt, tuz, kimyon, köri ve kekik ile karıştırın. Tavuk etlerini buzdolabında en az 3-4 saat bekletin. Yumurtaları çırpın. Un ve galeta ununu hazırlayın. Tavuk etlerini un, yumurta ve galeta ununa bulayın. Kızgın yağda tavuk etlerini kızartın. Kızaran tavuk etlerini kağıt havlu serili tabak üzerine alın."
Sulu Köfte,ana yemek,kıyma kısırlık bulgur sarıkmsak un patates kuru soğan sıvı yağ domates salçası tuz karabiber kırmızı pul biber,"400 gr kıymayı bir kap içine koyun. Üzerine 2 diş sarımsak rendeleyin. Damak tadınıza göre tuz, karabiber ve kırmızı pul biber ekleyin. 4 yemek kaşığı kısırlık bulgur da koyun. Eliniz ile harcı iyice yoğurun. Geniş bir tepsi içine 2 yemek kaşığı un serpiştirin. Köfte harcından küçük parçalar alıp, elinizde yuvarlayın. Un serptiğiniz tepsi içine koyun. Tepsiyi sallayıp, köftelerin unlanmasını sağlayın. 4 adet orta boy patatesin kabuğunu soyup, orta büyüklükte küpler halinde kesin. 1 adet soğanı ince ince doğrayın. Geniş bir tencere içine 3 yemek kaşığı sıvı yağ koyun. Üzerine ince ince doğranmış soğan ekleyip, 2 dakika kavurun. Ardından 2 yemek kaşığı domates salçası koyun. Salçayı da 2 dakika kadar kavurun. Daha sonra tencereye doğranmış patatesleri ekleyip, 2-3 kere karıştırın. Patateslerin üzerini 2 parmak geçecek kadar sıcak su dökün. Karıştırıp, kaynamaya bırakın. Kaynamaya başlayan yemeğin içine una buladığınız köfteleri ekleyin. Son olarak sulu köftenin içine damak tadınıza göre tuz ve karabiber koyup, karıştırın. Tencerenin kapağını kapatıp, kısık ateş üzerinde 25-30 dakika kadar pişirin. Yemeğin suyu az ise sıcak su ekleyebilirsiniz. Sulu köfte piştikten sonra ocağın altını kapatıp, 5-10 dakika kadar dinlenmeye bırakın. Daha sonra sıcak olarak servis edebilirsiniz."
Sütlü Köfte,ana yemek,orta yağlı kıyma soğan sarımsak süt galeta unu karbonat tuz kekik kırmızı pul biber kimyon karabiber,"Derin bir kaba orta yağlı kıyma koyun. 1 adet orta boy soğanı rendeleyin ve kıymaya ekleyin. 1 diş rendelenmiş sarımsak ekleyin. Karbonat, tuz, kekik, kırmızı pul biber, kimyon ve karabiber ekleyin. Galeta unu ve sütü ayrı bir kasede karıştırın. Galeta unlu sütlü karışımı kıymalı harca ekleyin. Tüm köfte harcını eliniz ile yaklaşık 10 dakika kadar yoğurun. Köfte harcını buzdolabında en az 1 saat dinlenmeye bırakın. Dinlenen köfte harcından cevizden biraz büyük parçalar alıp, elinizde oval şeklini verin. Şekil verdiğiniz köfteleri yağlı kağıt serili fırın tepsisi içine yerleştirin. Önceden ısıtılmış 190 derece fırına verin. Köftelerin üzerleri güzelce kızarana kadar pişirin. Üzeri kızaran köfteleri ters çevirin ve 3-4 dakika daha kızarmasını sağlayın."
Tavada Izgara Tavuk,ana yemek,kemiksiz pirzola tavuk yoğurt biber salçası zeytinyağı köri kimyon tuz,"Tavuk etini orta boy bir kaba koyun. Üzerine yarım yemek kaşığı yoğurt, yarım çay kaşığı biber salçası, 2 yemek kaşığı zeytinyağı, tuz, kimyon ve az miktar köri ekleyin. Eliniz ile iyice harmanlayın. Bu şekilde 1 saat kadar dinlenmeye bırakın. Daha sonra geniş bir tavayı ocağın üzerine koyun. Yüksek ateşte tavayı iyice kızdırın. Tava yeterince kızdığında içine soslu tavuk etlerini koyun. Orta ateş üzerinde tavada ızgara tavukları arkalı önlü pişirin. Tavada ızgara tavuklar piştikten sonra servis tabağına alın. Yanında pirinç ya da bulgur pilavı ve közlenmiş biber ile sıcak olarak servis edebilirsiniz."
Tavada Tavuk Kanat,ana yemek,tavuk kanat su zeytinyağı pul biber tuz kimyon karabiber,"Orta boy bir kap içine 650 gr tavuk kanadını koyun. Üzerine 2 yemek kaşığı zeytinyağı, yarım çay kaşığı pul biber, 1 çay kaşığı tuz, az miktarlarda kimyon ve karabiber ekleyin. Eliniz ile tüm malzemeyi iyice harmanlayın. Ardından kabın üzerini streç film ile kapatıp, buzdolabında 1 saat kadar, marine olması için bekletin. Marine ettiğiniz tavuk kanatlarını teflon tava içine dizin. Tavanın kenarından yarım çay bardağı kadar su ekleyin. Tavanın kapağını kapatıp, tavuk kanatlar suyunu çekene kadar pişirin. Suyunu çeken tavuk kanatlarını bir süre daha tavada bu şekilde kızartın. Ön yüzleri kızardıktan sonra, diğer yüzünü de güzelce kızartın. Kızaran tavuk kanatlarını servis tabağına alıp, sıcak olarak servis edebilirsiniz."
Tavuklu Karnabahar Sote,ana yemek,karnabahar kuşbaşı tavuk eti domates salçası soğan sarımsak kırmızı biber yeşil biber tuz karabiber zeytinyağı,"Geniş bir tava içine 3 yemek kaşığı zeytinyağı ekleyin. Üzerine ince ince doğranmış soğan ve sarımsakları ekleyin. 1 dakika kadar soteleyin. Daha sonra tavaya 350 gr kuşbaşı doğranmış tavuk etlerini koyun. Tavuk etlerini 5 dakika sürekli karıştırarak, kavurun. Ardından tavaya küçük küçük çiçeklerine ayırdığınız karnabaharları ve doğradığınız biberleri ekleyin. 5 dakika kadar ara ara karıştırarak, kavurun. Diğer tarafta küçük bir kap içinde 1 çay kaşığı salçayı küçük bir çay bardağı su ile eritin. Tavuklu karnabahar sote üzerine dökün. Tuz ve karabiber ekleyip, karıştırın. Tavanın kapağını kapatın. Karnabaharlar yumuşayana kadar pişirin."
Tavuklu Karnıyarık,ana yemek,tavuk göğsü patlıcan soğan sivri biber domates sarımsak maydanoz kekik tuz karabiber sıvıyağ,"Patlıcanların sapını kesip, alacalı soyun. Ortadan uzunlamasına bıçakla kesik atın. Tuzlu su içerisinde 10-15 dakika bekletin. Suyunu süzüp, kurulayın. Derin bir tavaya sıvı yağ koyup, kızdırın. Patlıcanları koyup, arkalı önlü güzelce kızartın. Kızaran patlıcanları kağıt havlu üzerine alıp, fazla yağının süzülmesini sağlayın. Geniş bir tava içine zeytinyağı koyun. Üzerine soğan, sarımsak ve sivri biber ekleyip, 2-3 dakika kavurun. Tavuk etini ekleyin. 5 dakika sürekli karıştırarak, kavurun. Domatesi de koyun. Domatesler güzelce yumuşayıp, hafifçe suyunu çekene kadar pişirin. Tavuklu harcın üzerine maydanoz, tuz, karabiber ve kekik ekleyin. Tüm harcı güzelce karıştırıp, ocak üzerinden alın. Kızaran patlıcanları fırın kabına dizip, orta kısımlarını dikkatli bir şekilde açın. İç kısımlarını hazırladığınız tavuklu harç ile doldurun. Önceden ısıtılmış 180 derece fırına verip, yaklaşık 15 dakika pişirin."
Tavuk Pane,ana yemek,tavuk göğsü fileto süt zeytinyağı tuz sıvı yağ galeta unu sade mısır gevreği kimyon köri zerdeçal kekik kırmızı toz biber,"Tavuk göğsü filetosunu dilimleyin. Dilimlediğiniz tavuk etlerini yaygan bir kaba koyun. Etlerin üzerine süt, zeytinyağı ve tuz ekleyin. Tavuk etlerini sos ile birlikte iyice harmanlayın. Kabın üzerini kapatıp, tavuk etlerini buzdolabında 2 saat marine edin. Pane harcı için mutfak robotu içine sade mısır gevreği koyun. Mısır gevreğinin üzerine galeta unu, kimyon, tuz, zerdeçal, köri, kekik ve kırmızı toz biber ekleyin. Tavuk pane harcını robottan 2-3 kere geçirip, karışmasını sağlayın. Marine olan tavuk etlerini buzdolabından çıkartıp, 10 dakika kadar oda ısısında bekletin. Pane harcının yarısından biraz fazlasını yaygan bir kaba koyun. Marine ettiğiniz tavuk etlerini tek tek alıp, pane harcına arkalı önlü bulayın. Paneli tavuk etlerini kızgın yağ içine koyun. Her iki tarafını iyice kızarana kadar pişirin. Kızaran çıtır tavuk paneleri kağıt havlu üzerine koyup, fazla yağını çektirdikten sonra sıcak olarak servis edebilirsiniz."
Tencerede Köfteli Karnabahar Yemeği,ana yemek,karnabahar kıyma soğan maydanoz patates havuç pirinç domates salçası tereyağı zeytinyağı tuz karabiber,"Köfte harcını hazırlayın. Köfte harcından küçük parçalar alıp, elinizde yuvarlayın. Karnabaharı küçük dallarına ayırıp, yıkayın. Havuç ve patatesin kabuğunu soyup, küpler halinde kesin. Tencereye tereyağı, zeytinyağı ve domates salçası koyup, kavurun. Pirinci ekleyip, kavurun. Doğranmış havuç, patates ve karnabaharı ekleyip, karıştırın. Sıcak su ve tuz ekleyip, karıştırın. Kaynamaya bırakın. Kaynayan yemeğin içine köfteleri ekleyip, karıştırın. Tencerenin kapağını kapatın ve pişirin."
Tencerede Sebzeli Tavuk Yemeği,ana yemek,tavuk incik patates havuç soğan domates yeşil biber sarımsak domates salçası tuz karabiber,"Patates, soğan ve domatesin kabuğunu soyun. Halkalar halinde kesin. Havuç ve yeşil biberi jülyen şeklinde doğrayın. Tencereye soğanları dizin. Üzerlerine havuçları ve patatesleri yerleştirin. Sebzelerin üzerine tavuk inciklerini dizin. Tavuk etlerin üzerine domates dilimleri yerleştirin. Biber dilimlerini de yerleştirin. Ara kısımlarına sarımsak koyun. Tuz ve karabiber serpiştirin. Domates salçasını 1 su bardağı su ile ezin. Sebzeli tavuk yemeğinin üzerine salçalı sosu dökün. Tencerenin kapağını kapatıp, kaynamaya bırakın. Kaynadıktan sonra yemeği kısık ateş üzerinde 35-40 dakika kadar pişirin."
Yoğurtlu Semizotu Yatağında Bulgur Köftesi,ana yemek,semizotu yoğurt sarımsak tuz ince bulgur sıcak su un irmik biber salçası kimyon karabiber tuz su biber salçası domates salçası zeytinyağı kırmızı pul biber domates,"2 su bardağı ince bulguru derin bir kap içine koyun. Üzerine 2 su bardağı sıcak su döküp, karıştırın. Üzerini kapatıp, bulgur şişene kadar 15 dakika bekletin. Daha sonra şişen bulguru 2-3 kere karıştırın. Üzerine 1 su bardağı un ve 1 çay bardağı irmik koyun. Ardından 1 tatlı kaşığı biber salçası, 1 tatlı kaşığı kimyon, 1 çay kaşığı karabiber ve 1 tatlı kaşığı tuz ekleyin. 1 su bardağına yakın suyu azar azar dökerek, köfte kıvamına gelinceye kadar eliniz ile iyice yoğurun. Köftelerin dağılmaması için harcı mutlaka iyice yoğurmanız gerekir. Köfteleri elinizde kolay bir şekilde yuvarlayabiliyorsanız, köfteniz olmuş demektir. Köftenin kıvamı çok katı ve de zor yuvarlanıyorsa az miktar su ya da cıvık yani çok fazla ele yapışıyorsa un ilavesi yapabilirsiniz. Hazırladığınız bulgurlu karışımdan küçük parçalar alın. Elinizde yuvarlayıp, hafifçe un serptiğiniz geniş bir tepsi içine koyun. Köfteleri yuvarlama sırasında eliniz hamurlaşırsa mutlaka yıkayın. Yoksa köfteleri yuvarlamakta zorluk çekersiniz. Diğer tarafta derin bir tencere içine 7-8 su bardağı su, yarım limon suyu ve az miktar tuz koyup, kaynamaya bırakın. Kaynayan su içine köftelerin yarısını yavaşça koyup, karıştırın. Köfteler su yüzeyine hafifçe çıkana kadar yaklaşık 15-20 dakika pişirin. Daha sonra köfteleri delikli kepçe ile süzerek, geniş bir kaba alın. Diğer kalan bulgur köfteleri de suya koyup, aynı şekilde pişirin. Bulgur köftesinin sosu için; 1 ya da 2 diş sarımsağı havanda dövün. 2 adet orta boy domatesin kabuğunu soyup, rendeleyin. Daha sonra geniş ve hafifçe derin bir tencere içine dövülmüş sarımsağı ve 1 buçuk çay bardağı zeytinyağı koyun. Sarımsakları yağın içinde biraz ısıtıp, kokusunun çıkmasını sağlayın. Ardından 1 yemek kaşığı biber salçası ve 1 yemek kaşığı domates salçası ekleyin. Salçaların hafifçe kokusu çıkana kadar kavurun. Daha sonra tencereye rendelenmiş domatesleri, az miktar tuz ve 1 çay kaşığı kırmızı pulbiber koyun. Sosu 5 dakika kadar ara ara karıştırarak, pişirin. Pişen bulgur köftelerini hazırladığınız sosun içine koyun. Köfteleri sosla beraber yavaşça karıştırıp, kenarda bekletin. Diğer tarafta 1 büyük demet semizotunu ayıklayın. İyice yıkayıp, kurulayın. Bir kap içine semizotlarını biraz iri olacak şekilde doğrayın. Daha sonra semizotlarının üzerine 1-1 buçuk su bardağı kadar yoğurt, 1 diş rendelenmiş sarımsak ve az miktar tuz ekleyin. Yoğurtlu semizotu salatasını iyice karıştırın. Yoğurtlu semizotunu genişçe bir servis tabağının tabanına yayın. Üzerine de soslu bulgur köftesini koyun."
Zade Kebabı,ana yemek,kuşbaşı doğranmış et uzun kemer patlıcan orta boy patates orta boy soğan yeşil biber orta boy domates sarımsak domates salçası zeytinyağı tuz karabiber rendelenmiş kaşar peynir,"Kuşbaşı doğranmış eti kızgın bir teflon tencere içine koyun. Etlerin üzerini biraz geçecek kadar su dökün. Etler suyunu çekip, yumuşayıncaya kadar pişirin. Patlıcanları alacalı olarak soyup, sap kısımlarını kesin. Patlıcanları kızgın yağ içinde arkalı önlü kızartın. Kızaran patlıcanları kağıt havlu üzerine alıp, yağlarının süzülmesini sağlayın. Doğranmış patatesleri de kızgın yağ içinde kızartın. Etler piştikten sonra içine zeytinyağı dökün. Doğranmış sarımsak, soğan ve biberleri ekleyin. Soğan ve biberler yumuşayana kadar kavurun. Doğranmış domates ve domates salçası koyun. Domatesler yumuşayıp, suyunu çekene kadar pişirin. Et harcı piştikten sonra damak tadınıza göre tuz, karabiber ve kızarttığınız patatesleri ekleyip, iyice karıştırın. Tencereyi ocaktan alıp, etli patates harcını 10 dakika kadar dinlenmeye bırakın. Güveç kabına kızarttığınız patlıcanları çapraz şekilde üst üste koyup, uç kısımlarını sarkıtın. Patlıcanların üzerine tuz serpiştirin. Patlıcanların orta kısmına etli patates harcından koyun. Dışarı sarkan patlıcanları harcın üzerine kapatın. Hazırladığınız zade kebabının üzerine rendelenmiş kaşar peynir serpiştirin. Önceden ısıtılmış 180 derece fırına verin. Üzeri hafifçe kızarana kadar yaklaşık 20 dakika pişirin."
Ciğer Sarma,ana yemek,kuzu gömleği kuzu ciğer pirinç kuş üzümü zeytinyağı tuz karabiber kimyon yumurta sarısı,"Ciğerleri minik küpler halinde doğrayın. Pirinci yıkayıp, süzün. Tencere içine zeytinyağı koyun. Üzerine ciğerleri ekleyin. Ciğerleri 10 dakika ara ara karıştırarak, pişirin. Ciğerlerin üzerine pirinci, kuş üzümü, tuz, kimyon ve karabiber ekleyin. Pirinci ve kuş üzümünü ciğerler ile birlikte 3-4 dakika kadar kavurun. Tencereye su döküp, karıştırın. Kaynadıktan sonra kısık ateş üzerinde pirinçler suyunu çekene kadar pişirin. Kuzu gömleğini en az 15 dakika ılık su içinde ıslatıp yumuşamasını sağlayın. Gömlek kısımlarını bohça şeklinde pilavın üzerine doğru kapatın. Hazırladığınız ciğer sarmayı orta boy bir fırın kabı içine dizin. Üzerlerine yumurta sarısı sürün. Fırın kabının içine yarım su bardağı su koyun. Önceden ısıtılmış 190 derece fırına verin."
Et Şinitzel,ana yemek,dilim dana eti yumurta un galeta unu tuz karabiber,"3 dilim dana etini bir buzdolabı poşeti içine koyun. Merdane yardımı ile etin üzerine defalarca bastırıp, incelmesini ve genişlemesini sağlayın. İnceliği yaklaşık 0.5 cm olmalıdır. 4-5 yemek kaşığı unu geniş bir kaba alın. Üzerine tuz ve karabiber ekleyip, karıştırın. Ayrı geniş bir tabak içine 1 adet yumurta kırıp, iyice çırpın. Başka düz bir tabak içine 5-6 yemek kaşığı galeta unu koyun. Merdane yardımı ile incelttiğiniz etlerin her iki tarafını önce una bulayın. Eti una buladıktan sonra arkalı önlü yumurtaya bulayın. Son olarak etleri galeta ununa bulayın. Galeta unun etlerin her tarafını eşit miktarda kaplamasını sağlayın. Geniş ve hafifçe derin bir tava içine sıvı yağ koyup, kızdırın. Hazırladığınız et şinitzelleri kızgın yağ içinde arkalı önlü kızartın. Her iki tarafı için yaklaşık 3-4 dakika pişirmek yeterli oluyor."
Fırında İzmir Köfte,ana yemek,köftelik kıyma yumurta kuru soğan maydanoz galeta unu tuz karabiber kekik kimyon patates domates salçası ılık su sıvı yağ domates biber,"Köftelik kıyma, yumurta, kuru soğan, maydanoz, galeta unu, tuz, karabiber, kekik ve kimyon karıştırılır. Köfte harcı ceviz büyüklüğünde parçalar halinde şekillendirilir. Patatesler soyulur ve elma dilimi şeklinde dilimlenir. Patatesler kızgın yağda kızartılır. Köfteler kızgın yağda kızartılır. Köfte ve patatesler fırın kabına dizilir. Domates salçası, ılık su ve tuz karıştırılır. Salçalı karışım köfte ve patateslerin üzerine dökülür. Domates ve biber dilimleri üzerine yerleştirilir. Fırında 15-20 dakika pişirilir."
Fırında Tavuk Tava,ana yemek,tavuk kalça patates domates soğan sivri biber zeytinyağı domates salçası su sarımsak karabiber kırmızı toz biber kekik kırmızı pul biber tuz,"Tavuk kalçayı orta büyüklükte doğrayın. Sos için; geniş bir kap içine 1 diş ezilmiş sarımsak, 1 çay kaşığı karabiber, 1 tatlı kaşığı kırmızı toz biber, 1 tatlı kaşığı kekik, 1 çay kaşığı kırmızı pul biber ve 1 tatlı kaşığı tuz koyun. Tuz ve baharat miktarlarını isteğe göre azaltıp, çoğaltabilirsiniz. Ardından kaba 5 yemek kaşığı zeytinyağı, 4-5 yemek kaşığı su ve 1 tatlı kaşığı domates salçası ekleyin. Tüm sos malzemelerinin iyice karışmasını sağlayın. Sosun üzerine doğradığınız tavuk etlerini koyun. Tavuk etlerini sos ile birlikte güzelce harmanlayın. Ardından kabın üzerini streç film ile kapatın. Tavuk etlerini bu şekilde buzdolabında 2 saat kadar dinlenmeye bırakın. Diğer tarafta 2 adet orta boy patates ve 1 adet orta boy domatesin kabuğunu soyup, orta büyüklükte doğrayın. 2 adet büyük boy sivri biberi de orta büyüklükte doğrayın. 1 adet orta boy soğanın kavuğunu soyup, ay şeklinde ince ince doğrayın. Daha sonra buzdolabında dinlenen soslu tavuk etlerinin üzerine doğradığınız tüm sebzeleri ekleyin. Sebzeleri de soslu tavuk etleri ile birlikte güzelce harmanlayın. Hazırladığınız tavuklu sebze karışımını geniş bir fırın tepsisi içine koyup, güzelce yayın. Üzerini hafifçe ıslattığınız yağlı kağıt ile kapatın. Önceden ısıtılmış 190 derece fırına verin. Yaklaşık 35-40 dakika kadar pişirin. Fırında tavuk tava piştikten sonra üzerindeki yağlı kağıdı alıp, tekrardan fırına verin. Üzeri hafifçe kızarana kadar 5-10 dakika daha pişirmeye devam edin."
Karnabahar Yemeği,ana yemek,karnabahar soğan havuç domates salçası zeytinyağı tuz,"Karnabaharı küçük küçük dallarına ayırıp, yıkayın. 4 yemek kaşığı zeytinyağı koyun. Yağın üzerine 1 adet orta boy ince ince doğranmış soğan koyup, 1-2 dakika kadar kavurun. Kavrulan soğanın üzerine 1 yemek kaşığı kadar domates salçası ekleyip, salçanın kokusu çıkana kadar kavurun. Daha sonra tencereye 1 adet halkalar halinde doğranmış havucu ekleyin. Küçük küçük dallarına ayrılmış karnabaharları da koyun. Karnabaharların hafifçe üzerine gelecek kadar sıcak su ve damak tadınıza göre tuz ekleyip, karıştırın. Tencerenin kapağını kapatıp, karnabahar ve havuçlar yumuşayana kadar yaklaşık 25-30 dakika kadar pişirin."
Köfte Mantolu Patlıcan,ana yemek,patlıcan kıyma soğan galeta unu sarımsak tuz karabiber kekik kimyon kırmızı toz biber,"Patlıcanları yıkayıp, kurulayın. Patlıcanların birkaç yerine bıçak yardımı ile delikler açın. Patlıcanları yağlı kağıt serilmiş fırın tepsisine koyun. Önceden ısıtılmış 250 dereceli fırına verin. Ara ara patlıcanları çevirin. Pişen patlıcanları fırından çıkartıp, soğumaya bırakın. Kabuklarını soyun. Kıyma, rendelenmiş soğan, sarımsak, galeta unu, tuz ve baharatları yoğurun. Köfte harcından bir parça alın. Strech filmin üzerine köfte harcını elinizle yayın. Orta kısmına bir adet közlenmiş patlıcanı yerleştirin. Strech film yardımıyla sıkıca köfte harcını, közlenmiş patlıcanın üzerine sarın. Elizle köfte mantolu patlıcanın uç kısımlarını düzeltin. Hazırladığınız köfte mantolu patlıcan yemeğini yağlı kağıt serilmiş fırın tepsisine koyun. Üzerlerine 1 yemek kaşığı zeytinyağı sürün. Önceden ısıtılmış 180 derece fırına verin. Üzerleri kızarana kadar, yaklaşık 30 dakika pişirin."
Lepe Yemeği,ana yemek,pilavlık bulgur kuru soğan patates yeşil biber domates zeytinyağı domates salçası biber salçası tavuk suyu tuz kırmızı pul biber,"Soğanı ince ince doğrayın. Patatesi küçük küpler halinde kesin. Yeşil biberi halkalar halinde doğrayın. Tencereye soğan ve zeytinyağı koyun. Soğanı 2 dakika kavurun. Patatesleri ekleyip 2-3 dakika kavurun. Domates salçası, biber salçası ve yeşil biberleri koyun. Domatesleri ve baharatları koyun. Tavuk suyunu dökün. Bulguru koyun. Bulgur yumuşayıncaya kadar pişirin."
Sebzeli Et Sote,ana yemek,kuşbaşı et patates havuç domates kuru soğan yeşil biber kırmızı biber sarımsak zeytinyağı tuz karabiber kekik domates salçası,"İlk olarak 500 gr kuşbaşından biraz küçük doğranmış olan eti iyice ısıttığınız geniş bir tencere içine koyun. Etleler suyunu salıp, renk değiştirene kadar kavurun. Ardından etlerin üzerini biraz geçecek kadar su döküp, kaynamaya bırakın. Kaynamaya başlayınca üzerinde biriken köpükleri alıp, atın. Tencerenin kapağını kapatıp, orta ateş üzerinde etler yumuşayana kadar pişirin. Diğer tarafta başka bir tencere içine 2-3 yemek kaşığı zeytinyağ dökün. Üzerine 1 adet ince ince doğranmış soğan ve 1 diş ince ince doğranmış sarımsağı ekleyin. Soğan ve sarımsağı 1 dakika kavurun. Daha sonra tencereye 2 adet doğranmış yeşil biber, 1 adet küpler halinde doğranmış kırmızı biber, 1 adet minik küpler halinde doğranmış patates ve 1 adet minik küpler halinde doğranmış havucu koyun. Tekrar üzerlerine biraz zeytinyağ döküp, 2-3 dakika kadar ara ara karıştırarak, kavurun. Daha sonra sebzeli karışıma 1 adet küpler halinde doğranmış domates, 1 tatlı kaşığı domates salçası ve çok az miktar su ekleyip, karıştırın. Tencerenin kapağını kapatıp, domatesler yumuşayana kadar pişirin. Ardından tencereye pişen etleri, damak tadınıza göre tuz, karabiber ve kekik ekleyip, karıştırın. Tekrar tencerenin kapatığını kapatın. Sebzeli et soteyi 2 dakika kadar daha pişirin."
Sulu Patates Yemeği,ana yemek,patates kıyma soğan sarımsak domates salçası zeytinyağı tuz karabiber,"Orta boy geniş bir tencere içine 5 yemek kaşığı zeytinyağı koyup, ısıtın. Yağın üzerine 150 gr kıyma koyun. Kıymayı soğan ile beraber ara ara karıştırarak, 5-6 dakika daha kavurun. Tencereye 1 yemek kaşığı domates salçası koyun. Sürekli karıştırarak, 1 dakika kavurun. 4 adet orta boy patatesin kabuğunu soyup, iri küpler halinde kesin. Kestiğiniz patatesleri tencere içine ekleyin. Yemeğin üzerine damak tadınıza göre tuz, karabiber ve patateslerin üzerine çıkacak kadar sıcak su dökün. Karıştırıp, kaynamaya bırakın. Kaynadıktan sonra tencerenin kabağını kapatın. Kısık ateş üzerinde patatesler yumuşayana kadar yaklaşık 20-25 dakika pişirin."
Tavuk Izgara,ana yemek,tavuk göğsü yoğurt biber salçası zeytinyağı köri kimyon tuz,"Tavuk göğsünü uzunlamına 2-3 parçaya kesin. Etleri orta boy bir kaba koyun. Üzerine zeytinyağı gezdirin. Yarım yemek kaşığı yoğurt, yarım çay kaşığı biber salçası, damak tadınıza göre tuz, kimyon ve az miktar köri ekleyin. Tüm malzemeyi ekledikten sonra eliniz ile iyice harmanlayın. Etleri yarım saat sosta dinlenmeye bırakın. Orta boy geniş bir tavayı ocağın üzerine koyup, tavayı iyice ısıtın. Isınan tavaya soslu tavuk etlerini koyun. Yüksek ateş üzerinde kısa bir süre pişirin. Kısa bir süre pişirdikten sonra ocağın altını kısın. Kısık ateş üzerinde pişmeye bırakın. Tavada pişen tavuk etlerini arkalı önlü hafifçe kızartıp, servis tabağına alın."
Tavuk Pirzola,ana yemek,tavuk pirzola patates domates salçası yoğurt zeytinyağı karabiber köri kimyon kekik tuz,"Tavuk pirzolaları yıkayıp, süzmeye bırakın. Bir kaba domates salçası, yoğurt, zeytinyağı, karabiber, köri, kimyon, kekik ve tuz koyun. Sosu tel çırpıcı yardımı ile iyice karıştırın. Hazırladığınız sosun içine tavuk pirzolaları koyun. Tavuk etlerini eliniz ile iyice harmanlayıp, üzerini kapatın. Tavuk etlerini buzdolabında en az 2 saat dinlenmeye bırakın. Dinlenen tavuk etlerini buzdolabından çıkartın. Soslu tavuk etlerini sığacakları bir fırın kabı içine yerleştirin. Patatesi kabuğunu soyup, elma dilimi şeklinde dilimleyin. Tavuk etlerinin olduğu kapta kalan sosun üzerine dilimlediğiniz patatesleri ekleyip, eliniz ile iyice harmanlayın. Sosladığınız patatesleri de tavuk etlerinin boşlukta kalan kısımlarına yerleştirin. Fırın kabının üzerine yağlı kağıdı serin. Hazırladığınız tavuk pirzolayı önceden ısıtılmış 190 derece fırına verin. Yaklaşık 40 dakika kadar pişirin. Fırından çıkartıp, üzerini açın. Tekrar fırına verip, üzeri güzelce kızarana kadar pişirin. Tavuk pirzola piştikten sonra fırından çıkartıp, sıcak olarak servis edebilirsiniz."
Akçaabat Köftesi,ana yemek,köftelik kıyma yumurta sarısı toz şeker kimyon kırmızı pul biber sarımsak tuz karabiber,"Bir kap içine 500 gr köftelik kıyma koyun. Kıymanın üzerine 1 adet yumurta sarısı, 1 yemek kaşığı toz şeker, 2 diş rendelenmiş sarımsak, 1 çay kaşığı kimyon, 1 çay kaşığı kırmızı pul biber, damak tadınıza göre tuz ve karabiber ekleyin. Tüm köfte harcını yaklaşık 5 dakika kadar iyice yoğurun. Köfte harcının üzerini kapatıp, 1 gece buzdolabında dinlenmeye bırakın. Geniş bir teflon tavayı orta ateş üzerinde ısıtın. Köfte harcından cevizden büyük parçalar alın. Elinizde yuvarlak şekli verip, tava içine dizin. Köfteleri tavada arkalı önlü kızarana kadar pişirin."
Beşamel Soslu Ispanaklı Krep,ana yemek,ıspanak soğan zeytinyağı tuz karabiber süt un yumurta sıvı yağ tereayağı un süt,Krepin hamurunu hazırlayın. Ispanaklı harcı hazırlayın. Krepleri hazırlayın. Beşamel sosu hazırlayın. Krepleri fırında pişirin.
Fırında Kıymalı Patates Dizmesi,ana yemek,patates kıyma soğan yeşil biber domates domates salçası zeytinyağı su tuz karabiber,"Patatesleri soyup, yıkayın. Çok kalın ve ince olmayacak şekilde halkalar şeklinde kesin. Kararmamaları için su içinde bekletin. Geniş bir tava içine 1 adet ince ince doğranmış soğan koyun. Üzerine 4 yemek kaşığı zeytinyağı ekleyip, 1 dakika kadar kavurun. Kavrulan soğanın üzerine 650 gr kıyma ekleyin. Sürekli karıştırarak, 10 dakika kadar kıymayı pişirin. Daha sonra pişen kıymanın üzerine 1 adet ince ince doğranmış domates ve 1 adet yeşil biberi koyun. Ara ara karıştırarak, 10 dakika daha pişirin. Ardından 1 yemek kaşığı domates salçası da ekleyip, 1 dakika kadar daha kavurun. Son olarak kıymalı harcın üzerine 1 buçuk su bardağı kadar ılık su, damak tadınıza göre tuz ve karabiber ekleyip, karıştırın. Daha sonra yuvarlak derin orta büyüklükte bir fırın kabı içine harcın suyunu süzerek, sadece kıymalı kısmını koyun. Ardından halkalar halinde kestiğiniz patatesleri kıymalı harcın içine hafifçe batırarak dizin. Dizme işlemi bittikten sonra tavada kalan kıymalı harcın suyunu patateslerin ara kısımlarına ve üzerine gezdirerek, dökün. Eğer yemeğin suyu az ise biraz daha ılık su ekleyin. Ardından kabın üzerine yağlı kağıt serin. Yağlı kağıdın da üzerini alimünyum folyo ile örtün. Önceden ısıtılmış 180 derece fırına verin. Yaklaşık 35-40 dakika kadar pişirin. Süre sonunda fırından kabı alıp, üzerindeki yağlı kağıt ve folyoyu çıkartın. Patateslerin üzerine domates ve biber dilimleri yerleştirin. Tekrar fırına verin. Üzeri hafifçe kızarana kadar yaklaşık 10-15 dakika daha pişirin."
Fırında Kuzu Gerdan,ana yemek,kuzu gerdan patates soğan sarımsak tereyağı zeytinyağı su domates salçası kekik kırmızı toz biber karabiber tuz,"Kuzu gerdanları yıkayıp süzün Tereyağı ve zeytinyağını ısıtın Kuzu gerdanları mühürleyin Patates, soğan ve sarımsakları doğrayın Sebzeleri sos ile harmanlayın Etleri ve sebzeleri fırın kabına yerleştirin Fırın kabının üzerini yağlı kağıt ile kapatın Fırında 1,5 saat pişirin Yağlı kağıdı alın ve etleri ters çevirin 10 dakika daha pişirin"
Fırında Patatesli Tavuk But Yemeği,ana yemek,tavuk but patates domates salçası yoğurt sıvıyağ sarımsak tuz kekik kimyon köri kırmızı pulbiber,"Tavuk butlarını yıkayıp, temizleyin. Bıçak yardımı ile birkaç yerinden kesikler atın. Domates salçası, yoğurt, sıvıyağ, sarımsak, tuz, kekik, kimyon, köri, ve kırmızı pul biberi karıştırın. Tavuk butlarını sos ile harmanlayın. Üzerini streç film ile kapatıp, buzdolabında 1 saat dinlenmeye bırakın. Patateslerin kabuklarını soyup, yıkayın. Elma dilimi şeklinde kesin. Patateslerin üzerine sıvıyağ, tuz, kekik, kırmızı pul biber ekleyip, harmanlayın. Patates dilimlerini fırın kabına koyun. Üzerlerine soslu tavuk butları yerleştirin. Önceden ısıtılmış 180 derece fırına verin. Üzerleri kızarana kadar yaklaşık 35 dakika pişirin."
Fırında Soslu Tavuk Kanat,ana yemek,tavuk kanat yoğurt domates salçası zeytinyağı sarımsak kırmızı pul biber kekik tuz karabiber,"Hafif derince bir kap içine 1 yemek kaşığı yoğurt ve 1 çay kaşığı domates salçası koyun. Üzerine 2 yemek kaşığı zeytinyağı, 1 diş rendelenmiş sarımsak, yarım çay kaşığı kırmızı pul biber, 1 çay kaşığı kekik, tuz ve karabiber ekleyin. Tüm sos malzemelerini iyice karıştırın. Daha sonra hazırladığınız sosun içine 650 gr tavuk kanatlarını koyun. Tavuk kanatlarını sos içinde eliniz ile iyice harmanlayın. Kabın üzerini streç film ile örtüp, buzdolabında 1-2 saat kadar bekletin. Soslu tavuk kanatlarını yağlı kağıt serili fırın kabı içine dizin. Önceden ısıtılmış 180 derece fırına verin. Üzerleri iyice kızarana kadar pişirin. Soslu tavuk kanatları piştikten sonra fırından alıp, her birini ters çevirin. Tekrar fırına verin. Yaklaşık 10 dakika kadar diğer yüzlerinin hafifçe kızarmasını sağlayın."
Izgara Köfte,ana yemek,orta yağlı kıyma kuru soğan galeta unu tuz kırmızı toz biber kırmızı pul biber kimyon karabiber karbonat maden suyu,"Derin bir kap içine 1 kilo orta yağlı kıyma koyun. 2 adet orta boy soğanı rendeleyin. Rendelediğiniz soğanın suyu varsa suyunu süzüp, kıymanın üzerine ekleyin. 1 çay bardağı galeta unu koyun. Üzerine 1 şişe maden suyunu döküp, güzelce karıştırın. Maden sulu karışımı harcın üzerine koyun. 1 yemek kaşığı tuz, 1 tatlı kaşığı kırmızı toz biber, 1 tatlı kaşığı kırmızı pul biber, 1 tatlı kaşığı kimyon, 1 çay kaşığı karabiber ve 1 çay kaşığı dolusu karbonat koyun. Tüm köfte harcını eliniz ile iyice yoğurun. Hazırladığınız köfte harcını buzdolabında en az 1 saat dinlenmeye bırakın. Dinlenen köfte harcından ceviz büyüklüğünde parçalar alıp, eliniz de oval şeklini verin. Hazırladığınız köfteleri ızgarada pişirerek, servis edebilirsiniz."
Köfte Ekmek,ana yemek,baston ekmek kuru soğan domates maydanoz tuz kıyma sarımsak galeta unu maden suyu karbonat kekik kırmızı pul biber kimyon karabiber,Köfte harcını hazırlayın. Köfte harcını buzdolabında en az 1 saat dinlendirin. Köfteleri şekillendirin. Köfteleri fırında pişirin. Ekmekleri hazırlayın. Köfteleri ekmeklere yerleştirin. Soğan harcını ve domates dilimlerini ekleyin.
Kuzu Külbastı,ana yemek,kuzu külbastı zeytinyağı kekik biberiye tuz karabiber,"4 adet kuzu külbastıyı yayvan bir kabın içine yerleştirin. Üzerlerine damak tadınıza göre tuz ve karabiber serpiştirin. Daha sonra etlerin üzerine yarım çay bardağı zeytinyağını gezdirerek, dökün. Son olarak etlerin üzerine 3 dal kekik ve 2 dal biberiye ekleyin. Eliniz ile güzelce harmanlayıp, marinenin etlerin her tarafına gelmesini sağlayın. Ardından kabın üzerini streç film ile kapatıp, buzdolabında en az 1-2 saat kadar bekletin. Kuzu külbastılar marine olduktan sonra döküm bir tavayı ocak üzerine alıp, iyice ısınmasını sağlayın. Döküm tava iyice ısındıktan sonra üzerine marine ettiğiniz etleri güzelce yerleştirin. Kuzu külbastıların her iki tarafını yüksek ateş üzerinde 5 er dakika pişirin. Kuzu külbastıları pişirdikten sonra servis etmeden önce bir tabak üzerine alıp, 3-4 dakika kadar dinlenmeye bırakın."
Tavuklu Ali Nazik,ana yemek,tavuk eti zeytinyağı yeşil biber domates domates salçası tuz karabiber patlıcan yoğurt sarımsak,"Geniş bir tencere içine yarım çay bardağı zeytinyağı dökün. Üzerine doğranmış biberleri ekleyip, 1 dakika soteleyin. Ardından doğranmış tavuk etlerini koyun. Suyunu salıp, çekene kadar pişirin. Daha sonra pişen tavuk etlerinin üzerine doğranmış domatesi ve 1 tatlı kaşığı domates salçası ekleyin. Domatesler iyice yumuşayıp, hafifçe suyunu çekene kadar pişirin. Son olarak tavuklu harca damak tadınıza göre tuz ve karabiber koyup, karıştırın. Soğuyan közlenmiş patlıcanların kabuğunu soyup, bıçak ile ince ince kıyın. Çukur bir kaba patlıcanları koyun. Üzerine 1 su bardağı iyice çırpılmış yoğurt, 1 küçük diş rendelenmiş sarımsak ve tuz ekleyin. Kaşık yardımı ile iyice karıştırın. Hazırladığınız yoğurtlu patlıcanı servis tabağına koyup, yayın. Üzerine tavuklu harcı koyun. Hazırladığınız tavuklu ali nazik kebabının üzerine 1 tutam ince ince doğranmış maydanoz serpiştirin."
Tencerede Etli Kuru Fasulye,ana yemek,fasulye kuşbaşı doğranmış et kuru soğan zeytinyağı tereyağı tepelemedomates salçası tuz,"2 su bardağı kuru fasulyeyi derin bir tencere içine koyun. Üzerini 2-3 parmak geçecek kadar su döküp, 1 gece bu şekilde bekletin. Ertesi gün kuru fasulyenin bekletildiği suyu dökün. Tekrar üzerini örtecek kadar su dökün. Ocak üzerine alıp, kaynamaya bırakın. Kaynadıktan sonra ocağın altını biraz kısın. Kuru fasulyeler hafifçe yumuşayana kadar pişirin. Kaynama işlemi sırasında suyun yüzeyinde biriken köpükler olacaktır. Bu köpükleri bir kaşık yardımı ile sürekli alıp, atın. Fasulyeler istenilen kıvamda piştikten sonra ocaktan alıp, suyunu süzün. Diğer tarafta küçük derin bir tencere içine 2 yemek kaşığı zeytinyağı döküp, ısıtın. Isınan yağın üzerine 300 gr kadar kuşbaşı doğranmış eti ekleyin. Etleri sürekli karıştırarak, suyunu salıp, hafifçe çekene kadar pişirin. Ardından etlerin üzerini geçecek kadar sıcak su dökün. Etler yumuşayana kadar pişirin. Daha sonra genişçe derin bir tencere içine 3-4 yemek kaşığı zeytinyağı dökün. Üzerine 1 adet ince ince doğranmış soğan ekleyin. Soğanı 1-2 dakika kadar kavurun. Kavrulan soğanın üzerine 1 yemek kaşığı tepeleme domates salçası koyun. Salçanın hafifçe kokusu çıkana kadar yaklaşık 1 dakika daha kavurun. Ardından tencereye pişen etleri ekleyin. Etleri de soğan salça karışımı ile birlikte çok az daha kavurun. Daha sonra tencereye 1 yemek kaşığı tereyağı koyup, eriyene kadar karıştırın. Son olarak tencereye haşlanmış kuru fasulyeleri ve  damak tadınıza göre tuz koyun. Fasulyelerin üzerlerini geçecek kadar sıcak su döküp, karıştırın. Et suyu da koyabilirsiniz. Tencerenin kapağını kapatıp, kaynamaya bırakın. Tencerede etli kuru fasulye kaynadıktan sonra ocağın altını kısıp, 25-30 dakika kadar pişirin. Tencerede etli kuru fasulye yemeği piştikten ocaktan alın. 5 dakika dinlenmeye bırakın. Daha sonra sıcak olarak servis edebilirsiniz."
Zeytinyağlı Kapuska,ana yemek,lahana soğan kırmızı biber yeşil biber domates sarımsak domates salçası biber salçası sıcak su zeytinyağı tuz karabiber,"Lahanayı ince ince doğrayın. Kırmızı ve yeşil biberleri küçük küçük doğrayın. Domatesi minik küpler halinde doğrayın. Sarımsakların kabuklarını soyun. Tencereye zeytinyağı, soğan ve biberleri koyun. Sarımsak ve domatesleri ekleyin. Sebzeleri 2-3 dakika kavurun. Domates salçası ve biber salçası ekleyin. Lahanaları tencereye koyun. Sıcak su, tuz ve karabiber ekleyin. Tencerenin kapağını kapatın. 35-40 dakika pişirin."
Fırında Kadınbudu Köfte,ana yemek,dana kıyma pirinç yumurta soğan maydanoz tuz karabiber kırmızı pul biber kırmızı toz biber yumurta galeta unu,"1 adet soğanı ince ince doğrayın. Orta boy bir tava içine doğranmış soğan ve 2 yemek kaşığı kadar sıvı yağ koyup, 2 dakika kadar kavurun. Daha sonra soğanın üzerine 500 gr kıymanın yarısını ekleyin. Kıyma suyunu salıp, çekene kadar sürekli karıştırarak, pişirin. Kıyma suyunu çektikten sonra ocaktan alıp, soğumaya bırakın. Diğer tarafta derin bir kap içine kalan çiğ kıymayı, kavrulmuş soğanlı kıyma harcını ve haşlanmış pirinçleri koyun. Üzerine 1 adet yumurta kırın. 1 tutam ince ince doğranmış maydanoz, damak tadınıza göre tuz, kırmızı pul biber, kırmızı toz biber ve karabiber ekleyin. Köfte harcını eliniz ile iyice yoğurun. Hazırladığınız kadınbudu köfte harcını buzdolabına koyup, yarım saat kadar dinlenmeye bırakın. Ardından köfte harcından iri parçalar alıp, avuç içerisinde yuvarlayarak, oval şekli verin. Köfteleri bulamak için; 2 adet yumurtayı küçük bir kaba kırıp, iyice çırpın. Ayrı bir kap içine de 1 su bardağına yakın galeta unu koyun. Kadınbudu köfteleri önce çırpılmış yumurtaya bulayın. Ardından da galeta ununa bulayın. Yağlı kağıt serili fırın tepsisi içine dizin. Önceden ısıtılmış 180 derece fırına verip, üzerleri kızarana kadar yaklaşık 25 dakika pişirin."
Frenk Tavası,ana yemek,büyük boy domates kuzu kıyması küçük boy soğan küçük boy kırmızı kapya biber domates salçası kırmızı pul biber tuz karabiber su zeytinyağı,"1 adet küçük boy kırmızı kapya biber ve 1 adet küçük boy soğanı olabildiğince minik minik doğrayın. Derin bir kaba 200 gr kıyma koyun. Kıymanın üzerine doğranmış biber ve soğanı ekleyin. Ardından 1 tatlı kaşığı domates salçası, damak tadınıza göre tuz, karabiber ve pul biber ekleyin. Kıyma harcını eliniz ile iyice yoğurun. Diğer tarafta 4 adet domatesin sap kısımları aşağıda kalacak şekilde ters çevirin. Üzerlerine bıçak yardımı ile çok derin olmayacak şekilde 3-4 kesik atın. Hazırladığınız kıymalı karışımdan ceviz büyüklüğünde parçalar alın. Kestiğiniz domateslerin aralarına yerleştirin. Kıyma harcı bitene kadar domateslerin aralarını doldurun. Hazırladığınız frenk tavasını derin ve dar bir tencere içine yerleştirin. Üzerine az miktar tuz serpiştirin. Son olarak frenk tavası yemeğinin üzerine 3 yemek kaşığı su ve 3 yemek kaşığı zeytinyağ dökün. Frenk tavasını kısık ateş üzerinde 40 dk kadar pişirin."
Mirik Köfte,ana yemek,köftelik bulgur sıcak su yumurta un kimyon kırmızı pul biber tuz karabiber yoğurt sarımsak tere yağı kırmızı toz biber,"Bulguru sıcak suyla karıştırın, 5 dakika bekletin. Bulgura yumurta, tuz, kimyon, kırmızı pul biber ve karabiber ekleyin. Harci yoğurun, küçük parçalar alın, yuvarlayın. Köfteleri kaynar suya koyun, haşlayın. Yoğurt sosu hazırlayın, köftelerin üzerine dökün. Tereyağını kızdırın, köftelerin üzerine gezdirin."
Sarımsaklı Köfte,ana yemek,ince bulgur sıcak su un irmik biber salçası kimyon karabiber tuz yoğurma suyu sarık domates biber salçası domates salçası zeytinyağı kırmızı pul biber tuz maydanoz,"2 su bardağı ince bulguru derin bir kap içine koyun. Üzerine 2 su bardağı sıcak su döküp, karıştırın. Üzerini kapatıp, bulgur şişene kadar 15 dakika bekletin. Daha sonra şişen bulguru 2-3 kere karıştırın. Üzerine 1 su bardağı un ve 1 çay bardağı irmik koyun. Ardından 1 tatlı kaşığı biber salçası, 1 tatlı kaşığı kimyon, 1 çay kaşığı karabiber ve 1 tatlı kaşığı tuz ekleyin. 1 su bardağına yakın suyu azar azar döküp, köfte kıvamına gelinceye kadar eliniz ile iyice yoğurun. Köftelerin dağılmaması için harcı mutlaka iyice yoğurmanız gerekir. Köfteleri elinizde kolay bir şekilde yuvarlayabiliyorsanız, köfteniz olmuş demektir. Köftenin kıvamı çok katı ve de zor yuvarlanıyorsa az miktar su ya da cıvık yani çok fazla ele yapışıyorsa un ilavesi yapabilirsiniz. Diğer tarafta geniş bir tepsi içine biraz un serpiştirin. Hazırladığınız bulgurlu karışımdan küçük parçalar alın. Elinizde yuvarlayıp, un serptiğiniz tepsi içine koyun. Köfteleri yuvarlama sırasında eliniz hamurlaşırsa mutlaka yıkayın. Yoksa köfteleri yuvarlamakta zorluk çekersiniz. Derin bir tencere içine 7-8 su bardağı su, yarım limon suyu ve az miktar tuz koyup, kaynamaya bırakın. Kaynayan su içine köftelerin yarısını yavaşça koyup, karıştırın. Su yüzeyine hafifçe çıkana kadar yaklaşık 15-20 dakika pişirin. Daha sonra köfteleri delikli kepçe ile süzerek, geniş bir kaba alın. Diğer kalan bulgur köfteleri de suya koyup, aynı şekilde pişirin. Sarımsaklı köftenin sosu için; 6 diş sarımsağı havanda dövün. 2 adet orta boy domatesin kabuğunu soyup, rendeleyin. Daha sonra geniş ve hafifçe derin bir tencere içine dövülmüş sarımsakları ve 1 buçuk çay bardağı zeytinyağı koyun. Sarımsakları yağın içinde biraz ısıtıp, kokusunun çıkmasını sağlayın. Ardından 1 yemek kaşığı biber salçası ve 1 yemek kaşığı domates salçası ekleyin. Salçaları 1-2 dakika kadar kavurun. Daha sonra rendelenmiş domatesleri, az miktar tuz ve 1 çay kaşığı kırmızı pulbiber koyun. Hazırladığınız sosu 5 dakika kadar ara ara karıştırarak, pişirin. Pişen bulgur köftelerini hazırladığınız sosun içine koyun. Köfteleri sosu ile birlikte iyice karıştırıp, ocaktan alın. Bu şekilde 5 dakika kadar sosun içinde dinlenmeye bırakın. Hazırladığınız sarımsaklı köfteyi servis tabağı içine alın. Üzerine ince ince doğranmış yarım demet maydanozu serpiştirin. Sıcak ya da soğuk olarak servis edebilirsiniz."
Tavuk Döner,ana yemek,kemiksiz fileto tavuk göğsü kuru soğan domates salçası biber salçası yoğurt zeytinyağı kimyon kekik tuz,"Tavuk etlerini ince dilimler halinde kesip, kenara alın. Sosu için; kuru soğanı rendenin en ince tarafı ile rendeleyin. Sosu için; yoğurt, domates salçası, biber salçası, zeytinyağı, kimyon, kekik ve tuz ekleyin. Tavuk etlerini sos ile birlikte iyice harmanlayın. Streç film ile sıkıca rulo yaparak sarın. Derin dondurucuda en az 1 gece bekletin. Ertesi günü streç film ile sardığınız soslu tavuğu çıkartıp, oda ısısında 10 dakika kadar bekletin. Ardından keskin bir bıçak yardımı ile ince ince dilimler halinde kesin. Geniş bir tava içine 4-5 yemek kaşığı sıvı yağ döküp, iyice ısıtın. Kestiğiniz tavuk dilimlerini tavaya dizip, arkalı önlü kızartın."
Buzluktan Çıkan Dolmalık Biber İle Biber Dolması,ana yemek,dolmalık biber kıyma soğan sarımsak pirinç domates salçası maydanoz zeytinyağı domates tuz kuru nane kimyon karabiber biber salçası su,"Dolmalık biberleri buzluktan çıkarmadan önce iç harcını hazırlayın. Orta boy derin bir kap içine yarım su bardağı yıkanıp, suyu süzülmüş pirinci koyun. Üzerine 200 gr kıyma ekleyin. Daha sonra kaba 1 adet küçük boy ince ince doğranmış soğan, 1 diş ince ince doğranmış sarımsak, 1 yemek kaşığı domates salçası, 2 tutam ince ince doğranmış maydanoz, damak tadınıza göre kimyon, karabiber, kuru nane ve tuz koyun. Son olarak kaba yarım çay bardağı zeytinyağının çoğunu koyun. Birazını sosunda kullanmak üzere ayırın. Hazırladığınız kıymalı harcı eliniz ile iyice karıştırın. Diğer tarafta küçük bir sos tavası içine 1 tatlı kaşığı biber salçası koyun. Üzerine kalan zeytinyağı ekleyin. Salçanın hafifçe kokusu çıkana kadar kavurun. Kavrulan salçanın üzerine 1 buçuk su bardağından biraz fazla su döküp, karıştırın. Ardından ocaktan alın. Daha sonra buzluktan 10 adet dolmalık biberi çıkartın. Biberlerin çözülmesini beklemeden içlerini kıymalı harç ile doldurup, tencere içine dizin. Biberlerin üzerini küçük küçük kesilmiş domates dilimleri ile kapatın. Ardından biber dolmalarının üzerine biraz tuz serpiştirin. Salçalı sosu dolmaların üzerine gezdirerek, dökün. Hazırladığınız biber dolmasını ocak üzerine alıp, kaynamaya bırakın. Kaynadıktan sonra ocağın altını kısın. Kısık ateş üzerinde en az yarım saat pirinçler şişene kadar pişirin. Etli biber dolması piştikten sonra ocaktan alıp, 15 dakika kadar dinlenmeye bırakın. Daha sonra sıcak olarak servis edebilirsiniz."
Islama Köfte,ana yemek,köftelik kıyma yumurta soğan sarımsak galeta unu maydanoz ekmek tereyağı kırmızı toz biber su tuz karabiber kekik kimyon,"Kıymayı, rendelenmiş soğan, sarımsak, yumurta, galeta unu, tuz, karabiber, kekik ve kimyon ile yoğurun. Köfte harcını 30 dk buzdolabında dinlendirin. Ceviz büyüklüğünde parçalar alın ve şekil verin. Fırın tepsisine yağlı kağıt serin ve köfteleri yerleştirin. 180 derece fırında pişirin. Ekmek dilimlerini fırın tepsisine koyun ve üzerlerine tereyağ sürün. Fırında 5 dk kızartın. Tavada tereyağ, kırmızı toz biber ve su karışımını kaynatın. Kızarmış ekmekleri servis tabağına koyun ve üzerlerine tereyağlı su karışımından dökün. Pişen köfteleri ekmeklerin üzerine koyun."
Kabak Oturtma,ana yemek,büyük boy kabak kıyma orta boy soğan sarımsak yeşil biber orta boy domates domates salçası zeytinyağı su tuz karabiber,"İlkin orta boy bir tencere içine 1 adet ince ince doğranmış soğan koyun. Üzerine 4 yemek kaşığı zeytinyağı ekleyip, 1 dakika kavurun. 1 adet küçük küçük doğranmış yeşil biber ve 2 diş ince ince doğranmış sarımsağı da koyup, 1 dakika daha kavurun. Ardından tencereye 200 gr kıyma ekleyin. Kıymanın rengi dönene kadar sürekli karıştırarak, kavurun. Daha sonra kıymalı harcın üzerine 2 adet orta boy minik küpler halinde doğranmış domates ve 1 yemek kaşığı kadar domates salçası koyun. Kıymalı harcı ara ara karıştırarak, 4-5 dakika pişirin. Damak tadınıza göre tuz ve karabiber ekleyip, ocağın altını kapatın. Diğer tarafta 3 adet büyük boy kabağın kabuğunu alacalı soyun. 1 cm kalınlığında halkalar şeklinde kesin. Orta büyüklükte ki geniş bir tencerenin tabanına kabakları dizin. Kabaklar üst üstede gelebilir. Kabakların üzerine hazırladığınız kıymalı harcı yayın. Son olarak yemeğin üzerini geçmeyecek şekilde yaklaşık yarım su bardağı kadar su dökün. Tencerenin kapağını kapatıp, kaynamaya bırakın. Kaynadıktan sonra ocağın altını kısıp, kabaklar yumuşayana kadar yaklaşık 25-30 dakika pişirin. Kabak oturtma piştikten sonra üzerine ince ince doğranmış dereotu serpiştirip, servis edebilirsiniz."
Tavuklu Krep Kebabı,ana yemek,kuşbaşı doğranmış tavuk göğsü mantar soğan zeytinyağı tuz karabiber un süt yumurta sıvı yağ tereayağı rendelenmiş kaşar peynir,"Geniş bir tava içine 2 yemek kaşığı zeytinyağı koyun. Üzerine 1 adet ince ince doğranmış soğan ekleyip, 1 dakika kadar kavurun. Ardından 650 gr kuşbaşı doğranmış tavuk etlerini koyun. Ara ara karıştırarak, pişirin. Pişen tavuk etlerinin üzerine 400 gr mantarı orta büyüklükte doğrayıp, koyun. Tavanın kapağını kapatın. Orta ateş üzerinde ara ara karıştırarak, 5 dakika pişirin. Son olarak damak tadınıza göre tuz ve karabiber ekleyip, karıştırın. Diğer taraftan beşamel sosu hazırlayın. Küçük bir tencereye 2 yemek kaşığı tereyağ koyup, eritin. Üzerine 2 yemek kaşığı un ekleyip, 2 dakika kadar kavurun. Daha sonra 2 su bardağı sütü azar azar döküp, unun topaklanmaması için sürekli karıştırın. Beşamel sos koyulaşıncaya kadar kısık ateşte 2-3 dakika kadar kaynatın. Pişen krepleri tezgah üzerine serin. Orta kısımlarına az miktar beşamel sos sürün. Sosun üzerine tavuklu mantar harcından koyun. Krebin iki kenarını orta kısma getirip, birleştirin. Daha sonra bohça şeklinde kapatıp, ters çevirin. Tavuklu krepleri orta boy bir fırın kabı içine dizin. Üzerlerine beşamel sosu paylaştırın. Son olarak beşamel sosun üzerine rendelenmiş kaşar peynir serpiştirin. Önceden ısıtılmış 180 derece fırına verin. Üzerleri kızarana kadar yaklaşık 15 dakika pişirin."
Acılı Tavuk Sote,ana yemek,tavuk göğsü soğan zeytinyağı acı kırmızı biber yeşil biber kırmızı biber kırmızı toz biber kimyon tuz köri,"Tavuk göğsünü kuşbaşı olarak doğrayın. Soğanı yemeklik doğrayın. 2 adet acı kırmızı biberi, 2 adet yeşil biberi ve 1 adet salçalık kırmızı biberi halkalar şeklinde ince ince doğrayın. Geniş bir tava içine doğradığınız soğanları ekleyin. Üzerine 3 yemek kaşığı zeytinyağı koyup, soğanları 1 dakika kadar soteleyin. Ardından doğradığınız biberleri de koyup, 1 dakika kadar daha soteleyin. Daha sonra tavaya tavuk etlerini ekleyin. Ara ara karıştırarak, 2 dakika soteleyin. Son olarak tuz, az miktar köri, kimyon ve kırmızı toz biber koyup, karıştırın. Tavanın kapağını kapatıp, tavuk etlerini pişmeye bırakın."
Bahçıvan Kebabı,ana yemek,kuşbaşı et kuru soğan haşlanmış bezelye patates kabak patlıcan kapya biber sivri biber domates domates salçası maydanoz dereotu tuz karabiber kekik,"500 gr kuşbaşı doğranmış eti kızgın bir teflon tencere içine koyun. 5 dakika kadar ara ara karıştırarak, kavurun. Daha sonra etlerin üzerini biraz geçicek kadar su döküp, etler yumuşayıncaya kadar pişirin. Etler piştikten sonra üzerine 2 adet ince ince doğranmış kuru soğan ve biraz tuz ekleyip, 3 dakika kadar kavurun. Ardından küçük küçük doğranmış 1 adet kapya biber, 3 adet sivri biber, 2 adet küp küp doğranmış domates ve 1 yemek kaşığı domates salçası koyun. 2-3 dakika kadar daha kavurun. Diğer yandan 1 adet patlıcanı alacalı olarak soyun. Küpler halinde kesin. 1 adet kabak ve 2 adet patateside küp küp doğrayın. Doğranmış sebzeleri tencere içine ekleyip, karıştırın. Üzerlerini hafifçe geçecek kadar sıcak su, tuz ve karabiber ekleyip, karıştırın. Tencerenin kapağını kapatıp, kaynamaya bırakın. Kaynamaya başladıktan sonra tencerenin altını biraz kısın. 1 su bardağı haşlanmış bezelye ekleyip, karıştırın. Sebzeler yumuşayana kadar yaklaşık 20 dakika pişirin. Bahçıvan kebabı piştikten sonra üzerine 1 tutam ince ince doğranmış maydanoz, 1 tutam ince ince doğranmış dereotu ve az miktar kekik ekleyip, karıştırın."
Beğendili Enginar,ana yemek,büyük boy enginar kuşbaşı doğranmış et domates salçası süt un tereyağı konserve közlenmiş patlıcan rendelenmiş kaşar peynir tuz karabiber,"İlk olarak orta boy bir tencere içine 4 adet büyük boy enginarı koyun. Üzerlerini geçecek kadar su dökün. Yarım limon suyu döküp, enginarlar yumuşayana kadar pişirin. Diğer tarafta orta boy bir tencereyi ocak üzerine koyup, kızdırın. Üzerine 500 gr kuşbaşı doğranmış eti koyun. Etlerin suyunu salıp, biraz çekmesini sağlayın. Ardından üzerlerine gelecek kadar ılık su ekleyip, yumuşayana kadar pişirin. Beğendi için; ayrı bir tencere içine 1 yemek kaşığı kadar tereyağı koyup, eritin. Eriyen yağın üzerine 1 yemek kaşığı un ekleyip, 2 dakika kadar kavurun. Ardından 1 su bardağı sütü döküp, hızlı bir şekilde karıştırın. Koyu bir kıvam alana kadar pişirin. Daha sonra 6 yemek kaşığı közlenmiş patlıcan, tuz ve az miktar karabiber ekleyip, karıştırın. Son olarak 3-4 yemek kaşığı rendelenmiş kaşar peynir koyup, peynirler eriyene kadar karıştırın. Etelr piştikten sonra üzerine 1 yemek kaşığı domates salçası ve küçük bir çay bardağı kadar su dökün. Karıştırarak, bu şekilde 2 dakika kadar pişirin. Piştikten sonra tuz ve karabiber ekleyip, ocaktan alın. Enginarlar piştikten sonra sularını süzüp, servis tabağına koyun. Üzerlerine hazırladığınız beğendiği sıcak olarak koyun. Beğendinin üzerine salçalı eti ekleyin."
Beşamel Soslu Domatesli Köfte,ana yemek,kıyma soğan yumurta galeta unu maydanoz domates nane kekik kimyon tuz karabiber tere yağı un süt,"Kıyma, soğan, yumurta, galeta unu, maydanoz, tuz ve baharatları karıştırın. Köfte harcını 5 dk yoğurun. Köfte harcını 1 saat buzdolabında dinlenmeye bırakın. Köfteleri şekillendirin ve kızgın yağda kızartın. Domatesleri kızgın yağda kızartın. Beşamel sosu hazırlayın. Domatesleri fırın kabına koyun, üzerlerine köfteleri dizin, beşamel sosu dökün. Fırında 15-20 dk pişirin."
Beşamel Soslu Tavuk Fileto,ana yemek,tavuk göğsü zeytinyağı kırmızı pul biber kekik kimyon köri tuz Beşamel Sos İçin,"2 dilim tavuk filetoları bir kaba koyun. Üzerine 7 yemek kaşığı zeytinyağ, tuz ve baharatlar ekleyip, iyice harmanlayın. Buzdolabında 30 dakika kadar dinlenmeye bırakın. Geniş bir tavayı ocağa koyup, kızdırın. Tavanın içine soslu tavuk filetoları koyun. Orta ateş üzerinde arkalı önlü pişirin. Beşamel sosu için; küçük bir tencereye 2 yemek kaşığı tereyağ koyup, eritin. Üzerine 2 yemek kaşığı un ekleyip, 2 dakika kadar kavurun. Daha sonra 1 buçuk su bardağı sütü azar azar döküp, unun topaklanmaması için sürekli karıştırın. Beşamel sos koyulaşıncaya kadar kısık ateşte 2-3 dakika kadar kaynatın. Son olarak tuz ve karabiberini de ekleyip, ocaktan alın. Pişen tavuk etlerinin üzerine hazırladığınız beşamel sosu dökün. Beşamel sosun üzerine kaşar peynir dilimlerini koyun. Tavanın kapağını kapatın. Peynirler eriyene kadar pişirin. Hazırladığınız beşamel soslu tavuk filetoyu tavadan alıp, sıcak olarak servis edebilirsiniz."
Biberli Fındık Mantar Sote,ana yemek,fındık mantar sivri biber domates maydanoz Karabiber Tuz,"Fındık mantarları nemli bir bez ile silin. Orta boy bir tavayı ocağa koyup, kızdırın. Üzerine fındık mantarları ve az miktar zeytinyağı ekleyip, 2-3 dakika kadar soteleyin. Ardından 3 adet ince ince doğranmış biber ve 1 adet domates koyun. 5-6 dakika pişirin. Son olarak tuz, karabiber ve 1 tutam ince ince doğranmış maydanoz ekleyip, 1-2 kere karıştırın."
Bodrum Kebabı,ana yemek,biftek ya da bonfile patates yoğurt tuz kekik kırmızı pul biber Et Marinesi İçin: soğan Et Marinesi İçin: sarımsak Et Marinesi İçin: zeytinyağı Et Marinesi İçin: sirke Domates Sosu İçin: domates Domates Sosu İçin: domates salçası Domates Sosu İçin: zeytinyağı Domates Sosu İçin: tuz,"500 gr bifteği ince jülyen şeklinde doğrayın. Doğradığınız etleri geniş bir kap içine koyun. Etlerin üzerine 1 adet ince ince doğranmış küçük boy soğan ve 2 diş ince ince doğranmış sarımsağı ekleyin. Ardından 4 yemek kaşığı zeytinyağı, 2 yemek kaşığı sirke, biraz kekik ve kimyon koyup, iyice harmanlayın. Kabın üzerini kapatıp, en az 2 saat buzdolabında dinlenmeye bırakın. Dinlenen etleri buzdolabından çıkartın. Ocak üzerinde iyice ısınmış geniş bir tava içine koyun. 3-4 dakika kadar soteleyin. Ardından üzerlerine hafifçe gelecek kadar sıcak su dökün. Orta ateş üzerinde etler suyunu çekene kadar pişirin. Etlerin pişmesine yakın tuz, kekik ve kırmızı pul biber ekleyin. Domates sosu için; bir tavaya 1 yemek kaşığı zeytinyağ koyun. Üzerine 1 yemek kaşığı salça ekleyip, 2 dk kadar kavurun. Ardından  3 adet rendelenmiş domatesi de ekleyip, 5 dk kadar pişirin. Son olarak az miktar tuz serpiştirip, ocaktan alın. Daha taraftan 3 adet orta boy patatesin kabuklarını soyup, yıkayın. Patatesleri kibrit çöpü kalınlığında doğrayın. Daha sonra kızgın yağ içinde kızartın. Son olarak 5 yemek kaşığı yoğurdu bir kap içine koyup, iyice çırpın. Servis tabağına önce kızarttığınız patatesleri koyun. Üzerlerine çırpılmış yoğurdu dökün. Yoğurdun üzerine domates sosunu gezdirin. Ardından etleri yerleştirin."
Cevizli Ciğer Sote,ana yemek,kuşbaşı doğranmış ciğer un orta dövülmüş ceviz Kırmızı pul biber Kekik Kimyon Tuz,"Ciğeri yıkayıp, süzmeye bırakın. Daha sonra ciğerleri bir kaba koyun. Üzerine tuz, kimyon, kekik, kırmızı pul biber ve unu ekleyin. İyice harmanlayın. Küçük bir tava içine az miktar zeytinyağı koyup, kızdırın. Üzerine ciğerleri koyup, ara ara karıştırarak, pişirin. Pişen ciğerlerin üzerine dövülmüş cevizleri ekleyip, 1-2 dakika kadar daha soteleyin. Hazırladığınız cevizli ciğer soteyi soğan salatası ile servis edebilirsiniz."
Çıtır Soğan Halkaları,atıştırmalık,soğan maden suyu un mısır nişastası yumurta tuz karabiber kırmızı toz biber galeta unu sıvıyağ,"Soğanların baş ve kök kısmını kesin. Yarım cm kalınlığında dilimlere kesin. Dilimlenmiş soğanları kendi içlerinde halkalara ayırın. Un, nişasta, tuz ve baharatları karıştırın. Unlu karışımın üzerine yumurta kırın. Maden suyu dökün ve iyice çırpın. Galeta unu koyun. Soğan halkalarını önce unlu yumurta karışımına sonra galeta ununa bulayın. Kızgın yağ içinde arkalı önlü kızartın. Kızaran çıtır soğan halkaları kağıt havlu üzerine alın. Yağlarının süzülmesini sağlayın. Servis tabağına koyup sıcak olarak servis edebilirsiniz."
Domates Soslu Izgara Köfte,ana yemek,kıyma galeta unu yumurta soğan tuz karabiber kekik kimyon domates tere yağı sarımsak kesme şeker,"Hafif sulu kıvamda domates sosu hazırlayın. Kıyma, yumurta, rendelenmiş soğan, tuz ve baharatları karıştırın. Galeta unu ilave edip yoğurun. Köfte harcını 30 dakika buzdolabında dinlendirin. Ceviz büyüklüğünde parçalar kopartın ve köfte şekli verin. Köfteleri önceden kızdırılmış tavaya koyun ve pişirin. Köfteleri servis tabağına alın ve domates sosu dökün."
Düdüklü Tencerede Kuzu Tandır Kebabı,ana yemek,kuzu eti soğan karabiber su tuz,"4 parça kuzu etini orta boy bir düdüklü tencere içine yerleştirin. 2 adet soğanın kabuklarını soyun. Soğanları bütün olarak etlerin ara kısımlarına koyun. Ardından etlerin üzerine 3-4 adet tane karabiber ve tuz serpiştirin. 2 yemek kaşığı su dökün. Düdüklü tencerenin kapağını kapatıp, orta ateş üzerine koyun. Hava çıkmaya başlayınca düğmesini kitleyip, havayı kesin. Kısık ateş üzerinde yaklaşık 40-45 dakika kadar pişirin. Daha sonra ocağı kapatıp, havasını salmasını bekleyin. Havası salınınca tencereyi açın, etin pişip pişmediğini kontrol edin. Eğer et pişmediyse biraz daha pişirebilirsiniz. Et biraz su bıraktığı için orta boy bir fırın kabı içine kuzu etlerini koyun. Önceden ısıtılmış fırında üzerleri kızarana kadar pişirin."
Enginarlı Mantar Kavurması,ana yemek,enginar mantar zeytinyağı soğan sarımsak domates limon suyu karabiber kişniş toz zencefil toz zerdeçal,"Mantarın kabuklarını ayıklayıp, nemli bir bez ile silin. Daha sonra küpler halinde doğrayın. Bir tencere içine 2 adet enginar koyup, haşlayın. Diğer taraftan 1 adet soğanı ve 5 diş sarımsağı ince ince doğrayın. Geniş bir tavaya 1 yemek kaşığı zeytinyağ ve doğranmış soğan ve sarımsakları koyun. 2-3 dakika kavurun. Daha sonra mantarları ekleyin. Suyunu bırakana kadar pişirin. Haşlanan enginarları mini küpler halinde doğrayın. Mantarlı karışımın içine küpler halinde doğranmış enginarları, 2 adet domatesi, 1/2 limon suyunu, tuz ve baharatları ekleyin. 2 dakika pişirdikten sonra enginarlı mantar kavurmasını ocaktan alın."
Et Nasıl Kavrulur,ana yemek,kuşbaşı doğranmış et soğan tuz kekik karabiber,"Etleri güzelce yıkayıp, süzün. Soğanın kabuğunu soyup, ince ince doğrayın. Geniş bir tavayı ocağa koyup, kızdırın. Ardından etleri ekleyin. Yüksek ateşte suyunu salana kadar kavurun. Daha sonra etlerin üzerine ince ince doğranmış soğanı ekleyin. 2-3 kere karıştırın. 1/2 su bardağı kadar sıcak su döküp, tencerenin kapağını kapatın. Kısık ateşte etler yumuşayana kadar ara ara karıştırarak, pişirin. Etlerin üzerine, gerektiğinde su ekleyebilirsiniz. Kavrulan eti ocaktan almaya yakın üzerine tuz, karabiber ve kekik ekleyin. 1-2 kere karıştırın."
Etli Biber Dolması,ana yemek,dolmalık biber kıyma soğan pirinç biber ya da domates salçası zeytinyağı domates tuz kuru nane karabiber,"Dolmalık biberlerin üst kısımlarını bıçak ile kesin. Dolmalık biberlerin çekirdeklerini elinizle çıkarın. Dolmalık biberleri güzelce yıkayıp, içlerini parmağınızla hafifçe tuzlayın. Değin bir kaba kıyma koyun. Üzerine ince ince doğranmış soğan, yıkanmış pirinç, 1 yemek kaşığı domates salçası, tuz ve baharatları ekleyin. Tüm malzemeleri elinizle iyice yoğurun. Kıyma harcını dolmalık biberlerin içlerine doldurun. Üst kısımlarından 1 parmak kadar boşluk bırakın. Dolmalık biberleri dik ve ard arda tencereye dizin. Üzerlerine salçalı sosu dökün. Tencerenin yarısına gelecek kadar sıcak su ve 2 yemek kaşığı zeytinyağ ekleyin. Ardından tencerenin kapağını kapatın. Orta ateşte 35-40 dk kadar pişirin."
Etli Kırmızı Biber Dolması,ana yemek,kırmızı dolmalık biber kıyma soğan pirinç biber ya da domates salçası zeytinyağı domates tuz kuru nane karabiber,Kıyma harcını hazırlayın Kırmızı dolmalık biberleri hazırlayın Kıyma harcını biberlere doldurun Biberleri tencereye dizin Salçalı sosu hazırlayın Biberleri pişirin
Etli Patates Dolması,ana yemek,patates kuşbaşı et soğan domates sivri biber sarıkmsak tuz kekik kimyon pul biber karabiber sıvıyağ,"Patatesleri soyup ortadan ikiye kesin. Kesilen patateslerin dik durabilmeleri için alt kısımlarını biraz keserek düzleyin. Patatesleri yıkayıp, kurulayın. Kızgın yağ içinde her iki tarafını da hafifçe kızartın. Geniş bir tavayı ocağa koyup, kızdırın. Üzerine 250 gr kuşbaşı doğranmış et koyun. Yüksek ateşte etin suyu ile 2-3 dk kavurun. Daha sonra etlerin üzerine 1 adet doğranmış soğan ve 2 diş sarımsak ekleyip, 7-8 dk pişirin. Ardından 3 adet doğranmış biber ilave edip, 2-3 dk kadar daha pişirin. Son olarak kuşbaşı etin üzerine 2 adet küp küp doğranmış domates ilave edin. Kısık ateşte 20-25 dk pişirin. Pişen kuşbaşı etlerini ocaktan almaya yakın ince ince doğranmış maydanoz, tuz ve baharatları da ilave edip, 1-2 kere karıştırın. Kızarmış patateslerin içlerini etli harç ile doldurun. Derin bir kap içerisine 1 tatlı kaşığı salça koyun. Üzerine 2 su bardağı su ekleyip, iyice karıştırın. Hazırladığınız salçalı sosu patateslerin aralarına dökün. Son olarak patateslerin üzerine domates dilimleri koyun. Önceden ısıtılmış 200 dereceli fırında 15-20 dk kadar pişirin."
Etli Taze Patlıcan Dolması,ana yemek,patlıcan kıyma soğan pirinç biber ya da domates salçası zeytinyağı domates tuz kuru nane karabiber,"Derin bir kaba 150 gr kıyma koyun. Üzerine 1 adet ince ince doğranmış soğan, 1 çay bardağı yıkanmış pirinç, 1 yemek kaşığı domates salçası, tuz ve baharatları ekleyin. Tüm malzemeleri elinizle iyice yoğurun. Diğer taraftan yaklaşık 3 adet patlıcanın üst kısımlarını bıçak ile kesip, her birini ortadan ikiye kesin. Ardından patlıcanları alacalı soyun. Ortadan ikiye böldüğünüz patlıcanların içlerini bir kaşık yardımıyla çıkartıp, içlerini parmağınızla hafifçe tuzlayın. Daha sonra kıyma harcını dolmalık biberlerin içlerine doldurun. Üst kısımlarından 1 parmak kadar boşluk bırakın. Kıyma harcıyla doldurduğunuz dolmalık biberlerin üzerilerini domates dilimleri ile kapatın. Diğer taraftan küçük bir kaba 1 yemek kaşığı salça koyun. Üzerine 1 su bardağı kadar su döküp, iyice karıştırın. Tencerenin yarısına gelecek kadar sıcak su ve 2 yemek kaşığı zeytinyağ ekleyin. Ardından tencerenin kapağını kapatın. Orta ateşte 35-40 dk kadar pişirin."
Et Nasıl Mühürlenir,ana yemek,antrikot zeytinyağı soya sosu kekik kimyon kırmızı toz biber tuz sarımsak tozu sarımsak,"300 gr antrikot etini güzelce yıkayıp, etin suyunu süzün. Küçük bir kaba 6 yemek kaşığı zeytinyağı ve 1 yemek kaşığı soya sosu koyun. Üzerine 1 tatlı kaşığı kekik, kimyon, 1 çay kaşığı kırmızı toz biber ve isteğe göre sarımsak tozu ya da 1 diş rendelenmiş sarımsak ekleyin. Tüm malzemeleri kaşık ile iyice karıştırın. Antrikot etini küçük derin bir kaba koyun. Üzerine hazırladığınız sosu dökün. Bu sos içerisinde antrikot etini en az 2 saat kadar marine edin. Geniş bir döküm tavayı ocağa koyup, kızdırın. Ardından marine edilmiş antrikot eti tavaya düzgünce koyun. Yüksek ateşte eti 4 dakika boyunca ellemeden mühürlenmesini bekleyin. Daha sonra diğer tarafını çevirin. Aynı sürede tekrar mühürlenmesini sağlayın. Mühürlenen eti daha sonra fırında ya da tavada pişirmeye devam edin."
Et Yemeği,ana yemek,kuşbaşı kavrulmuş dana eti arpacık soğan patates haşlanmış bezelye havuç domates salçası zeytinyağı tuz karabiber,Etleri kavurun. Sebzeleri hazırlayın. Domates salçası ve sebzeleri kavurun. Etleri sebzelerle birlikte pişirin. Bezelye ekleyin.
Ev Usulu Kıymalı Lahmacun,ana yemek,su ılık süt yaş maya zeytinyağı yumurta un toz şeker tuz kıyma soğan domates maydanoz tuz karabiber,"Derin bir kaba 1 su bardağı su, 1 su bardağı ılık süt, 1 su bardağı zeytinyağı ve 1 paket yaş maya koyun. Tüm karışımı eliniz ile güzelce karıştırın. Daha sonra üzerine 1 adet yumurta kırın. 2 yemek kaşığı şeker ve 1 yemek kaşığı tuz ekleyin. Ele yapışmayan bir hamur kıvamı elde edene kadar, azar azar un ilave edip, yoğurun. Lahmacun hamurunuz olduğunda, üzerini bir örtü ile örtüp, ılık bir yerde mayalanmaya bırakın. Kıymalı iç harç için, 4 adet soğan ve 2 adet domatesi rendeleyin. Üzerine 4 sap ince ince doğranmış maydanoz ekleyin. Derin bir kaba 250 gr kıyma koyun. Üzerine hazırlamış olduğunuz soğan, domates ve maydanozları ekleyin. Tuzunu ve karabiberini de ayarlayıp, iyice karıştırın. Eğer kıymalı lahmacun harcınız katı bir kıvamda ise su ya da zeytinyağı ekleyebilirsiniz. Meyalanan lahmacun hamurundan, cevizden biraz büyük parçalar kopartın. Hamuru biraz unlayarak merdane yardımı ile çok kalın ve ince olmayacak şekilde açın. Açtığınız hamurları yağlanmış geniş tepsiye (ya da yağlı kağıt serilmiş fırın tepsisine) dizin. Üzerlerine hazırladığınızkıymalı lahmacun iç harcından koyun. Elinizle kıyma harç her tarafa gelecek şekilde güzelce yayın. Ev usulü kıymalı lahmacunları önceden ısıtılmış 170-180 dereceli fırına verin. Lahmacunların alt tarafları kızarana kadar pişirin."
Fırında Beşamel Soslu Köfte,ana yemek,kıyma yumurta soğan galeta unu maydanoz Kekik Karabiber Kimyon Tuz tereayağı un süt,"Derin bir kabın içerisine 250 gr kıyma koyun. Üzerine 1 adet yumurta kırın. Ardından ince ince doğranmış 1 tutam maydanoz,2 yemek kaşığı galeta unu, tuz ve baharatları da ilave edin. Tüm malzemeyi 5 dk yoğurun. Daha sonra geniş yanmaz bir tavaya az miktar sıvıyağ koyup, kızdırın. Köfte harcından ceviz büyüklüğünde parçalar alın. Oval ya da yuvarlak şekil verin. Şekil verdiğiniz köfteleri kızgın yağ içine koyun. Orta ateş üzerinde kızartın. Diğer taraftan köftelerin üzeri için beşamel sos hazırlayın. Kızaran köfteleri fırın kabına dizin. Üzerine hazırladığınız beşamel sosu dökün. Son olarak rendelenmiş kaşar peyniri serpiştirin. Önceden ısıtılmış 180 dereceli fırına verin. 10 dk kadar pişirin."
Fırında Beyaz Peynirli Kabak Dilimleri,ana yemek,taze kabak ezine peynir maydanoz dereotu zeytinyağı kırmızı pul biber,"1 adet kabağı halkalar halinde çok ince olmayacak şekilde kesin. Hafif yağlanmış fırın kabına dizin. Önceden ısıtılmış 170 dereceli fırına verip, kızartın. Daha sonra bir kaba 50 gr ezine peynir koyun. Üzerine 2 yemek kaşığı zeytinyağ dökün. Çatal yardımı ile iyice ezin. Daha sonra ince ince doğranmış 1 tutam dereotu, 1 tutam maydanoz ve az miktar pul biber koyup, karıştırın. Pişen kabakları fırından çıkartıp, üzerlerine peynirli karışımı paylaştırın. Tekrar fırına verip, 2 dakika kadar pişirin."
Fırında Ciğer Sote,ana yemek,ciğer zeytinyağı kırmızı pul biber kekik kimyon,"Ciğerleri yıkayıp, süzmeye bırakın. Ciğerleri bir kaba koyun. Üzerine zeytinyağ, tuz, kimyon, kekik ve kırmızı pul biber ekleyin. Tüm malzemeyi iyice harmanlayın. 1 saat boyunca buzdolabında dinlenmeye bırakın. Daha sonra dinlenen ciğerleri küçük bir fırın kabı içine alın. Önceden ısıtılmış 180 dereceli fırına verin. Yaklaşık 15-20 dk kadar pişirin."
Fırında Etli Kağıt Kebabı,ana yemek,kuşbaşı doğranmış et havuç patates bezelye arpacık soğan domates domates salçası su zeytinyağı tuz karabiber kekik,"Geniş bir tavayı ocağa koyup, kızdırın. Üzerine 250 gr kuşbaşı doğranmış etleri ekleyin. Etler suyunu salıp, çekene kadar pişirin. Daha sonra 2 yemek kaşığı zeytinyağ ve 10 adet doğranmış arpacık soğan koyun. 2-3 dk kavurun. Ardından 1 tatlı kaşığı domates salçası ekleyip, 1-2 kere karıştırın. Üzerine 1 çay bardağı su döküp, karıştırın. Diğer taraftan küp küp doğranmış 1 adet patates ve 1 adet havuç ekleyin. Karışımı, et harcının üzerine ekleyin. Son olarak 1 çay bardağı bezelye, küp küp doğranmış 1 adet domates, tuz ve baharatları da koyun. 1-2 kere karıştırın. Tencerenin kapağını kapatıp, pişmeye bırakın. Pişen etli karışımı ocaktan alın. Daha sonra yağlı kağıttan bir parça kesin. Kağıdın ortasına hazırladığınız etli iç malzemeyi koyun. Kağıdı paket şeklinde yapıp, uç kısımlarını katlayın. Ardından etli kağıt kebabını ters çevirip, fırın tepsisi içine yerleştirin. Hazırladığınız etli kağıt kebabını önceden ısıtılmış 190 dereceli fırına verip, 15 dk pişirin. Pişen fırında etli kağıt kebabını fırından alın. Etli kağıt kebabını üzerinden açıp, sıcak olarak servis edebilirsiniz."
Kaşarlı Köfte,ana yemek,kıyma soğan galeta unu yumurta maydanoz kaşar peyniri kekik karabiber kimyon tuz,"Derin bir kabın içerisine 250 gr kıyma koyun. Üzerine rendelenmiş 1 adet soğan ekleyin. Ardından 1 yumurta kırın. Son olarak ince ince doğranmış 1 tutam maydanoz, 2 yemek kaşığı galeta unu, tuz ve baharatları da ilave edin. Bütün malzemeleri 5 dk yoğurun. Daha sonra köfte harcından ceviz büyüklüğünde parçalar alın. Elinizde açın. İçine küçük bir parça kaşar peyniri koyup, kapatıp. Son olarak da köfteleri elinizde yuvarlayın. Hazırladığınız kaşarlı köfteleri yağlanmış ya da yağlı kağıt serilmiş fırın tepsisi içine koyun. Üzerlerine birer parça tereyağı ekleyin. Önceden ısıtılmış 180 dereceli fırına verip, pişirin."
Fırında Kaşarlı Şakşuka,ana yemek,patates kabak patlıcan kırmızı biber yeşil biber domates soğan sarımsak kesme şeker tereyağı tuz karabiber sıvıyağ kaşar peynir,"Patlıcanları alacalı şekilde soyun. Patlıcanların acısını almak için tuzlu suda 20 dk kadar bekletin. Suyunu süzüp, durulayın ve kurulayın. Kabağı ve patatesi soyun. Kabağı, patlıcanı ve patatesi küp küp doğrayın. Kızartma tavasına sıvıyağ koyup, iyice kızdırın. Kızgın yağda önce patatesleri sonra kabak ve patlıcanları ayrı ayrı kızartın. Kızaran sebzeleri, kağıt havlu serilmiş bir tabağın üzerine alın. Fazla yağının süzülmesini sağlayın. 2 adet biberi isterseniz kızgın yağda kızartın ya da isterseniz yağsız tavada hafifçe soteleyin. Domates Sosu İçin; Küçük bir tavaya 1 yemek kaşığı tereyağ koyun ve eritin. Üzerine 1 adet ince ince doğranmış soğanı ile 1 diş rendelenmiş sarımsağı ilave edin. 1 dakika kadar soteleyin. Ardından 5 adet küp küp doğranmış domates ekleyin. Tuz ve karabiberini ayarlayın. 2 adet kesme şeker ekleyin. Domatesler yumuşayana kadar pişirin. Orta boy bir güveçe ya da fırın kabına kızarttığınız sebzeleri koyun. Ardından hazırladığınız domates sosunu üzerine gezdirin. Son olarak kızarmış biberleri de koyup, önceden ısıtılmış 200 derece de fırına verin. 15 dk kadar fırında pişirin. Domates sosuyla pişen şakşukayı fırından alın. Üzerine kaşar peyniri rendeleyin. Tekrar fırına verip, 5 dk kadar daha, kaşar peynirleri eriyene kadar pişirin."
Fırında Kıymalı Kabak Musakka,ana yemek,kabak kıyma soğan domates biber salçası sarımsak Karabiber kimyon Tuz sıvıyağ,"5 adet kabağı güzelce yıkayıp, kurulayın. Kuruladığınız kabakları alacalı doğrayıp, halkalar halinde kesin. Daha sonra kabakları kızgın yağ içinde her iki tarafını da kızartın. Kızaran kabakları kağıt havlu serilmiş tabağa koyun. Diğer taraftan geniş bir tavaya 250 gr kıyma koyup, 2 dk kavurun. Ardından ince ince doğranmış 1 adet soğan ve 2 diş sarımsak ekleyip, kavurmaya devam edin. Üzerine 1 tatlı kaşığı biber salçası ekleyip, 1 dk daha kavurun. Son olarak doğranmış 1 adet domates ilave edin. Tuz ve baharatları da serpiştirerek, pişirmeye bırakın. Pişen kıymalı karışımı orta boy fırın kabının tabanına yayın. Üzerine kızarmış kabakları dizin. Son olarak kıymalı kabak musakka yemeğinin üzerine domates dilimlerini yerleştirin. Hazırladığınız kıymalı kabak musakka yemeğini önceden ısıtılmış 180 dereceli fırına verin. 10-15 dk pişirin. Pişen fırında kıymalı kabak musakka yemeğini fırından çıkartın. Fırında kıymalı kabak musakka yemeğinin üzerine ince ince doğranmış dereotu ile süsleyip, sıcak olarak servis edebilirsiniz."
Fırında Kremalı Patates Püreli Köfte,ana yemek,kıyma soğan galeta unu tuz karabiber kimyon kekik patates rendelenmiş kaşar peynir kırmızı toz biber tereyağı un süt kreması süt rendelenmiş kaşar peynir (üzeri için),"2 adet küçük boy patatesin kabuklarını soyun. Orta boy bir tencere içine koyup, üzerini geçecek kadar su ve az miktar tuz ekleyin. Yumuşayana kadar haşlayın. Patatesler haşlandıktan sonra suyunu süzün. Üzerine az miktar rendelenmiş kaşar peynir ve kırmızı toz biber ekleyin. İyice ezerek, püre haline getirin. Diğer tarafta derin bir kaba 250 gr kıyma koyun. Üzerine rendelenmiş 1 adet soğan ekleyin. İsteğe göre 1 adet yumurta kırabilirsiniz. Ardından 1 yemek kaşığı galeta unu, tuz, karabiber, kimyon ve kekik ekleyip, eliniz ile iyice yoğurun. Eğer yumurta eklerseniz galeta ununu arttırın. Daha sonra köfte harcından ceviz büyüklüğüne yakın parçalar alın. Elinizde açın. İçine 1 tatlı kaşığı kadar patates püresinden koyup, köfteyi kapatın. Hafifçe elinizde yuvarlayın. Yağlanmış fırın kabı içine dizin. Hazırladığınız patates püreli köfteleri önceden ısıtılmış 180 derece fırına verin. Yaklaşık 20 dakika kadar pişirin. Köftelerin üzeri için; orta boy bir tava içine yarım yemek kaşığı tereyağı koyup, eritin. Üzerine yarım yemek kaşığı un ekleyip, 2 dakika kadar kavurun. Daha sonra 3 yemek kaşığı süt kreması ekleyip, hızlı bir şekilde karıştırın. Hemen ardından 1 çay bardağı sütü azar azar döküp, karıştırın. Koyu bir kıvam alana kadar pişirin. Son olarak az miktar tuz ekleyip, ocaktan alın. Sosun kıvamı çok koyu olursa krema ya da süt ekleyebilirsiniz. Pişen köfteleri fırından çıkartıp, üzerine hazırladığınız kremalı sosu paylaştırın. Sosun üzerine rendelenmiş kaşar peynir serpiştirin. Köfteleri önceden ısıtılmış 180 derece fırına verin. Yaklaşık 6-7 dakika kadar pişirin."
Fırında Mısır Gevrekli Tavuk Baget,ana yemek,tavuk baget yumurta mısır gevreği tuz kırmızı toz biber kimyon kekik köri,"Tavuk bagetlerin deri ksımlarını soyun. Yıkayıp, süzülmesi için süzgece bırakın. İsteğe göre tavuk bagetleri 1 gün önceden marine edersiniz daha iyi sonuç alırsınız. Bunun için ilk olarak bir bıçağın ucuyla tavuk bagetleri 2-3 yerinden çizik atın. Marine edeceğiniz sosu daha iyi çekecek ve daha lezzetli olacaklardır (Marine için bir kaba tavuk bagetleri koyun. Üzerine tuz, zeytinyağı, az miktar süt ve baharatları koyup, iyice harmanlayın). Daha sonra bir kaba yumurtayı kırın. Üzerine tuz ve baharatları ekleyin. İyice çırpın. Geniş bir tabağa mısır gevreğini koyun. Elinizle ufalayın. Tavuk bagetleri ilk önce yumurtalı karışıma ardından mısır gevreğine bulayın. Mısır gevreğinin ete yapışması için elinizle hafifçe bastırın. Yağlı kağıt serilmiş fırın tepsisi içine dizin. Önceden ısıtılmış 170 derecelik fırına verin. Yaklaşık 30-35 dakika kadar pişirin (Üzerleri kızarana kadar). Pişen mısır gevrekli tavuk bageti fırından çıkartıp, sıcak servis edebilirsiniz."
Fırında Patatesli Tavuk İncik,ana yemek,tavuk incik patates yoğurt kekik kimyon karabiber kırmızı toz biber köri tuz domates yeşil biber,"Geniş bir kaba 1 çay bardağı yoğurt, tuz ve baharat koyup, karıştırın. Daha sonra 8 adet tavuk inciği yoğurtlu karışıma tek tek bulayıp, karışımın içinde bekletin. 2 adet patatesin kabuklarını soyun. Dilimlere ayırın. Derin bir kaba koyun. Üzerlerine 5 yemek kaşığı zeytinyağ, tuz, kekik ve kırmızı toz biber ekleyip, harmanlayın. Yağlanmış ya da yağlı kağıt serilmiş fırın kabı içine koyup, yayın. Patatesleri önceden ısıtılmış 190 dereceli fırına verin. Pişmeye yakın fırından çıkartın. Yoğurtlu tavuk incikleri patateslerin üzerine tek tek yerleştirin. Ardından fırına verip, pişirin. Daha sonra pişen patatesli tavuk inciği fırından alıp, üzerlerine domates dilimleri ve biberleri yerleştirip, tekrar fırına verin. Yaklaşık 5 dakika pişirin. Hazırladığınız fırında patatesli tavuk inciği sıcak olarak servis edebilirsiniz."
Fırında Patlıcan Oturtma,ana yemek,bostan patlıcanı kıyma soğan sarımsak biber salçası domates salçası domates zeytinyağı tuz karabiber,"2 adet bostan patlıcanın saplarını kesip, alacalı soyun. Patlıcanları 1 parmak kalınlığında halkalar halinde kesin. Tuzlu su içerisinde 10-15 dakika bekletin. Daha sonra acı suyunu süzüp, patlıcanları iyice kurulayın. Derin bir tava içine sıvıyağ koyup, kızdırın. Dilimlediğiniz patlıcanları koyup, arkalı önlü kızartın. Kızaran patlıcanları kağıt havlu serili tabağa alıp, yağlarının süzülmesini sağlayın. Daha sonra geniş bir tava içine 5 yemek kaşığı zeytinyağı koyun. Üzerine 1 adet ince ince doğranmış soğan ve 2 diş sarımsak ekleyip, 1 dk kadar kavurun. Ardından 250 gr kıymayı koyun. Sürekli karıştırarak, 5 dk pişirin. Üzerine 2 adet küp küp doğranmış domatesi ekleyip, 2 dk kadar daha pişirin. Son olarak 1 çay kaşığı domates salçası ve 1 çay kaşığı biber salçasını ekleyip, 2-3 dk kadar daha pişirin. Tuz ve karabiberi de ayarlayıp, karıştırın. Fırın kabı içine kızaran patlıcanları yerleştirin. Üzerlerine hazırladığınız kıymalı harçtan koyun. Kıyma harcın üzerine de domates dilimleri yerleştirin. Hazırladığınız patlıcan oturtma yemeğini önceden ısıtılmış 180 derece fırına verin. 15-20 dk kadar pişirin."
Fırında Peynirli Cevizli Mantar Dolması,ana yemek,iri mantar dövülmüş ceviz beyaz peynir dereotu pulbiber,"Mantarların saplarını çıkartın. İsteğe göre kabuklarını soyabilirsiniz. Nemli bir bez ile mantarları silin. Beyaz peyniri rendeleyin. Üzerine 50 gr dövülmüş ceviz, 4 tutam ince ince kıyılmış dereotu ve pulbiber ekleyip, karıştırın. Mantarları fırın kabına dizin. Mantarların içlerini peynirli harç ile doldurun. Önceden ısıtılmış 180 dereceli fırına verip, 20 dakika kadar pişirin."
Fırında Salçalı Et Yemeği,ana yemek,biftek (antrikot) patates soğan sarımsak domates salçası su tuz zeytinyağı,Etleri marine edin Etleri mühürleyin Salçalı sos hazırlayın Patatesleri hazırlayın Soğanı doğrayın Etleri patateslerin üzerine dizin Salçalı sosu dökün Fırında pişirin
Fırında Soslu Tavuk,ana yemek,kemiksiz tavuk incik patates domates biber dilimleri domates salçası yoğurt rendelenmiş soğan suyu zeytinyağı kimyon karabiber kekik tuz,"Sosu hazırlayın. Geniş bir kap içine 2 yemek kaşığı yoğurt koyun. Üzerine 1 yemek kaşığı domates salçası, 1 adet rendelenmiş soğanın suyu, 3 yemek kaşığı zeytinyağı ve damak tadınıza göre tuz, kimyon, kekik ve karabiber ekleyip, iyice karıştırın. Hazırladığınız yoğurtlu sosun içine tavuk etlerini koyup, eliniz ile iyice harmanlayın. Eğer vaktiniz varsa bu şekilde tavuk etlerini 30-35 dakika kadar dinlenmeye bırakın. Daha sonra soslu tavuk etlerini orta boy bir fırın tepsisi içine dizin. Kapta kalan sosun içine de 2 adet orta boy patatesi istediğiniz büyüklükte dilimleyip, koyun. Eliniz ile harmanlayıp, tavuk etlerinin kenar ve üst kısımlarına yerleştirin. Son olarak tavuk etlerinin üzerine domates ve biber dilimleri koyun. Önceden ısıtılmış 190 derece fırına verin. Üzerleri kızarana kadar yaklaşık 40 dakika pişirin."
Fırında Tavuk Şinitzel,ana yemek,tavuk fileto zeytinyağı kimyon köri yumurta Galeta unu Tuz,"Tavuk filetoyu orta boy bir kaba alın. Üzerine zeytinyağı, tuz, az miktar köri ve kimyon koyup, iyice karıştırın. Bu şekilde buzdolabında 1 saat kadar dinlenmeye bırakın. Diğer tarafta geniş küçük bir kaba 1 adet yumurta kırıp, iyice çırpın. Ayrı bir kaba da galeta unu koyun. Tavuk etlerini ilk önce yumurtaya ardından galeta ununa bulayın. Galeta unun ete yapışması için elinizle hafifçe bastırın. Yağlı kağıt serili fırın tepsisi içine dizin. Önceden ısıtılmış 180 derece fırına verin. Yaklaşık 15 dakika kadar pişirin."
Galeta Unlu Tavuk But Kızartması,atıştırmalık,tavuk but yumurta tuz köri kimyon kırmızı toz biber galeta unu,"7 adet tavuk butunu derin bir tencere içine koyun. Üzerlerine geçecek kadar su ve az miktar tuz koyup, yumuşayana kadar pişirin. Pişen tavuk bagetlerin deri kısımlarını çıkartıp, soğumaya bırakın. Hafifçe çukur bir kap içine 1 adet yumurta kırın. Üzerine tuz, az miktar köri, kimyon ve kırmızı toz biber ekleyip, iyice karıştırın. Tavuk butları önce yumurtalı karışıma ardından da galeta ununa bulayın. Kızgın yağ içinde arkalı önlü iyice kızartın."
Garnitürlü Hasanpaşa Köfte,ana yemek,kıyma soğan galeta unu tuz kimyon kekik karabiber garnitür kaşar peynir tereyağı un süt yumurta maydanoz domates salçası,"Derin bir kaba 300 gr kıyma koyun. Üzerine 1 adet yumurta kırın. Ardından 1 adet rendelenmiş soğan, 2 yemek kaşığı galeta unu, 2 tutam ince ince doğranmış maydanoz, tuz ve baharatları ekleyin. Köfte harcını iyice yoğurun. Hazırladığınız köfte harcını 10 dk kadar buzdolabında dinlendirin. Hazırladığınız köfte harcından yumurta büyüklüğünde parçalar alın. Köftelerin içini çukurlaştırıp, çanak şeklini verin. Daha sonra hazırladığınız çanak köfteleri fırın kabına yerleştirin. Ardından çanak köftelerin içlerine birer yemek kaşığı garnitür koyun. Bir kaba 1 tatlı kaşığı domates salçası ve 1 çay bardağı su koyup, iyice karıştırın. Hazırladığınız salçalı sosu garnitürlü köftelerin üzerine gezdirerek, dökün. Hazırladığınız garnitürlü köftelerin üzerini alüminyum folyo ile kapatın. Önceden ısıtılmış 200 dereceli fırına verip, 30 dk pişirin. Beşamel sosu için; küçük bir tencereye 1 yemek kaşığı tereyağ koyup, eritin. Üzerine 1,5 yemek kaşığı un ekleyip, 2 dakika kadar kavurun. Daha sonra 1,5 su bardağı sütü azar azar döküp, unun topaklanmaması için sürekli karıştırın. Beşamel sos koyulaşıncaya kadar kısık ateşte 2-3 dk kadar kaynatın. Son olarak tuz ve karabiberini de ekleyip, ocaktan alın. Pişen hasanpaşa köftelerini fırından alın. Üzerlerine hazırladığınız 1 yemek kaşığı beşamel sosdan ekleyin. Son olarak beşamel sosun üzerine kaşar peynir dilimleri yerleştirin. Tekrar fırına verip, 15 dk kadar pişirin."
Hünkar Beğendi Kebabı,ana yemek,kuşbaşı doğranmış et soğan domates salçası sarımsak tuz karabiber süt un tereyağı konserve közlenmiş patlıcan rendelenmiş kaşar peynir,"Geniş bir tavayı ocağa koyup, kızdırın. Üzerine 500 gr kuşbaşı et koyun. Etler suyunu salıp, çekene kadar pişirin. Daha sonra 1 adet doğranmış soğan ve 2 diş sarımsak ekleyip, 7-8 dk pişirin. Son olarak etin üzerine 1 yemek kaşığı domates salçası ve 1 çay bardağı su ekleyip, 2 dk kadar daha pişirin. Beğendisi için; küçük bir tencereye 1 yemek kaşığı tereyağ koyup, eritin. Üzerine 1,5 yemek kaşığı un ekleyip, 2 dk kadar kavurun. Daha sonra 1,5 su bardağı sütü azar azar döküp, unun topaklanmaması için sürekli karıştırın. Beşamel sos koyu bir kıvam alana kadar kısık ateşte 2-3 dk pişirin. Daha sonra beğendinin üzerine 7 yemek kaşığı közlenmiş patlıcan, tuz ve karabiber ekleyin. Son olarak rendelenmiş kaşar peyniri ekleyip, 1-2 kere karıştırın. Daha sonra pişen patlıcanlı beğendiyi ocaktan alın. Hazırladığınız patlıcan beğendiği servis tabağının tabanına yayın. Üzerine pişirdiğiniz eti ekleyin. Hünkar beğendi kebabını sıcak olarak servis edebilirsiniz."
İnegöl Köfte,ana yemek,köftelik kıyma kuru soğan galeta unu sıvı yağ su karbonat limon suyu tuz,"Soğanı rendeleyin ve suyunu sıkın. Köftelik kıymayı derin bir kaba koyun. Soğan suyunu, sıvı yağı, galeta ununu, karbonatı, limon suyunu ve tuz ekleyin. İyice yoğurun. Üzerini örtüp buzdolabında 1 gece dinlenmeye bırakın. Ertesi gün 1-2 dakika tekrar yoğurun. Köfte harcından iri parçalar alın. Tezgah üzerine uzun rulo olacak şekilde sıkın. Ruloları bıçak yardımı ile 3 parmak uzunluğunda kesin. Tek tek alıp köfteleri elinizle düzeltin. Geniş bir tava içine sıvı yağ koyup orta ateş üzerinde ısıtın. İnegöl köfteleri tavaya tek tek koyun. Tava içinde arkalı önlü pişirin."
Ispanak Yatağında Et Sote,ana yemek,kuşbaşı doğranmış kuzu eti tereyağı tuz kekik Ispanak Beğendisi İçin: Ispanak Yatağında Et Sote için:,"Geniş bir tavayı ocağa koyup, kızdırın. Üzerine 400 gr kuşbaşı doğanmış et koyun. Etler suyunu salıp, çekene kadar pişirin. Gerekirse kuşbaşı etlerin üzerine su ekleyebilirsiniz. Ardından 250 gr ıspanakları ayıklayıp, iyice yıkayın. Ispanakları rondadan geçirip, püre haline getirin. Beğendisi için; küçük bir tencereye 2 yemek kaşığı tereyağ koyup, eritin. Üzerine 3 yemek kaşığı un ekleyip, 2 dk kadar kavurun. Daha sonra 2 su bardağı sütü azar azar döküp, unun topaklanmaması için sürekli karıştırın. Kısık ateşte koyu bir kıvam alana kadar sürekli karıştırın. Daha sonra beşamel sosun üzerine rondadan çektiğiniz ıspanağı ekleyip, 1 dk pişirin. Son olarak tuz, karabiber ve rendelenmiş kaşar peyniri koyup, 1-2 kere daha karıştırıp, ocaktan alın. Hazırladığınız ıspanak beğendiği servis tabağının tabanına yayın. Üzerine pişirdiğiniz kuşbaşı eti sıcak olarak koyun."
Kemikli Kuzu Etli Yahni (Çayırlı),ana yemek,kemikli kuzu eti taze soğan maydanoz taze nane dereotu zeytinyağı domates salçası tuz karabiber,"Kemikli kuzu etlerini güzelce yıkayın. 1 demet taze soğan, 5 tutam maydanoz, nane ve dereotu doğrayın. Deep bir tencereye kemikli kuzu etlerini koyun. Üzerine 1 çay bardağı zeytinyağ döküp, 10-15 dk kadar orta ateşte kavurun. 2 yemek kaşığı domates salçası ekleyip, 2-3 kere karıştırın. Son olarak ince ince doğradığınız taze soğan, maydanoz, nane ve dereotu yeşillikleri ilave edin. Kemikli kuzu etlerinin yarısına kadar sıcak su ekleyin. Tencerenin kapağını kapatıp, kısık ateşte etler yumuşayana kadar pişirin. Etlerin pişmesine yakın tuz ve karabiber ilave edin."
Kestane Mantar Sote,ana yemek,Kestane Mantarı Soğan Dolmalık Kırmızı Biber Sarı Dolmalık Biber Zeytinyağı Tuz Karabiber,"Kestane mantarların kabuklarını soyun. Limonlu su içinde 10 dakika kadar bekletin. Soğanı ince ine doğrayın. Dolmalık kırmızı biber ve sarı biberi jülyen şeklinde doğrayın. Tavaya 2 yemek kaşığı zeytinyağ dökün. Soğanları ve biberleri ekleyip, 3-4 dakika soteleyin. Ardından mantarları koyun. Son olarak tuz ve karabiber ekleyin. Tavanın kapağını kapatın. Kısık ateşte 7-8 dakika pişirin."
Kıymadan Yaprak Döner,ana yemek,kıyma soğan sarımsak yoğurt irmik tuz karabiber kırmızı pul biber kimyon kekik,"Mutfak robotu içine 500 gr orta yağlı kıymayı koyun. Üzerine 1 adet orta boy soğanı 2-3 parçaya kesip, ekleyin. 1 diş sarımsak, 2 yemek kaşığı yoğurt, 1 buçuk yemek kaşığı irmik, damak tadınıza göre tuz, karabiber, pul biber, kimyon ve kekik koyun. 3-4 dakika robottan geçirin. Hazırladığınız kıymadan yaprak döner harcını streç film üzerine koyup, sıkıca rulo şeklinde sarın. İsteğe göre harcı 2 eşit parçaya bölebilirsiniz. Derin dondurucuya koyup, donana kadar bekletin. Daha sonra döner harcını derin dondurucudan dışarı çıkarıp, 10 dakika kadar bekletin. Ardından keskin bir bıçak ile ince ince dilimleyin. Derin dondurucudan çıkarır çıkarmaz dilimlerseniz, çok zorlanırsınız. Geniş bir tava içine 2 yemek kaşığı sıvı yağ koyup kızdırın. Döner dilimlerini koyup, arkalı önlü pişirin. En çok 2-3 dakikada pişiyor. Kıymadan yaprak dönerler piştikten sonra servis tabağı üzerine alın. Yanında közlenmiş biber ve domates ile servis edebilirsiniz. İsteğe göre kıymadan yaprak dönerleri lavaş ekmeklerin veya yufka ekmeğinin içine koyup, söğüş doğranmış soğan, maydanoz ve arzuya göre acı biberle beraber dürüm yaparak, servis edebilirsiniz."
Kıymalı Fellah Köftesi,ana yemek,ince bulgur sıcak su irmik yumurta soğan domates salçası biber salçası un karabiber kimyon tuz kıymalı Sosu İçin: kıyma sıvıyağ tereyağ domates salçası biber salçası yeşil biber soğan sarımsak maydanoz Yoğurt Sosu İçin: yoğurt sarımsak,"1 su bardağı ince bulguru derin bir kaba koyun. Üzerine 1 su bardağı sıcak su döküp, karıştırın. Bulgurun üzerini kapatıp, şişene kadar 5 dakika bekletin. Daha sonra şişen bulguru karıştırın. Üzerine yarım su bardağı irmik koyun. 1 adet yumurta kırın. 1 adet orta boy soğan rendeleyin. 1 yemek kaşığı domates salçası, 1 yemek kaşığı biber salçası, 1 tatlı kaşığı kadar tuz ve az miktar karabiber, kimyon ekleyin. 3-3,5 yemek kaşığı kadar da un koyup, köfte kıvamına gelinceye kadar eliniz ile iyice yoğurun. Köfteleri yuvarlama sırasında eliniz hamurlaşırsa mutlaka yıkayın. Yoksa köfteleri yuvarlamakta zorluk çekersiniz. Hazırladığınız bulgurlu karışımdan fındık büyüklüğünde parçalar alın. Yuvarlak köfteler yapıp, parmağınızla ortasına bastırıp, düğme şekli verin. Hafifçe un serptiğiniz geniş bir kap ya da tepsi içine köfteleri koyup, kenarda bekletin. Diğer tarafta kıymalı sos için; geniş bir tencere içine 2 yemek kaşığı sıvıyağ, 1 yemek kaşığı tereyağı ve 150 gr kıyma koyun. Sürekli karıştırarak, kıymayı kavurun. Daha sonra kavrulmuş kıymanın üzerine 1 adet ince ince doğranmış soğan, 2 diş ince ince doğranmış sarımsak ve tuz koyup, kısa bir süre daha kavurun. Ardından 2 adet ince ince doğranmış biberleri, yarım yemek kaşığı domates salçası ve yarım yemek kaşığı biber salçası ekleyin. 2-3 dakika daha kavurup, ocağı kapatın. Daha sonra 1 tutam  ince ince doğranmış maydanoz ve karabiber koyup, karıştırın. Fellah köftelerini haşlamak için; derin bir tencere içine su koyup, kaynamaya bırakın. Su kaynadıktan sonra içine tuz ekleyip, karıştırın. Ardından köfteleri tek tek koyun. Hepsini koyduktan sonra yapışmamaları için 1-2 kere karıştırıp, pişirmeye bırakın. Yoğurt sosu için; bir kaba 1 buçuk su bardağı yoğurt ve 1-2 diş rendelenmiş sarımak ekleyip, iyice karıştırın. Kıymalı fellah köftesinin sosu için; küçük bir tava içine 3 yemek kaşığı tereyağı koyup, eritin. Üzerine 1 tatlı kaşığı kırmızı toz biber ve 1 çay kaşığı kırmızı pul biber ekleyip, biraz kızdırın. Pişen fellah köftelerini servis tabağı içine koyun. Üzerlerine hazırladığınız yoğurt sosunu yayın. Yoğurdun üzerine kıymalı harcı dökün. Kıymalı fellah köftesinin üzerine tereyağlı sos karışımını döküp, sıcak olarak servis edebilirsiniz."
Kıymalı Kabak Yemeği,ana yemek,kıyma kabak çerliston biber soğan sarımsak domates salçası zeytinyağı sıcak su dereotu tuz karabiber,"1 adet soğanı ve 2 adet biberi minik küpler halinde doğrayın. 2 diş sarımsağı ince ince kıyın. 2 adet kabağın kabuğunu soyun. Orta büyüklükte doğrayın. Depin bir tencereye 4 yemek kaşığı zeytinyağ koyun. Üzerine doğranmış soğanları ve biberleri koyun. 3-4 dakika kavurun. Daha sonra 125 gr kıyma ekleyin. Kıymanın rengi değişene kadar kavurun. Yarım yemek kaşığı salça ekleyip, 1 dakika kadar daha kavurun. Son olarak doğranmış kabakları ve sarımsakları ekleyin. Üzerine 1 su bardağı sıcak su dökün. Tuz ve karabiberi ayarlayıp, 1 kere karıştırın. Daha sonra tencerenin kapağını kapatın. Kısık ateşte 35-40 dakika kadar pişirin. Kıymalı kabak yemeği piştikten sonra dereotu ile süsleyerek, sıcak olarak servis edebilirsiniz."
Kıymalı Mantar Sote,ana yemek,kıyma kültür mantarı domates domates salçası soğan maydanoz zeytinyağı tuz karabiber,"Orta boy geniş bir tencere içine 1 adet orta boy ince ince doğranmış soğan ve 150 gr kadar kıyma koyun. Üzerine 4 yemek kaşığı zeytinyağı ekleyin. Sürekli karıştırarak kıymayı pişirin. Daha sonra pişen kıymanın üzerine 2 adet küpler halinde doğranmış domates ve yarım yemek kaşığı domates salçası koyun. 2 dakika kadar daha karıştırarak, pişirin. Diğer tarafta 400 gr kültür mantarını ayıklayıp, temizleyin. Çok küçük olmayacak şekilde doğrayın. Doğradığınız mantarları kıymalı harcın üzerine koyun. Az miktar su döküp, 1-2 kere karıştırın. Tencerenin kapağını kapatıp, orta ateş üzerinde pişmeye bırakın. Kıymalı mantar sote piştikten sonra damak tadınıza göre tuz, karabiber ve 1 tutam ince ince doğranmış maydanoz ekleyip, karıştırın. Ardından sıcak olarak servis edebilirsiniz."
Kıymalı Nohut Yemeği,ana yemek,haşlanmış nohut kıyma soğan yeşil biber domates salçası tere yağı zeytinyağı kimyon tuz karabiber,"Kıymalı nohut yemeği için; orta boy geniş bir tencere içine 150 gr kıyma koyun. Sürekli karıştırarak, suyunu salıp, çekene kadar pişirin. Kavurduğunuz kıymanın üzerine 1 adet ince ince doğranmış soğan, 2 adet ince ince doğranmış yeşil biber, 1 yemek kaşığı tereyağı ve 1 yemek kaşığı zeytinyağı ekleyin. Ara ara karıştırarak, 5 dakika pişirin. Daha sonra tencere içine 1 yemek kaşığı domates salçası, 1 çay kaşığı kimyon, tuz ve karabiber koyun. 1 dakika kadar daha karıştırarak, kavurmaya devam edin. Son olarak tencereye 2 buçuk su bardağı haşlanmış nohut ve nohutların üzerine çıkacak kadar sıcak su ekleyip, karıştırın. Tencerenin kapağını kapatıp, kaynamaya bırakın. Kaynadıktan sonra ocağın altını kısın. Kıymalı nohut yemeğini yaklaşık 25-30 dakika kadar pişirin. Kıymalı nohut yemeği piştikten sonra 5 dakika kadar dinlenmeye bırakın. Ardından sıcak olarak servis edebilirsiniz."
Kıymalı Patatesli Bezelye Yemeği,ana yemek,bezelye kıyma patates havuç soğan domates salçası zeytinyağı tuz karabiber,"Geniş bir tencere içine 1 adet orta boy ince ince doğranmış soğan koyun. Üzerine 4 yemek kaşığı zeytinyağı ekleyip, 1-2 dakika kavurun. Ardından 250 gr kıyma ekleyin. Sürekli karıştırarak, kıymayı pişirin. Diğer tarafta 2 adet orta boy patatesin kabuğu soyup, küçük küpler halinde kesin. 1 adet orta boy havucun da kabuğunu soyup, halkalar halinde kesin. Daha sonra pişen kıymanın üzerine 1 yemek kaşığı domates salçası ekleyip, 2 dakika kadar kavurun. Doğranmış patates ve havuçları koyun. 2 su bardağı dondurulmuş bezelyeyi de ekleyin. Son olarak tencereye sebzelerin üzerine hafifçe çıkacak kadar ılık su, damak tadınıza göre tuz ve karabiber koyup, karıştırın. Tencerenin kapağını kapatıp, kaynamaya bırakın. Kaynadıktan sonra ocağın altını kısıp, sebzeler yumuşayana kadar yaklaşık 25 dakika pişirin."
Kıymalı Taze Bezelye Yemeği,ana yemek,kıyma taze bezelye domates soğan patates sarımsak biber salçası zeytinyağı sıcak su tuz,"1 adet domatesin ve 1 adet patatesin kabuğunu soyun. Küçük küpler halinde doğrayın. 1 adet soğanı ve 1 diş sarımsağı ince ince kıyın. Derin bir tencereye 3 yeme kaşığı zeytinyağ koyun. Üzerine ince ince doğranmış soğanı, sarımsağı ve kıymayı ekleyin. Sürekli karıştırarak, 5 dakika kadar pişirin. Daha sonra 1 tatlı kaşığı biber salçayı koyup, 1 dakika kavurun. Doğranmış domatesleri, patatesleri ve 250 gr taze bezelyeyi ekleyin. 1-2 defa karıştırın. Tuz ve 2,5 su bardağı sıcak su ekleyin. Tencerenin kapağını kapatın. Kısık ateşte 35-40 dakika kadar pişirin."
Köfteli Karnıyarık,ana yemek,kemer patlıcan kıyma orta boy domates soğan garnitür biber salçası yumurta galeta unu maydanoz tuz karabiber kekik kimyon fesleğen sıvıyağ,"3 adet kemer patlıcanın saplarını kesip, alacalı soyun. Patlıcanları, ortadan uzunlamasına kesikler atıp, tuzlu su içerisinde 15 dk bekletin. Acı suları çıktıktan sonra suyunu süzüp, iyice kurulayın. Derin bir tavaya sıvıyağ koyup, kızdırın. Kuruladığınız patlıcanları rengi turuncu olana kadar kızartın. Kızaran patlıcanları, kağıt havlu üzerine alıp fazla yağının süzülmesini sağlayın. Bir kaba 150 gr kıyma koyup, 1 adet yumurta kırın. Üzerine 1 adet rendelenmiş soğan, 2 yemek kaşığı galeta unu, 2 tutam ince ince kıyılmış maydanoz, tuz ve baharatları ekleyin. Ardından tüm malzemeleri iyice yoğurun. Hazırladığınız kıyma harcından misket büyüklüğünde minik parçalar alın. Elinizde yuvarlayıp, kızgın yağ içinde kızartın. Kızaran misket köfteleri kağıt havlu üzerine alıp, fazla yağının süzülmesini sağlayın. Diğer taraftan geniş bir tavaya, 3 adet küp küp doğranmış domates, 1 çay kaşığı biber salçası ve 1 tutam fesleğen ekleyip, 8 dk kadar pişirin. Kızaran misket köftelerin üzerine hazırladığınız domates sosu ve 6 yemek kaşığı garnitür ekleyin. Ara ara karıştırarak 3 dk kadar pişirin ve ocaktan alın. Kızaran patlıcanları fırın kabına yerleştirin. Ortasından uzunlamasına kesikler attığınız kısımdan içlerini açın. Ardından patlıcan içlerini, hazırladığınız köfteli harç ile doldurun. Köfteli karnıyarıkların üzerine rendelenmiş kaşar peyniri serpiştirin. Önceden ısıtılmış 200 dereceli fırına verip, 15 dakika kadar pişirin."
Köfteli Mantar Yemeği,ana yemek,mantar domates yeşil biber soğan zeytinyağı köftelik kıyma yumurta ekmek içi sarımsak maydanoz tuz kimyon karabiber kuru nane kekik,Köftelik harcı hazırlayın. Köfteleri şekillendirin. Köfteleri fırında pişirin. Soğanı kavurun. Domates ve biberleri ekleyin. Mantarları ekleyin. Köfteleri mantarların üzerine koyun.
Köri Soslu Tavuk Sote,ana yemek,kuşbaşı doğranmış tavuk göğüsü süt un köri baharatı tuz tereyağı,"Tavuk etlerini yıkayıp, süzün. Daha sonra derin bir tavaya tavuk etlerini koyun. Suyunu çekene kadar pişirin. Diğer yandan derin bir kaba süt, un, köri ve tuzu koyup, iyice karıştırın. Hazırladığınız köri karışımı tavukların üzerine yavaş yavaş döküp, karıştırın. Kısık ateşte 2-3 dakika pişirin."
Kremalı Biberli Tavuk Yemeği,ana yemek,tavuk eti kırmızı biber yeşil biber süt kreması zeytinyağı tuz kekik kimyon kırmızı pul biber köri,"500 gr tavuk etini küp küp doğrayın. Geniş bir kaba alın. Üzerine 4 yemek kaşığı zeytinyağ, tuz ve baharatları koyup, iyice harmanlayın. 10 dakika buzdolabında dinlenmeye bırakın. Daha sonra geniş bir tava içine soslu tavuk etlerini koyup, 2-3 dakika kadar ara ara karıştırarak, soteleyin. Diğer yandan 1 adet yeşil biberin çekirdeklerini temizleyip, minik küpler halinde doğrayın. Sotelediğiniz tavuk etlerin üzerine biberleri ekleyip, 8 dakika pişirin. Biberli tavuk soteniz piştikten sonra içine 2 yemek kaşığı süt kreması ekleyip, karıştırın. 1 dakika kadar pişirin. Hazırladığınız kremalı biberli tavuk yemeğini sıcak olarak servis edebilirsiniz."
Kremalı Soğanlı Tavuk Yemeği,ana yemek,tavuk göğsü soğan kırmızı acı biber zeytinyağı acı sos süt kreması kimyon tuz karabiber,"Tavuk göğsünü jülyen şeklinde doğrayın. Soğanı yemeklik doğrayın. Kırmızı acı biberin çekirdeklerini temizleyip, küçük küçük kesin. Geniş bir tava içine doğradığınız soğanları ve kırmızı acı biberleri ekleyin. Üzerine 2 yemek kaşığı zeytinyağı ekleyip, 1 dakika kadar soteleyin. Daha sonra tavaya jülyen şeklinde doğradığınız tavuk etlerini ekleyin. Ara ara karıştırarak, 2 dakika kadar soteleyin. Tuz, karabiber ve kimyon koyup, karıştırın. Tavanın kapağını kapatıp, tavuk etlerini 10-15 dakika pişmeye bırakın. Tavuk etlerinin pişmesine yakın isteğe göre 1 yemek kaşığı acı sos ekleyip, karıştırın. Ardından 2-3 yemek kaşığı süt kreması koyup, karıştırın. 1 dakika kadar daha pişirip, ocaktan alın."
Kuru Börülce Yemeği,ana yemek,kuru börülce soğan yeşil biber havuç domates salçası sıcak su kesme şeker tuz,"1 su bardağı kuru börülceyi 1 gece önceden sıcak su içinde bekletin. Sabah suyunu süzüp, derin bir tencere içine koyun. Üzerine tekrar su koyup, yumuşayana kadar pişirin. Daha sonra pişen kuru börülcelerin suyunu süzün. Diğer yandan geniş bir tencereye zeytinyağı koyun. Üzerine 1 adet ince ince doğranmış soğan koyun. 1 dakika kadar kavurun. Ardından 2 adet doğranmış biber ve 1 adet havuç ekleyin. 2 dakika kadar daha kavurun. Daha sonra 1 yemek kaşığı domates salçası koyun. 3-4 kere karıştırın. Son olarak 2 su bardağı sıcak su ve haşlanan kuru börülceleri ekleyin. Tuz ve 1 adet kesme şeker de ayarlayıp, 1-2 defa karıştırın. Tencerenin kapağını kapatıp, kısık ateşte pişirin."
Kuru Köfte,ana yemek,köftelik kıyma yumurta soğan zeytinyağı galeta unu maydanoz tuz karabiber kekik kimyon,"Derin bir kaba 300 gr kıyma koyun. Üzerine 1 adet yumurta kırın. Ardından 1 adet rendelenmiş soğan, 2 yemek kaşığı galeta unu, 2 tutam ince ince doğranmış maydanoz, tuz ve baharatları ekleyin. Köfte harcını iyice yoğurun. Hazırladığınız köfte harcını 1 saat kadar buzdolabında dinlendirin. Daha sonra geniş ve derin bir tavaya sıvıyağ koyup, kızdırın. Köfte harcından ceviz büyüklüğünde parçalar alın. Elinizde oval şekli verin. Kızgın yağ içinde kızartın. Kızaran köfteleri kağıt havlu üzerine alıp, fazla yağının süzülmesini sağlayın."
Lokum Et,ana yemek,antrikot/bonfile tere yağı zeytinyağı kimyon kırmızı toz biber karabiber kaya tuzu,"Etin marinesi için, küçük bir kaba 6 yemek kaşığı zeytinyağı koyun. Üzerine 1 çay kaşığı kimyon, kırmızı toz biber, karabiber ekleyin. Biraz tuz serpiştirin. Tüm malzemeleri güzelce karıştırın. Tercihen antrikot ya da bonfile etinizi küçük bir kaba koyun. Elinizle hafifce masaj yapın. Üzerine hazırladığınız sosu dökün. Elinizle tüm yüzeyine (altına ve üstüne) marine sosunun gelmesini sağlayın. Marine sosu içerisinde lokum eti en az 2 saat kadar buz dolabında dinlendirin. Daha sonra geniş bir döküm tavayı ocağa koyup, iyice kızdırın. Ardından marine edilmiş lokum eti tavaya düzgünce koyun. Yüksek ateşte eti 4 dk boyunca ellemeden mühürlenmesi için bekletin. Daha sonra diğer tarafını çevirin. Aynı sürede tekrar mühürlenmesini sağlayın. Mühürlenen lokum eti önceden ısıtılmış 180 derece fırına verip, 30-35 dk kadar pişirin."
Mantarlı Tavuk Yemeği,ana yemek,tavuk göğüsü mantar sivri biber domates salçası zeytinyağı sıcak su kimyon tuz karabiber,"Tavuk etlerini ve mantarları yıkayıp, süzün. Tavuk etlerini ve mantarları küp küp doğrayın. Biberleri de minik minik kesin. Derin bir tavaya zeytinyağını koyun. Üzerine ince ince doğranmış soğanı ekleyin. 2-3 dakika kavurun. Doğranmış biberleri de koyup, 1 dakika kadar soteleyin. Ardından tavuk etlerini ekleyin. Suyunu çekene kadar pişirin. Salçayı koyup, 1-2 kere karıştırın. Son olarak mantarları koyup, 2-3 kere karıştırın. Tuz, karabiber ve suyunu da ekleyip, karıştırın. Tavanın kapağını kapatıp, kısık ateşte 15-20 dakika pişirin."
Milföylü Tavuk Baget,ana yemek,tavuk baget kare milföy Kekik Kimyon Kırmızı toz biber Tuz Yumurta Sarısı Susam ya da çörek otu,"Tavuk bagetleri yıkayıp, tencere içine koyun. Üzerine çıkacak kadar su döküp, tuz ekleyin. Yaklaşık 30 dakika kadar haşlayın. Haşlanmış tavukları tencereden alıp, ılımaya bırakın. Ardından derilerini çıkartın. Kemik kısımlarını alüminyum folyo ile kaplayın. Tavukların üzerlerine baharatları serpiştirin. Milföyleri 1 parmak genişliğinde şeritler halinde kesin. Daha sonra milföyleri fotoğraflardaki gibi tavuk bagetlere aralarında boşluk kalmayacak şekilde sarın. Milföylü tavuk bageti yağlı kağıt serilmiş fırın tepsisi içine koyun. Üzerine yumurta sarısı sürün. Susam ya da çörek otu serpiştirin. Önceden ısıtılmış 180 dereceli fırına verin. Üzerleri kızarana kadar pişirin."
Misket Köfteli Enginar,ana yemek,enginar kıyma soğan galeta unu domates salçası zeytinyağı su tuz karabiber kekik nane kaşar peyniri,"Enginarları yıkayıp, geniş bir tavaya koyun. Üzerine 1 yemek kaşığı zeytinyağ, az miktarda tuz serpiştirin. Enginarların üzerini geçecek kadar su ekleyip, tavanın kapağını kapatın. Enginarlar yumuşayana kadar 20 dk kadar pişirin. Bir kaba 250 gr kıyma koyun. Üzerine 1 adet rendelenmiş soğan, 2 yemek kaşığı galeta unu, tuz, karabiber, nane ve kekik ekleyip, iyice yoğurun. Daha sonra kıymalı harçtan minik parçalar alıp, elinizde yuvarlayın. Geniş bir tencereye az miktar sıvıyağ koyup, kızdırın. İçine hazırladığınız misket köfteleri koyun. Tavayı sallayarak, köfteleri kızartın. Misket köfteli enginarın sosu için küçük bir tavaya 1 yemek kaşığı salça koyun. Üzerine 1 yemek kaşığı zeytinyağ koyup, 1 dk kavurun. Ardından 1 çay bardağı su ekleyip, iyice karıştırın. Son olarak tuz ve karabiber ilave edin. Hazırladığınız salçalı sosu karıştırıp, ocaktan alın. Pişen enginarları fırın kabına koyun. Üzerine pişmiş misket köftelerini ilave edin. Köftelerin üzerlerine domates sosu ekleyin. Son olarak misket köfteli enginarın üzerine rendelenmiş kaşar peyniri serpiştirin. Önceden ısıtılmış 180 dereceli fırına verin. Kaşar peynirleri eriyene kadar pişirin."
Nohutlu Keşkek,ana yemek,buğday kuşbaşı doğranmış et haşlanmış nohut tere yağı soğan domates salçası ılık süt tuz karabiber zeytinyağ,"Derin bir tencere içine yarım çay bardağı zeytinyağ koyup, kızdırın. Üzerine 300 gr kuşbaşı et koyup, 10 dk kadar kavurun. Üzerine ince ince doğranmış 1 adet soğan ekleyip, 2 dk kadar daha kavurun. Daha sonra 1 yemek kaşığı salça ekleyip, 3-4 kere karıştırın. Son olarak 2 su bardağı haşlanmış nohut ve nohutların üzerine çıkacak kadar sıcak su ilave edip, kısık ateş üzerinde 30-35 dk kadar pişirin. 2 su bardağı buğdayı akşamdan iyice yıkayın. Bir tencere içine koyup, 1 taşım kaynatın. Daha sonra buğdayın suyunu süzün. Tekrar üzerine çıkacak kadar su koyup, sabaha kadar bekletin. Akşamdan bekletmemizin sebebi buğdayların daha iyi kabarmasını ve daha kolay pişmesini sağlayacaktır. Akşamdan suda beklettiğiniz buğdayı ocağa koyun. Üzerine 2 yemek kaşığı tereyağ ve az miktar tuz koyup, kısık ateş üzerinde 25-30 dk (buğdaylar çatlayana) kadar pişirin. Pişen buğdayı ocaktan alın. Üzerine 1 su bardağı ılık sütü azar azar döküp, blender ya da püre ezicisi ile orta kıvamda ezdirin. Hazırladığınız keşkeği sıcak olarak servis tabağına koyun. Üzerine etli nohutu da koyun. Nohutlu keşkeği sıcak olarak servis edebilirsiniz. İsteğe göre nohutlu keşkek üzerine tereyağında kızdırılmış pulbiber ile servis edebilirsiniz."
Patatesli Dana İncik Haşlama,ana yemek,Dana incik Kuru soğan Sarımsak Patates Havuç Çerliston biber Domates salçası Zeytinyağı Tuz Karabiber,"Bir tencerenin içine 3 parça kemiksiz dana incik koyun. Üzerini geçecek kadar su ekleyip, 30 dk haşlayın. 1 adet patates ve 2 adet havucun kabuklarını soyun. Soyduğunuz patatesleri büyük küpler halinde doğrayın. Havuçları ve biberleri halkalar halinde kesin. Geniş bir tencereye 1 adet ince ince doğranmış soğan koyun. Üzerine 3 yemek kaşığı zeytinyağ ekleyip, 2-3 dk kadar kavurun. 1 yemek kaşığı domates salçasını koyup, 1 dk kadar daha kavurun. Ardından haşlanan dana incik etleri, doğranmış patatesleri, havuçları ve biberleri ekleyip, 3-4 kere karıştırın. Son olarak sebzelerin üzerine çıkacak kadar sıcak su dökün. Tuz ve karabiber serpiştirip, patatesli dana inciği kısık ateşte 30 dk kadar pişirin."
Arnavut Ciğeri,ana yemek,kuşbaşı doğranmış ciğer patates kuru soğan maydanoz zeytinyağı un Ciğer Baharatları Sıvıyağ,"Patatesleri soyun. Küp küp doğrayın. Kızartma yağını hazırlayın. Yağın iyice kızmasını sağlayın. Doğradığınız patatesleri atın ve üzerleri kızarana kadar yağda kızartın. Kızaran patateslerin fazla yağını almak için, kağıt havlu serilmiş bir tabağın üzerine alın. Kuşbaşı doğranmış ciğerleri derin bir kaba alın. İçine biraz tuz, karabiber, kimyon atın. Kaşık yardımıyla biraz karıştırın. Üzerine 2-3 yemek kaşığı un atıp, kabın kenarlarını elinizle tutarak, sallayın ve ciğerlerin tüm yüzeylerinin unlanmasını sağlayın. İyice unlanan kuşbaşı ciğerleri, kızgın yağa atın. Kızarana kadar pişirin. Kızardıktan sonra fazla yağlarının süzülmesi için kağıt havlu serilmiş bir tabağa alın. Ciğerleri yıkamadan kanı akması için 15 dakika kadar süzgeçte bekletin. Ciğerleri kızgın ve bol yağ da, 1 dakika boyunca karıştırarak kızartın. 2 adet soğanı söğüş olarak ince ince doğrayın. Üzerine biraz tuz, kırmızı toz biber, pul biber ve sumak ekleyin. Elinizle hafifçe yoğurun. Üzerine ince ince kıyılmış 2-3 tutam miktar maydanoz ekleyip, soğanların öldürmek ve acısını almak için elinizle bir süre daha yoğurun. Son olarak 2-3 yemek kaşığı zeytinyağı ve bir miktar daha kıyılmış maydonoz ilave edip kaşık yardımıyla tekrar karıştırın. Değin bir kaba kızarmış patatesleri, ciğerleri ve soğanlı karışımı koyun. Bir kaşık yardımıyla güzelce karıştırın. Söğüş soğanlı arnavut ciğeri servis tabağına alın. Üzerine az miktarda kimyon serpiştirip, sıcak olarak edebilirsiniz."
Patates Püresi,ana yemek,patates süt tereyağı kaşar peyniri tuz,"Patatesleri soyup, yıkayın. Iri parçalar halinde kesin. Patatesleri küçük bir tencereye koyun. Üzerine sıcak su ve tuz ekleyin. Yumuşayana kadar pişirin. Haşlanan patateslerin suyunu süzün. Üzerine tereyağ ve kaşar peynir koyun. Püre haline gelene kadar çatal ile ezin. Son olarak pürenin üzerine süt dökün. Tüm bu karışımı iyice karıştırın."
Pideli Etli Kebap,ana yemek,kuşbaşı et tırnak pidesi domates salçası tere yağı tuz karabiber,"400 gr kuşbaşı eti iyice ısıtılmış orta boy bir tencere içine koyun. 5 dakika kadar karıştırarak, kavurun. Daha sonra etlerin üzerini hafifçe geçecek kadar sıcak su ekleyin. Hafifçe suyunu çekip, yumuşayana kadar pişirin. Pişmeye yakın etlerin üzerine 1 tatlı kaşığı tereyağı, tuz ve karabiber ekleyip, karıştırın. Diğer taraftan bayata yakın 1 adet ramazan pidesi ya da tırnak pidesinin yarısını küpler halinde kesin. Kestiğiniz pide parçalarını servis tabağı üzerine dizin. Daha sonra bir tava içine 1 yemek kaşığı tereyağı koyup, eritin. Eriyen yağın içine 1 yemek kaşığı kadar domates salçası ekleyip, 1 dakika kadar kavurun. Ardından 1 su bardağı kadar suyu azar azar ekleyip, salçayı sos kıvamına gelene kadar açın. Salçalı sos istediğiniz kıvama geldiği zaman üzerine biraz tuz ekleyip, karıştırın. Hazırladığınız salçalı sosu, pidelerin üzerine gezdirin. Soslu pidelerin üzerine kavurduğunuz etleri yayın. Hazırladığınız pideli etli kebabı domates ve biber ile süsleyerek, servis edebilirsiniz."
Pratik Ali Nazik,ana yemek,patlıcan konserveközlenmiş patlıcan kıyma soğan yoğurt sıvıyağ kırmızı toz biber tuz karabiber sarımsak,"500 gr patlıcanı ocak üzerinde közleyin. Kabuklarını soyup, ince ince kıyın. İsteğe göre konserve közlenmiş patlıcan da kullanabilirsiniz. Geniş bir tavaya 3 yemek kaşığı  sıvıyağ ve 1 adet ince ince doğranmış soğan ekleyip, 1-2 dk soteleyin. Ardından 250 gr kıyma koyun. Sürekli karıştırarak kıyma harcını pişirin. Son olarak tuz ve karabiberi de ekleyip, ocaktan alın. Közlenmiş patlıcanları bir kaba alın. Üzerine 4 yemek kaşığı yoğurt, tuz ve rendelenmiş 1 diş sarımsak ekleyin. Bir kaşık yardımıyla iyice karıştırın. Servis tabağının tabanına patlıcanlı karışımı yayın. Ortasına hazırladığınız kıyma harcını ekleyin. Pratik ali nazik yemeğinin üzerine, yağ içinde kızdırılmış kırmızı toz biber gezdirip servis edebilirsiniz."
Sandal Sefası,ana yemek,kabak kıyma soğan domates sarımsak dereotu zeytinyağı karabiber tuz tereyağı un süt rendelenmiş kaşar peyniri,Kabakları hazırlayın Kıymalı harcı hazırlayın Beşamel sosu hazırlayın Kabakları fırınlayın
Sebzeli Şiş Köfte,ana yemek,patlıcan kıyma soğan yumurta sarıkmsak galeta unu maydanoz tuz nane kekik karabiber kimyon domates yeşil biber sıvıyağ,"Derin bir kaba 300 gr kıyma koyun. Üzerine 1 adet yumurta kırın. Daha sonra 1 adet rendelenmiş soğan, 1 diş sarımsak ve 2 yemek kaşığı galeta unu ekleyin. Son olarak tuz, nane, kekik, karabiber, kimyon ve 1 tutam ince ince doğranmış maydanoz ilave edip, köfte karışımını iyice yoğurun. Ardından hazırladığınız köfte harcından ceviz büyüklüğünde parçalar alıp, elinizde yuvarlayın. Daha sonra 3 adet patlıcanı yıkayıp, alacalı olarak soyun. 1er cm kalınlık da halkalar halinde kesin. Daha sonra patlıcanları tuzlu su içinde 15 dk bekletin. Patlıcanların acı suyunu süzüp, kurulayın. Daha sonra 3 adet patlıcanı ve köfteleri kızgın yağ içinde hafifçe kızartın. Diğer taraftan 3 adet domates ve 3 adet yeşil biberi doğrayın. Şişe sırasıyla köfte, patlıcan, domates ve biber olmak üzere sıralayın. Hazırladığınız sebzeli şiş köfteleri fırın kabına yerleştirin. Sebzeli şiş köftelerinin üzeri için bir kaba 1 tatlı kaşığı domates salçası koyun. Üzerine 1 su bardağı su döküp, iyice karıştırın. Domates sosunu sebzeli şiş köftenin üzerine dökün. Sebzeli şiş köfte yemeğini önceden ısıtılmış 180 dereceli fırına verin. 20-25 dk kadar pişirin. Pişen sebzeli şiş köfte yemeğini sıcak olarak servis edebilirsiniz."
Soğan Kebabı,ana yemek,kıyma soğan biber salçası su domates yeşil biber tuz karabiber nar ekşisi su,"Kıymayı, tuz, karabiber ve biber salçası ile yoğurun. Soğanları hazırlayın. Köfte harcından parçalar alıp, soğanların ortasına yerleştirin. Soğan kebabını fırın kabına dizin. Üzerine su gezdirip, fırına verin. Köfteler kızarınca nar ekşili sosu üzerlerine gezdirip, tekrar fırına verin."
Sucuklu İspir Kuru Fasülyesi,ana yemek,ispir kuru fasulyesi kangal sucuk soğan dolu sudomates salçası tere yağı tatlı un kesme şeker tuz,"1 su bardağı ispir kuru fasulyelerini derin bir kaba koyun. Üzerine çıkacak kadar soğuk içme su ilave edip, 1 gece bekletin. Kuru fasulyeyi pişirmeden bir gün önceden mutlaka soğuk suda bekletin. Bu sürenin uzun olması kuru fasulyenin gazının azalmasını sağlayacak ve hazmı kolaylaştıracaktır. Ertesi gün, şişen fasulyeleri tencereyle beraber ocağa alın. Kendi suyunda, su kaynayana kadar 5-10 dk haşlayın. Kaynamaya başladığında, tencereyi ocaktan alıp, fasülyeleri süzün. Bir tencereye 1 adet ince ince doğranmış soğan koyun. Üzerine 2 yemek kaşığı tereyağ ilave edip, soğanları tereyağ da 3 dk kadar kavurun. Soğanlar pembeleşinceye kadar, kepçe yardımı ile sürekli karıştırarak pişirin. Ardından 1 yemek kaşığı dolusu domates salçası da ilave edip, 2 dk kadar daha kavurun. Kavururken kullanacağınız un, hem fasulyelerin daha koyu bir kıvam da olmasını sağlayacaktır hem de yerken midenin yanmasını engelleyip, hazmı kolaylaştıracaktır. Tencereye ispir kuru fasulyelerini ekleyin. Üzerine çıkacak kadar sıcak su döküp, küp küp doğanmış sucuklar ile 3 kesme şekeri ilave edin. Tuzunu ayarlayıp, fasulyeleri son bir kez karıştırıp, tencerenin kapağını kapatın. Fasulyeler yumuşayana kadar (yaklaşık 45-50 dk) orta ateşte pişirin."
Tarhanalı Çıtır Tavuk Baget,ana yemek,tavuk baget yumurta soda un tuz ketçap galeta unu tarhana köri kekik kimyon kırmızı toz biber,"Tavuk bagetleri derin bir tencere içine koyun. Üzerlerini geçecek kadar su ve az miktar tuz koyup, yumuşayana kadar pişirin. Daha sonra pişen tavuk bagetlerin deri kısımlarını alıp, soğumaya bırakın. Diğer tarafta hafifçe çukur bir kap içine 1 adet yumurta kırın. Üzerine 1 şişe soda, 2 yemek kaşığı un, az miktar tuz ve 1 yemek kaşığı ketçap ekleyip, iyice karıştırın. Başka bir kap içine de 3 yemek kaşığı galeta unu, 3 yemek kaşığı tarhana, 1 çay kaşığı köri, biraz kekik, kimyon ve kırmızı toz biber koyup, karıştırın. Daha sonra tavuk bagetleri ilk önce sodalı karışıma sonra da tarhanalı karışıma bulayın. Kızgın yağ içinde arkalı önlü iyice kızartın. Tarhanalı çıtır tavuk bagetler piştikten sonra sıcak olarak servis edebilirsiniz."
Tavada Sebzeli Tavuk,ana yemek,tavuk göğsü brokoli kültür mantarı havuç kabak kırmızı kapya biber zeytinyağı soya sosu tuz,"Tavuk etini jülyen şeklinde doğrayın. Tavuk etlerini tava içine koyun ve 2 yemek kaşığı zeytinyağı ekleyin. Ara ara karıştırarak, suyunu salıp, çekene kadar tavuk etlerini pişirin. Pişen tavuk etlerinin üzerine 2 yemek kaşığı soya sosu koyup, karıştırın. Havuç, kabak ve kırmızı kapya biberi bıçak yardımı ile jülyen şeklinde kesin. 150 gr brokoliyi temizleyip, iyice yıkayın ve küçük küçük dallarına ayırın. 200 gr mantarı da temizleyip, orta kalınlıkta doğrayın. Orta boy derin bir tava içine 2-3 yemek kaşığı zeytinyağı dökün ve doğranmış havuçları ekleyin. 2 dakika kadar kavurun ve ardından kabakları koyup, 1 dakika daha kavurun. Dallarına ayırdığınız brokoliyi, kırmızı kapya biber ve mantarları ekleyin ve ara ara karıştırarak, 2-3 dakika kavurun. Tencerenin kabağını kapatıp, kısık ateş üzerinde sebzeleri yaklaşık 7-8 dakika pişirin. Pişen sebzelerin üzerine 2 yemek kaşığı soya sosu ve çok az miktarda tuz ekleyip, karıştırın. Ardından pişen tavuk etlerini de koyup, tekrar karıştırın."
Tavuk Etli Enginar Dolması,ana yemek,enginar tavuk eti mantar yeşil biber soğan zeytinyağı tuz karabiber kaşar peyniri,"Derin bir tencere içine 3 yemek kaşığı zeytinyağ koyun. Üzerine 1 adet ince ince doğranmış soğan ve 1 adet yeşil biber koyun. 2-3 dakika kadar kavurun. Ardından 250 gr tavuk etini de ekleyip, ara ara karıştırarak, pişirin. Pişen etlerin üzerine küpler halinde doğradığınız mantarları, tuz ve karabiberi ekleyip, karıştırın. Suyunu salıp, çekene kadar pişirin. Diğer yandan 5 adet enginarı geniş bir tencere içine koyun. Yarısına gelecek kadar su ekleyin. Üzerlerine az miktar tuz serpiştirip, pişirin. Daha sonra pişen enginarları fırın kabı içine dizin. Üzerlerine hazırladığınız tavuklu karışımı paylaştırın. Son olarak üzerlerine rendelenmiş kaşar peynir serpiştirin. Tavuk etli enginar dolmasını önceden ısıtılmış 180 dereceli fırına verin. Yaklaşık 7 dakika kadar pişirin."
Tavuklu Talaş Kebabı,ana yemek,kare milföy kuşbaşı tavuk göğsü garnitür soğan domates salçası tuz karabiber yumurta sarısı çörek otu,"1 adet orta boy soğanı ince ince doğrayın. Orta boy bir tava içine doğranmış soğanı koyun. Üzerine 2 yemek kaşığı sıvıyağ ekleyip, 1 dakika kadar kavurun. Ardından 500 gr kuşbaşı tavuk etlerini ekleyin. Ara ara karıştırarak, pişirin. Pişmeye yakın tavuk etlerinin üzerine 1 çay kaşığı kadar domates salçası, tuz ve karabiber koyup, 1-2 dakika kadar daha pişirin. Son olarak tavuk etlerinin üzerine yarım su bardağı garnitür koyup, karıştırın. Ardından ocaktan alıp, ılımaya bırakın. Diğer tarafta 6 adet milföyü un serptiğiniz tezgah üzerinde biraz açın. Milföy hamurlarını çok fazla açarsanız güzel kabarma olmaz. Bu yüzden biraz açmanız yeterli olacaktır. Daha sonra milföylerin orta kısımlarına tavuklu harçtan koyun. Fotoğraflardaki gibi bohça şeklinde kapatıp, ters çevirin. Yağlı kağıt serili fırın tepsisi içine dizin. Üzerlerine yumurta sarısı sürüp, çörek otu serpiştirin. Tavuklu talaş kebabını önceden ısıtılmış 180 derece fırına verin. Üzerleri kızarana kadar yaklaşık 20 dakika pişirin."
Taze Soğanlı Tavuk Sote,ana yemek,tavuk göğsü kırmızı biber taze soğan soya sosu süt zeytinyağı tuz kekik karabiber kimyon,"Tavuk etini yıkayıp, süzün. Geniş bir kaba tavuk etini koyun. Üzerine süt, zeytinyağ, tuz, kimyon ve kekik ekleyip, karıştırın. Buzdolabında 1 saat dinlenmeye bırakın. Geniş bir tavayı ocağa koyup, ısıtın. Üzerine dinlenen soslu tavuk etlerini koyup, pişirin. Kırmızı biberi ve taze soğanı jülyen şeklinde doğrayın. Bir tavaya az miktar zeytinyağ koyup, kızdırın. Üzerine doğranmış biberleri ekleyip, 1-2 dakika kadar kavurun. Ardından taze soğanın yapraklarını ekleyip, 3-4 kere kavurun. Küçük bir kaba soya sosu ve zeytinyağ koyup, karıştırın. Pişen tavuk etlerini derin bir servis tabağına koyun. Üzerine sotelenmiş biberli yeşil soğan yapraklı karışımı ekleyin. Hazırladığınız taze soğanlı tavuk sotenin üzerine soya soslu karışımı dökün."
Kekikli Et Haşlama,ana yemek,Kemikli Kuzu Eti Domates Salçası Soğan Zeytinyağı Kekik Tuz,"Orta boy bir tencere içine 4 yemek kaşığı zeytinyağı koyup, ısıtın. Isınan yağın içine 3 adet kemikli et koyun ve 5 dk ara ara karıştırarak, kavurun. Kemikli etlerin üzerine ince ince doğranmış 1 adet soğan ekleyip, karıştırın. Ardından 1 yemek kaşığı salça ekleyin. Son olarak üzerine çıkacak kadar su ilave edip, pişmeye bırakın. Pişen etlerin üzerine tuz ve kekik ekleyip, karıştırın."
Tencerede Köfteli Patates Yemeği,ana yemek,patates domates salçası su yeşil biber domates köftelik kıyma yumurta soğan ekmek içi maydanoz tuz karabiber kekik kimyon zeytinyağı,Köfteli harcı hazırlayın. Köfteleri şekillendirin. Patatesleri halka halka kesin. Tencereye patatesleri dizin. Köfteleri ve biberleri patateslerin üzerine yerleştirin. Salçalı karışımı hazırlayın. Tencereye salçalı karışımı dökün. Pişirin.
Tencerede Patates Püreli Et Yemeği,ana yemek,biftek (antrikot) zeytinyağı tuz karabiber patates süt tereyağı kaşar peyniri rendelenmiş kaşar peynir,"Marine edilecek etleri 1-2 saat marine edin. Tavayı ocak üzerine alın. Marine ettiğiniz etleri koyup, her iki tarafını pişirin. Patatesler kabuklarını soyup, yıkayın. Iri parçalar halinde kesip, derin bir tencere içine koyun. Üzerlerine geçecek kadar su ve az miktar tuz ekleyin. Patatesler yumuşayana kadar pişirin. Hasılan patateslerin suyunu süzün. Hemen üzerlerine 1 yemek kaşığı tereyağ ve 2 yemek kaşığı rendelenmiş kaşar peynir koyun. Çatalla ezerek, iyice karışmasını sağlayın. Son olarak patateslerin üzerine yarım su bardağı kadar sütü azar azar dökün. Blendırdan geçirin. Sütü kontrollü olarak ilave edip, pürenin kıvamını ayarlayın. Tencerede pişen etlerin üzerine hazırladığınız patates püresini paylaştırın. Pürenin üzerine de rendelenmiş kaşar peynir serpiştirin. Tencerenin kapağını kapatın. Ocağın altını iyice kısın. Kaşar peynirler eriyene kadar 6-7 dk pişirin."
Terbiyeli Et Haşlama,ana yemek,kemiksiz et patates arpacık soğan sarımsak yumurta sarısı un limon suyu tuz karabiber,"Etleri iri parçalar halinde doğrayın. Tencereye az miktar sıvıyağ döküp, kızdırın. Etleri tencerenin içine koyup, arkalı önlü birkaç dakika kızartın. Kızaran etlerin üzerine 2 parmak geçecek kadar sıcak su döküp, etler yumuşayana kadar pişirin. Patatesleri, arpacık soğan ve sarımsağın kabuklarını soyun. Patatesleri büyük küpler halinde kesin. Etlerin yumuşamasına yakın doğranmış patatesleri, arpacık soğan ve sarımsakları tencere içine ekleyin. Sebzeler yumuşayana kadar orta ateş üzerinde pişirin. Küçük bir kap içine un, limon suyu, yumurta sarısı ve 2-3 yemek kaşığı su koyup, iyice çırpın. Çırptığınız karışım içine etin haşlama suyundan azar azar ekleyip, karıştırın. Terbiyeli karışımı da yemeğin içine yavaş yavaş dökün. Tuz ve karabiber koyup, karıştırın. 1-2 taşım kaynatıp, ocaktan alın."
Tortilladan Fındık Lahmacun,atıştırmalık,tortilla kıyma soğan domates maydanoz tuz karabiber,"Derin bir kaba 150 gr kıyma koyun. Üzerine 1 adet rendelenmiş soğan ve 1 adet domates ekleyin. Ardından 2 tutam ince ince doğranmış maydanoz, tuz ve karabiber de ilave edin. Kıyma harcını iyice yoğurun. Eğer harcınız katı bir kıvamda ise su ya da zeytinyağ ekleyebilirsiniz. Daha sonra tortilla ekmekleri bardak yardımı ile halkalar halinde kesin. Kestiğiniz tortillaların üzerlerine hazırladığınız kıymalı harçtan koyun. Elinizle her tarafına güzelce yayın. Önceden ısıtılmış 180 dereceli fırına verin. Tortilla fındık lahmacunlarının üzerleri kızarana kadar pişirin. Fındık lahmacunlar piştikten sonra fırından alın. Üzerlerine limon, soğan ve yeşillik ekleyip, sıcak olarak servis edebilirsiniz."
Yufkalı Şiş Köfte,ana yemek,kıyma hazır yufka soğan maydanoz galeta unu biber salçası file antep fıstığı karabiber kimyon tuz tereayağı sıvıyağ domates salçası su,"Kıymayı bir kap içine koyun. Üzerine rendelenmiş soğan, galeta unu ve ince ince doğranmış maydanoz ekleyin. Biber salçası ve file antep fıstığı ekleyin. Tuz, kimyon ve karabiber koyup, köfteyi iyice yoğurun. Köfte harcını iki eşit parçaya bölün. Yufkanın birini tezgah üzerine serin. Üzerini sıvıyağ ile hafifçe yağlayın. Yarıya yakın kısmını katlayın. Uzun kısmına köfte harcını rulo yapıp, yerleştirin. Kenar kısımları içe doğru biraz katlayıp, sıkı bir şekilde rulo yapın. Hazırladığınız köfteli yufkayı iki parmak kalınlığında dilimleyin. Köfte kısmı yukarı gelecek şekilde çöp şişlere dizin. Yufkalı şiş köfteleri yağlı kağıt serili fırın tepsisi içine dizin. Önceden ısıtılmış 180 derece fırına verin. Üzerleri hafifçe kızarana kadar yaklaşık 20 dakika pişirin. Diğer tarafta yufkalı şiş köftenin üzeri için; orta boy bir tava içine tereyağı koyup, eritin. Üzerine sıvıyağ ve domates salçası ekleyin. Sürekli karıştırarak, sosu pişirin. Sosunuz çok koyu olursa su ekleyip, kıvamı açabilirsiniz. Yufkalı şiş köfteler piştikten sonra fırından çıkartın. Üzerlerine hazırladığınız domates sosunu döküp, sıcak olarak servis edebilirsiniz."
Zerdeçallı Tavuk Beğendi,ana yemek,tavuk göğsü tereyağı zerdeçal süt un tuz patlıcan kaşar peynir,"İlk olarak yarım tavuk etini bıçak yardımı ile jülyen şeklinde kesin. Geniş bir tavaya yarım yemek kaşığı tereyağ koyup, eritin. Üzerine tavuk etlerini koyup, pişirin. Daha sonra derin bir kaba yarım su bardağı süt, yarım yemek kaşığı un, 1 çay kaşığı zerdeçal ve tuz koyup, iyice çırpın. Hazırladığınız zerdeçallı karışımı tavukların üzerine yavaş yavaş döküp, karıştırın. Kısık ateşte 2 dakika pişirin. Daha sonra ocaktan alın. İsteğe göre zerdeçallı tavuk sote kıvamı koyu gelirse süt ile biraz açabilirsiniz. Beğendisi İçin; derin bir tencere içine 1/2 yemek kaşığı tereyağ koyup, eritin. Ardından 2 yemek kaşığı un ekleyip, 1 dakika kadar kavurun. Daha sonra azar azar 1 su bardağı sütü döküp, hızlı bir şekilde karıştırın. Koyu bir kıvam alana kadar pişirin. Pişen beğendinin içine 6 yemek kaşığı közlenmiş patlıcan ekleyip, 1 dakika kadar pişirin. Son olarak 2 yemek kaşığı rendelenmiş kaşar peyniri koyun. Karıştırıp, ocaktan alın. Pişen patlıcan beğendiği servis tabağına koyun. Üzerine zerdeçallı tavuk soteyi ekleyin. Hazırladığınız zerdeçallı tavuk beğendiği sıcak olarak servis edebilirsiniz."
Zeytinyağlı Mantar,ana yemek,mantar sarımsak zeytinyağı maydanoz karabiber tuz,"1/2 paket mantarın kabuklarını soyup, yıkayın. Daha sonra mantarları 3-4 parçaya kesin. Bir tavaya 4 yemek kaşığı zeytinyağ koyun. Üzerine 1 diş ince ince doğranmış sarımsak ekleyin. 3-4 kere karıştırın. Ardından mantarları koyun. Mantarlar suyunu salıp çekene kadar pişirin. Son olarak tuz, karabiber ve 1 tutam ince ince doğranmış maydanoz ekleyin. 1 kere karıştırıp, tavayı ocaktan alın."
Sömelek Köfte,ana yemek,dana kıyma köftelik ince bulgur sıcak su irmik un yumurta biber salçası kimyon karabiber tuz tereayağı zeytinyağı domates salçası kuru nane yoğurt,Bulguru sıcak su ile şişene kadar bekletin. Köfte harcını yoğurun. Köftelere şekil verin. Köfteleri haşlayın. Sosunu hazırlayın. Köfteleri sosu ile birlikte pişirin. Servis edin.
Bayat Ekmek Köftesi,ana yemek,bayat ekmek su yumurta soğan sarimsak rendelenmis kaşar peynir maydanoz galeta unu kırmızı pul biber karabiber kekik kimyon kırmızı toz biber tuz sıvı yağ,"Bayat ekmekleri küçük küpler halinde kesip, derin bir kap içine koyun. Ekmeklerin üzerine 1 su bardağı suyu azar azar döküp, eliniz ile iyice ezin. Ekmeğiniz çok fazla kuru ise su oranını biraz daha arttırabilirsiniz. Ekmekler çok sulu olmasın sadece yumuşaması yeterli olacaktır. Ekmekleri iyice ezdikten sonra üzerine 1 adet yumurta kırın. 1 adet orta boy rendelenmiş soğan ve 2 diş rendelenmiş sarımsak koyun. Ardından kaba 1 su bardağı rendelenmiş kaşar peynir, 2-3 tutam ince ince doğranmış maydanoz, damak tadınıza göre tuz, kimyon, kırmızı pul biber, kırmızı toz biber, karabiber ve kekik ekleyin. Köfte harcını eliniz ile iyice yoğurun. Köfte harcı elinize biraz yapışacaktır. Bu yüzden harcı toparlamak için üzerine 1-2 yemek kaşığı kadar galeta ununu azar azar ekleyip, güzelce yoğurun. Galeta ununu çok ekleyip köfteyi sertleştirmeyin. Daha sonra geniş bir tava içine tabanı kaplayacak kadar sıvı yağ döküp, kızdırın. Şekil verdiğiniz bayat ekmekli köfteleri yağın içine koyun. Köfteleri arkalı önlü güzelce kızartın. Ardından kızaran köfteleri havlu kağıt üzerine alıp, fazla yağının süzülmesini sağlayın."
Falafel,ana yemek,nohut soğan maydanoz sarımsak karabiber kimyon tuz un sıvı yağ,"Nohutları, soğanı, maydanozu, sarımsağı, karabiberi, kimyonu ve tuzu robota koyup karıştırın. Üzerine un ekleyip yoğurun. Ceviz büyüklüğünde parçalar alıp yuvarlayın. Kızgın yağda kızartın. Yağını süzüp servis edin."
Karbonatlı Köfte,ana yemek,köftelik kıyma yumurta soğan galeta unu maydanoz karbonat tuz karabiber kimyon,Köfte harcını hazırlayın Köfte harcını yoğurun Köfte harcını buzdolabında dinlendirin Köfteleri şekillendirin Köfteleri kızartın
Kıymalı Mercimek Köftesi,ana yemek,yeşil mercimek kıyma havuç soğan sarımsak maydanoz yumurta domates salçası kuru nane pul biber kimyon tuz mısır unu,"Yeşil mercimeği tencere içine koyun ve yumuşayana kadar haşlayın. Suyunu süzüp, soğumaya bırakın. 2 adet orta boy havucun kabuğunu soyup, hafifçe haşlayın. Hafifçe haşladığınız havuçları, 1 adet orta boy soğan ve 2 diş sarımsağı rendeleyin. 3 tutam maydanozu ince ince doğrayın. Derin bir kaba haşlayıp ve soğuttuğunuz yeşil mercimeği koyup, eliniz ile biraz yoğurun. Mercimeğin üzerine rendelenmiş havuç, soğan, sarımsak, doğranmış maydanoz ve 100 gr kıyma koyun. 1 yemek kaşığı domates salçası, 1 tatlı kaşığı tuz, 1 tatlı kaşığı kuru nane, 1 tatlı kaşığı pul biber ve 1 çay kaşığı kimyon ekleyin. Son olarak kaba 2 adet yumurta ve 1 çay bardağı mısır unu koyun. Tüm köfte harcını eliniz ile güzelce yoğurun. Hazırladığınız kıymalı mercimek köftesi harcından parçalar alın. Elinizde yuvarlayıp, üzerine hafifçe bastırın. Geniş bir tavanın tabanını kapatacak şekilde sıvı yağ koyup, iyice ısıtın. Yeşil mercimek köftelerini tavanın içine dizin. Köftelerin her iki tarafını kızarana kadar pişirin. Kıymalı yeşil mercimek köftesi piştikten sonra havlu kağıt serili servis tabağı üzerine alıp, fazla yağının süzülmesini sağlayın. Ardından yoğurt eşliğinde servis edebilirsiniz."
Tarhana Köftesi,ana yemek,köftelik ince bulgur tarhana sıcak su yumurta un tuz kuru nane zeytinyağı soğan tereayağı zeytinyağı kuru nane kırmızı toz biber çırpılmış sarımsaklı yoğurt,"Bulgurun üzerine sıcak su döküp, karıştırın. Bulgurun üzerini streç film ile kapatıp, şişene kadar 10 dakika kadar bekletin. Ardından şişen bulguru bir kaşık yardımı ile güzelce karıştırın. Köfteyi sakız kıvamı alana kadar yaklaşık 10-15 dakika kadar iyice yoğurun. Köfte harcından küçük parçalar alın. Elinizde güzelce yuvarlayıp, bir tepsi içine koyun. Diğer tarafta köftelerin rahatlıkla sığabileceği bir tencere içine 5 yemek kaşığı zeytinyağı döküp, ısıtın. Yağın üzerine 1 adet orta boy ince ince doğranmış soğan koyun. Soğanı hafifçe yumuşayana kadar 2-3 dakika kadar kavurun. Kavrulan soğanın üzerine tarhanalı köfteleri ekleyip, ezmeden hafifçe 3-4 kere karıştırın. Ardından köftelerin üzerine 2 su bardağı sıcak su döküp, kaynamaya bırakın. Kaynadıktan sonra tencerenin kapağını kapatıp, kısık ateş üzerinde suyunu biraz çekene kadar 30 dakika kadar pişirin."
Yoğurmadan Çiğ Köfte,çorba,köftelik ince bulgur sıcak su domates salçası biber salçası soğan sarımsak zeytinyağı nar ekşisi tuz karabiber kimyon sumak kırmızı pul biber,"Bulgurun üzerine 1 su bardağı sıcak su döküp, karıştırın. Bulgurun üzerini kapatın. Suyunu çekip, şişene kadar 15-20 dakika bekletin. Daha sonra şişen bulguru güzelce karıştırıp, kenara alın. Diğer tarafta derin bir kap içine 1 adet orta boy ince ince doğranmış soğan ve 1-2 diş ince ince doğranmış sarımsak koyun. Ardından kaba 1 yemek kaşığı domates salçası, yarım yemek kaşığı biber salçası, yarım çay bardağı zeytinyağı ve 3 yemek kaşığı nar ekşisi ekleyip, güzelce karıştırın. Daha sonra kaba bulguru, 1 tatlı kaşığı tuz, 1 çay kaşığı karabiber, 1 çay kaşığı kimyon, 1 çay kaşığı sumak ve 1 tatlı kaşığı dolusu kırmızı pul biber koyun. Tüm bulgurlu köfte harcını istenilen kıvama gelene kadar blenderdan geçirin. İstenilen kıvama gelen çiğ köfte harcını buzdolabında 30 dakika dinlenmeye bırakın. Daha sonra çiğ köfte harcından ceviz büyüklüğüne yakın parçalar alın. Avuç içerisinde sıkarak şekil verip, servis tabağına dizin."
Fellah Köftesi,ana yemek,ince bulgur sıcak su irmik yumurta soğan domates salçası un karabiber kimyon tuz biber salçası zeytinyağı sarımsak maydanoz,"Bulguru sıcak suyla karıştırın ve 5 dakika bekletin. İrmik, yumurta, soğan, domates salçası, tuz, karabiber ve kimyonu karıştırın. Bulguru irmikli karışıma ekleyin ve yoğurun. Köfteleri yuvarlayın ve una bulan. Köfteleri tencereye koyun ve pişirin. Sos için zeytinyağı, biber salçası, domates salçası ve sarımsağı karıştırın. Köfteleri sosla karıştırın ve maydanoz serpin."
Haşlama İçli Köfte,ana yemek,ince köftelik bulgur sıcak su irmik un yumurta domates salçası kırmızı pul biber tuz orta yağlı kıyma soğan sıvı yağ tereyağı maydanoz karabiber tereyağı kırmızı pul biber,"Soğanların kabuğunu soyup, ince ince doğrayın. Geniş bir tava içine doğranmış soğanları koyun. Üzerine 4 yemek kaşığı sıvı yağ ve 1 yemek kaşığı tereyağı koyun. Soğanlar yumuşayıncaya kadar kavurun. Kavurduğunuz soğanların üzerine 350 gr orta yağlı kıyma ekleyin. Sürekli karıştırarak, suyunu salıp, çekene kadar iyice pişirin. Pişen kıymanın üzerine damak tadınıza göre tuz, karabiber ve kırmızı pul biber ekleyin. Karıştırıp, ocağın altını kapatın. Kıymanın üzerine 1 tutam ince ince doğranmış maydanoz ekleyip, tekrar karıştırın. Ardından oda ısısında soğumaya bırakın. Oda ısısında soğuduktan sonra buzdolabında da biraz soğumaya bırakın. Derin bir kaba 2 su bardağı ince köftelik bulgur ve 1 çay bardağı irmik koyun. Üzerine 2 su bardağı sıcak su döküp, karıştırın. Kabın üzerini kapatıp, bulgur şişene kadar 5 dakika bekletin. Daha sonra şişen bulgur ve irmik karışımı karıştırın. Üzerine 1 adet yumurta kırın. 1 çay bardağı un, 1 yemek kaşığı domates salçası, tuz ve kırmızı pul biber ekleyin. Eliniz ile yoğurmaya başlayın. Ara ara ellerinizi ıslatarak, macun kıvamına gelene kadar karışımı iyice yoğurun. Hazırladığınız köfte harcından mandalina büyüklüğünde parçalar alıp, yuvarlayın. Tezgah üzerine orta boy bir streç film serin. Yuvarladığınız köfteyi streç film üzerine koyun. Köftenin üzerine de streç film serin. Merdane yardımı ile ince olacak şekilde açın. Daha sonra açtığınız köftenin ortasına kıymalı iç harcından koyun. Streç film yardımı ile D şeklinde ikiye katlayın. Kenarlarına parmak uçları ile hafifçe bastırıp, kapatın. Kenar kısımları su bardağı ile kesip, düzeltin. Şekil verdiğiniz içli köfteleri tezgah üzerine dizin. İç harç bitene kadar aynı işlemi tekrar edin. Daha sonra derin ve geniş bir tencere içine su koyun. Ocak üzerine alıp, kaynamaya bırakın. Kaynayan suyun içine biraz tuz ekleyip, karıştırın. Kaynayan suya hazırladığınız içli köfteleri azar azar koyun. Suyun üzerine çıkana kadar yaklaşık 5 dakika kadar haşlayın. Haşladığınız köfteleri süzerek, servis tabağına koyun. Üzeri için; küçük bir tava içine 2 yemek kaşığı tereyağı ve 1 çay kaşığı kırmızı pul biber koyup, ocak üzerinde kızdırın. Haşlama içli köftelerin üzerine kızdırılmış pul biberli yağ karışımını döküp, servis edebilirsiniz."
Yağlı Köfte,ana yemek,köftelik ince bulgur domates salçası biber salçası soğan sarımsak domates limon tuz karabiber kırmızı pul biber isot maydanoz taze soğan zeytinyağı,"Köfteyi yoğuracağınız geniş bir tepsi içine 2 buçuk su bardağı köftelik ince bulgur koyun. Bulgurun kenar kısmına 2 adet orta boy kabuğu soyulup, minik küpler halinde doğranmış domates, 2 adet orta boy rendelenmiş soğan, 3 diş rendelenmiş sarımsak ve 1 adet kabuğu ile birlikte küçük küçük dilimlediğiniz limonu ekleyin. Tarifte kullandığım su bardağı ölçüsü 200 ml dir.Daha sonra malzemelerin üzerine 2 yemek kaşığı biber salçası, 1 yemek kaşığı domates salçası, 1 tatlı kaşığı tuz, 1 tatlı kaşığı karabiber, 1 tatlı kaşığı dolusu kırmızı pul biber ve 1 tatlı kaşığı dolusu isot koyun. Tuz ve baharat miktarını damak tadınıza göre ayarlayabilirsiniz.Tüm köfte harcını 20 dakika eliniz ile iyice yoğurun. Köftenizi yoğurdukça yumuşayıp kıvam alacaktır. Yoğurma aşamasında köftenizde kuruma olursa çok az su ekleyip, yoğurmaya devam edin. Sürenin sonunda yoğurduğunuz köfte harcının içindeki limon kabuklarını çıkarın.Daha sonra köfte harcının üzerine 3 dal ince ince doğranmış taze soğan ve yarım demet ince ince doğranmış maydanoz ekleyin. Son olarak ocak üzerinde yakmadan iyice ısıttığınız 1 su bardağı zeytinyağını köftenin üzerine sıcak sıcak gezdirerek, dökün. Elinizi yakmadan yağı köfte harcına yedire yedire güzelce yoğurun. Hazırladığınız yağlı köfte harcından yumurta büyüklüğüne yakın parçalar alın. Avuç içerisinde sıkarak şekil verip, servis tabağına dizin. Bu köftenin özelliği biraz büyük olmasıdır. Küçük küçük şekil vermenize gerek yoktur.Hazırladığınız Antep usulü yağlı köfteyi çok bekletmeden ayran ve turşu eşliğinde servis edebilirsiniz."
Bulgur Köftesi Kızartması,ana yemek,ince bulgur irmik kaynar su orta boy patates kıyma kuru soğan yumurta un biber salçası domates salçası maydanoz tuz kırmızı pul biber,"Derin bir kap içine 1 su bardağı ince bulgur ve 2 yemek kaşığı irmik koyun. Üzerine 1 su bardağı kaynar su döküp, karıştırın. Üzerini kapatıp, bulgurlar şişene kadar yaklaşık 5 dakika bekletin. Daha sonra şişen bulgurları 1-2 kere karıştırın. Üzerine haşlanmış patates, 150 gr kıyma, 1 adet yumurta, 1 adet rendelenmiş soğan, 1 yemek kaşığı biber salçası, 1 tatlı kaşığı domates salçası, 1 tutam ince ince kıyılmış maydanoz, tuz, kırmızı pul biber ve yarım çay bardağı un ekleyin. Eliniz ile iyice yoğurun. Hazırladığınız bulgurlu köfte harcından parçalar alıp, avuç içerisinde yuvarlayın. Üzerine hafifçe bastırıp, yassılaştırın. Şekil verdiğiniz köfteleri genişçe bir tabak içine dizin. Derin bir tava içine sıvı yağ koyup, ocak üzerinde kızdırın. Köfteleri kızgın yağ içinde arkalı önlü kızartın. Kızarmış olan köfteleri havlu kağıt serili servis tabağına alıp, yağlarının süzülmesini sağlayın."
Fırında Püreli Köfte,ana yemek,kıyma yumurta soğan galeta unu tuz karabiber kimyon kekik patates tere yağı süt domates salçası su rendelenmiş kaşar peynir,Köfte harcını hazırlayın. Köfte harcından ceviz büyüklüğüne yakın parçalar alın. Patatesleri haşlayın. Patatesleri püre haline getirin. Köfteleri kızartın. Püreli köfteleri fırına verin.
Kasap Köftesi,ana yemek,köftelik kıyma soğan suyu galeta unu yumurta rendelenmiş sarımsak karbonat kimyon karabiber defne yaprağı kurusu tuz,"Derin bir kaba 500 gr köftelik kıyma koyun. Üzerine soğanların suyunu dökün. Ardından kaba 1 adet yumurta kırın. 3 yemek kaşığı galeta unu, 2 diş rendelenmiş sarımsak, 1 çay kaşığı karbonat, 1 çay kaşığı kimyon, 1 çay kaşığı karabiber, tuz ve 1 adet defne yaprağı kurusunu elinizde ufalayarak, ekleyin. Köfte harcını iyice yoğurun. Hazırladığınız kasap köftesi harcını buzdolabında 2 saat kadar dinlenmeye bırakın. Geniş bir tava içine az miktar da sıvı yağ koyup, orta ateş üzerinde ısıtın. İsteğe göre sıvı yağ koymayabilirsiniz. Köfte harcından cevizden biraz büyük parçalar alın. Elinizde oval ya da yuvarlak şekli verin. Tava içinde arkalı önlü pişirin. Pişen kasap köftesini servis tabağına koyun. Yanında soğan salatası ya da közlenmiş domates, biber ile servis edebilirsiniz."
Yumurtasız Köfte,ana yemek,kıyma kuru soğan sarımsak galeta unu maden suyu karbonat kırmızı pul biber kimyon kekik karabiber tuz,"Kıymayı derin bir kap içine koyun. Soğanı rendeleyin ve suyunu sıkıp atın. Kıymanın üzerine soğanı, sarımsağı, karbonatı, kekiği, kırmızı pul biberi, kimyonu, karabiberi ve tuzu koyun. Galeta unlu karışımı hazırlayın. Galeta unlu karışımı kıymalı harcın üzerine ekleyin. Tüm köfte harcını eliniz ile 10-15 dakika kadar iyice yoğurun. Köfte harcının üzerini kapatıp, en az 1 saat buzdolabında dinlenmeye bırakın. Köfte harcından ceviz büyüklüğünde parçalar alın. Elinizde yuvarlak ya da oval şeklini verin. Şekil verdiğiniz yumurtasız köfteleri yağlı kağıt serili fırın tepsisi içine yerleştirin. Önceden ısıtılmış 200 derece fırına verin. Üzerleri güzelce kızarana kadar pişirin."
Limon Sıkacağında İçli Köfte,ana yemek,ince köftelik bulgur sıcak su irmik un yumurta domates salçası tuz kırmızı pul biber orta yağlı kıyma soğan sıvı yağ tereyağı maydanoz sıvı yağ,"İç harcı hazırlayın. 3 adet orta boy soğanın kabuğunu soyup, ince ince doğrayıp, geniş bir tava içine koyun. Üzerine 4 yemek kaşığı sıvı yağ ve 1 yemek kaşığı tereyağı koyun. Soğanlar yumuşayıncaya kadar kavurun. Kavrulan soğanların üzerine 350 gr orta yağlı kıyma ekleyin. Sürekli karıştırarak, suyunu salıp, çekene kadar pişirin. Ardından pişen kıymanın üzerine damak tadınıza göre tuz, karabiber ve kırmızı pul biber ekleyin. Karıştırıp, ocağın altını kapatın. Kıymanın üzerine 1 tutam ince ince doğranmış maydanoz ekleyip, tekrar karıştırın. Daha sonra oda ısısında soğumaya bırakın. Oda ısısında soğuduktan sonra kısa bir süre de buzdolabında soğumaya bırakın. Diğer tarafta köfte harcı için; derin bir kaba 2 su bardağı ince köftelik bulgur ve 1 çay bardağı irmik koyun. Üzerine 2 su bardağı sıcak su döküp, karıştırın. Kabın üzerini kapatıp, bulgur şişene kadar 5 dakika bekletin. Daha sonra şişen bulgur ve irmik karışımını karıştırın. Üzerine 1 adet yumurta, 1 çay bardağı un, 1 yemek kaşığı domates salçası, tuz ve kırmızı pul biber ekleyin. Eliniz ile yoğurmaya başlayın. Ara ara ellerinizi ıslatarak, macun kıvamına gelene kadar karışımı iyice yoğurun. Hazırladığınız köfte harcından ceviz büyüklüğünde parçalar alıp, yuvarlayın. Strech film serili limon sıkacağının içerisine yerleştirin. İşaret parmağınız ile ortasına bastırarak ve yanlara doğru bastırarak, ortasını açın. Köfteyi ince açmaya çalışın. Daha sonra açtığınız köftenin ortasına kıymalı iç harcından koyun. Kenar kısımları harcın üzerine kapatın. Strech film ile toparlayıp, çevirerek, sıkın. Ardından limon sıkacağından çıkartın. Şekil verdiğiniz limon sıkacağında içli köfteleri tezgah üzerine dizin. İç harç bitene kadar aynı işlemi tekrar edin. Daha sonra derin bir tencere içine bolca sıvı yağ döküp, kızdırın. İçli köfteleri kızgın yağ içinde her tarafı eşit şekilde 2 dakika kadar kızartın. Kızaran köfteleri kağıt havlu serili tabak üzerine alıp, yağının süzülmesini sağlayın. Hazırladığınız içli köfteleri sıcak yada ılık olarak servis edebilirsiniz."
Misket Köfte,ana yemek,kıyma yumurta soğan galeta unu maydanoz Kekik Karabiber Kimyon Tuz,"Derin bir kaba 250 gr kıyma koyun. Üzerine 1 adet yumurta kırıp, rendelenmiş 1 adet soğan ekleyin. Ardından ince ince doğranmış 1 tutam maydanoz, 2 yemek kaşığı galeta unu ilave edin. Son olarak tuz ve baharatları da serpiştirin. Hazırladığınız köfte harcını 5 dk yoğurun. Hazırladığınız köfte harcından küçük parçalar alın. Elinizde yuvarlayın. Şekil verdiğiniz misket köfteleri kızgın yağ içinde kızartın. Kızarttığınız misket köfteleri fazla yağını çekmesi için kağıt havlu serili bir tabağın üzerine alın, kısa bir süre bekletin. Hazırladığınız misket köfteleri servis tabağına alın. Sıcak olarak servis edebilirsiniz."
Söğürmeli Kebap,ana yemek,Hazır Közlenmiş Patlıcan Kırmızı Biber Yeşil Biber Domates Zeytinyağı Tuz Köftesi İçin: Kıyma Domates Salçası Karabiber Pul Biber Üzeri İçin: Maydanoz,"Derin bir kaba 500 gr kıyma koyun. Üzerine yarım yemek kaşığı domates salçası, 1 çay kaşığı kadar karabiber, 1 çay kaşığı kadar pul biber ve tuz ekleyin. Köfte harcını eliniz ile iyice yoğurun. Hazırladığınız köfte harcının üzerini örtüp, buzdolabında 1 saat kadar dinlenmeye bırakın. Dinlenen köfte harcından ceviz büyüklüğünde parçalar alıp, elinizde yuvarlayın. Diğer tarafta 1 kavanoz hazır közlenmiş patlıcanı geniş bir kap içine alın. İsteğe göre 5-6 adet patlıcanı ocak üzerinde ya da fırında közleyip, daha sonra kabuklarını soyup, küpler halinde doğrayabilirsiniz. Közlenmiş patlıcanların üzerine minik küpler halinde doğranmış 1 adet orta boy domates, 2 adet yeşil biber ve 2 adet közlenmiş kırmızı biber koyun. Tuz ve biraz zeytinyağı ekleyip, karıştırın. Daha sonra yuvarladığınız köfteleri kızgın yağ içinde kızartın. Kızaran köfteleri kağıt havlu serili bir tabak üzerine alıp, yağının süzülmesini sağlayın. Diğer tarafta patlıcanlı karışımı servis tabağı içine koyun. Üzerine kızarttığınız köfteleri dizin. Hazırladığınız söğürmeli kebap üzerine 1 tutam ince ince doğranmış maydanoz serpiştirip, servis edebilirsiniz."
Antep Köftesi,ana yemek,köftelik bulgur sarımsak kuru soğan biber salçası domates salçası köfte baharı kırmızı pul biber yenibahar kimyon karabiber tarçın maydanoz limon suyu nar ekşisi zeytinyağı tuz,"Bulğuru sıcak su ile karıştırın ve 10 dakika bekletin. Üzerine rendelenmiş soğan, sarımsak, domates salçası, biber salçası, köfte baharı, kırmızı pul biber, yenibahar, kimyon, karabiber, tarçın ve tuz ekleyin. Köfteyi yoğurun. Zeytinyağını kızdırıp köfteye dökün. Maydanoz ve nar ekşisi ekleyin. Ceviz büyüklüğünde parçalar alın ve şekil verin."
Galeta Unlu Fırın Köfte,ana yemek,Köftelik Kıyma Yumurta Soğan Galeta Unu Zeytinyağı Maydanoz Tuz Karabiber Kırmızı Pul Biber Kimyon Kekik Un,"Derin bir kap içine 250 gr kıyma koyun. Üzerine 1 adet yumurta kırın. 1 adet soğan ve 1 diş sarımsak rendeleyin. Daha sonra karışıma 2 yemek kaşığı galeta unu, 1 yemek kaşığı zeytinyağı, 1 tutam ince ince doğranmış maydanoz, tuz, karabiber, kırmızı pul biber, kimyon ve kekik ekleyip, köfteyi iyice yoğurun. Hazırladığınız köfte harcından ceviz büyüklüğünde parçalar alıp, elinizde yuvarlayın. Diğer tarafta 3 ayrı kaseye yarım su bardağı kadar un, 1 adet çırpılmış yumurta ve yarım su bardağı galeta unu koyun. Yuvarladığınız köfteleri önce una, sonra yumurtaya, son olarak galeta ununa bulayıp, tekrar avuç içerisinde yuvarlayın. Yağlı kağıt serili fırın tepsisi içine dizin. Galeta unlu köfteleri önceden ısıtılmış 180 derece fırına verip, üzerleri kızarana kadar yaklaşık 20 dakika kadar pişirin."
Şark Köftesi,ana yemek,ince bulgur sıcak su kuru nane kuru soğan yumurta akı un tuz yoğurt sarımsak tere yağı kırmızı pulbiber,"2 su bardağı ince bulguru derin bir kaba koyun. Üzerine 1 buçuk su bardağı sıcak su döküp, karıştırın. Üzerini kapatıp, bulgurlar şişene kadar yaklaşık 10 dakika kadar bekletin. Daha sonra şişen bulguru 1-2 kere karıştırın. Üzerine 1 adet rendelenmiş kuru soğan, 1 adet yumurta akı, 2 yemek kaşığı kuru nane, damak tadınıza göre tuz ve 2 yemek kaşığı un ekleyin. Köfte kıvam alıncaya kadar, ara ara su serperek, iyice yoğurun. Hazırladığınız bulgurlu köfte harcından, ceviz büyüklüğünde parçalar alıp, avuç içerisinde oval şekli verin. Geniş bir tepsi içine dizin. Depin bir tencere içine su koyup, tuz ekleyin. Tencereyi ocak üzerine alıp, kaynamaya bırakın. Kaynayan suyun içine köfteleri yavaşça atıp, dağılmamasına özen göstererek, haşlayın. Haşladığınız köfteleri, kevgir yardımı ile sudan çıkartın. Servis tabağına koyup, ılımaya bırakın. Daha sonra bir kaba 1 buçuk su bardağı yoğurt, az miktar tuz ve 2 diş rendelenmiş sarımsak ekleyip, karıştırın. Son olarak küçük bir tava içine 2 yemek kaşığı tereyağı koyup, eritin. Eriyen yağın içine 1 tatlı kaşığı pul biber ekleyip, biraz kızdırın. Hazırladığınız şark köftesinin üzerine yoğurt sosunu dökün. Ardından tereyağlı pulbiberi gezdirip, hemen servis edebilirsiniz."
Fırında Biber Dolması,ana yemek,dolmalık biber domates pirinç bulgur soğan domates salçası maydanoz zeytinyağı tuz karabiber kırmızı pul biber nane toz şeker sosu için domates salçası biber salçası sosu için zeytinyağı sosu için tuz sosu için karabiber,"İç harcı hazırlayın. Bir tava içine 2 adet orta boy ince ince doğranmış soğan koyun. Üzerine 7 yemek kaşığı zeytinyağı ekleyip, 1-2 dakika kavurun. Ardından kavrulan soğanın üzerine 1 yemek kaşığı domates salçası koyun. Salçanın hafifçe kokusu çıkana kadar kavurun. Diğer tarafta orta boy bir kap içine 1 su bardağı yıkanmış pirinç ve 5 yemek kaşığı yıkanmış bulguru koyun. Kavrulan salçalı soğan karışımını ekleyin. 1 adet büyük boy ince ince doğranmış domates, 1 tutam ince ince doğranmış maydanoz, 1 silme tatlı kaşığı tuz, yarım çay kaşığı karabiber, yarım çay kaşığı kırmızı pul biber, 1 çay kaşığı nane ve yarım çay kaşığı toz şeker koyun. Tüm iç malzemelerin hepsini iyice karıştırın. Daha sonra 14 adet orta boyuttaki dolmalık biberleri yıkayın. Biberleri zedelemeden baş kısımlarını baş parmağınız ile bastırarak, çıkartın. Ardından çekirdeklerini temizleyin. Eğer bu şekilde çıkarmak zor geliyorsa bıçak yardımı ile saplarını kesip, temizleyebilirsiniz. 1 adet büyük boy domatesi de orta büyüklükte olacak şekilde dilimleyin. Daha sonra dolmalık biberlerin içerisine girip, pirinçlerin güzel pişmesi için biberlerin birkaç yerine 1 kürdan ya da bir çatal yardımı ile delikler açın. Diğer tarafta dolmalık biberlerin iç kısımlarını üzerlerinde 1 parmak boşluk kalacak şekilde harç ile doldurun. Harcı biberlerin içine bastırmayın ki pirinçler rahatça pişebilsin. Son olarak dolmaların üzerini domates dilimleri ile kapatın. Ardından bir fırın kabı içine yan yatırarak yerleştirin. Biber dolmasının sosu için; bir kaba 1 yemek kaşığı domates salçası, yarım yemek kaşığı biber salçası, 2 yemek kaşığı zeytinyağı, 1 buçuk çay kaşığı tuz ve yarım çay kaşığı karabiber koyun. Ardından malzemelerin üzerine 2 buçuk su bardağı sıcak su döküp, iyice karıştırın. Hazırladığınız sosu dolmaların yarı hizasına gelecek şekilde dökün. Daha sonra 1 adet yağlı kağıdı ıslatıp, dolmaların üzerini kapatın. Önceden ısıtılmış 200 derece fırına verin. Biber dolmasını üzeri kapalı bir şekilde 1 saat pişirin. Biber dolması fırında piştikten sonra üzerindeki kağıdı alıp, tekrar fırına verin. Dolmaların üzeri hafifçe kızarana kadar 10 dakika kadar daha pişirin. Üzeri kızaran dolmaları alt üst edip, diğer yüzlerinin de hafifçe kızarmasını sağlayın. Fırında biber dolması piştikten sonra 10-15 dakika kadar dinlenmeye bırakın. Daha sonra yoğurt eşliğinde servis edebilirsiniz."
Palamut Fileto,ana yemek,palamut soğan domates sivri biber zeytinyağı maydanoz karabiber tuz,"Palamut balığını temizleyip, fileto şeklinde çıkartın. Elde ettiğiniz filetolarda hiç kılçık kalmamasına dikkat edin. Tencere içine zeytinyağı döküp, ısıtın. Soğan ve biberleri hafifçe yumuşayana kadar kavurun. Domatesleri de diğer sebzeler ile birlikte güzelce yumuşayana kadar pişirin. Pişen sebzeli harcı borcam içine döküp, güzelce yayın. Filetoları sebzeli harcın üzerine koyun. Önceden ısıtılmış 180 derece fırına verin. Pişen palamut filetoyu fırından çıkartın. Üzerine ince ince kıyılmış maydanoz serpiştirip, sıcak olarak servis edebilirsiniz."
Tavuklu Zade Kebabı,ana yemek,orta boy kemer patlıcan kuşbaşı doğranmış tavuk göğsü orta boy patates orta boy soğan yeşil biber orta boy domates sarıkmsak domates salçası zeytinyağı tuz karabiber rendelenmiş kaşar peynir,"Geniş bir tencere içine 4-5 yemek kaşığı zeytinyağı döküp, ısıtın. Isınan yağın üzerine 500 gr kuşbaşı doğranmış tavuk etini koyun. Suyunu salıp, hafifçe çekene kadar pişirin. Daha sonra tavuk etlerinin üzerine 1 adet orta boy ince ince doğranmış soğan ve 2 adet küçük küçük doğranmış yeşil biberi ekleyin. 2-3 dakika ara ara karıştırarak, pişirmeye devam edin. Ardından tencereye 1 tatlı kaşığı domates salçası ve 1 adet orta boy ince ince doğranmış domates koyup, 1-2 dakika güzelce kavurun. Son olarak tavuklu harcın üzerine damak tadınıza göre tuz ve karabiber koyup, karıştırın. Tencerenin kapağını kapatıp, kısık ateş üzerinde domatesler yumuşayana kadar pişirin. Diğer tarafta 2 adet orta boy patatesin kabuğunu soyup, çok küçük olmayacak şekilde küpler halinde doğrayın. Doğradığınız patatesleri kızgın yağ içinde güzelce kızartın. Daha sonra patateslerin yağını iyice süzüp, hazırladığınız tavuklu harcın üzerine koyun. Tüm harcı güzelce karıştırıp, kenara alın. Daha sonra 4 adet orta büyüklükteki kemer patlıcanı alacalı olarak soyup, sap kısımlarını kesin. Bıçak yardımı ile uzunlamasına çok kalın ve ince olmayacak şekilde dilimleyin. Dilimlediğiniz patlıcanları kızgın yağ içinde arkalı önlü kızartın. Kızaran patlıcanları kağıt havlu üzerine alıp, yağlarının süzülmesini sağlayın. Diğer tarafta kızarttığınız patlıcanlardan 6 dilimini alıp, yarısı dışarıda kalacak şekilde orta boy bir kase içine biraz aralıklı olacak şekilde dizin. Patlıcanların orta kısmına tavuklu patates harcından koyun. Dışarı sarkan patlıcanları harcın üzerine güzelce kapatın. Ardından kaseyi diğer eliniz ile tutarak dikkatli bir şekilde ters çevirin. Kaseden çıkan tavuklu zade kebabını bir fırın kabı içine koyun. Üzerlerine rendelenmiş kaşar peynir serpiştirin. Önceden ısıtılmış 190 derece fırına verin. Üzeri hafifçe kızarana kadar yaklaşık 15 dakika pişirin."
Çoban Böreği,ana yemek,patates süt rendelenmiş kaşar peynir kıyma soğan havuç bezelye zeytinyağı un su sarımsak domates salçası tuz karabiber kırmızı toz biber,"3 adet orta boy havucun kabuğunu soyup, minik küpler halinde doğrayın. Havuçları küçük bir tencere içinde dağılmayacak şekilde yumuşayana kadar haşlayın. 6 adet orta boy patatesin kabuğunu soyup, küçük küçük dilimleyin. Patatesleri derin bir tencere içinde yumuşayana kadar haşlayın. Geniş bir tencere içine 1 adet büyük boy ince ince doğranmış soğan ekleyin. Soğanın üzerine yarım küçük çay bardağı zeytinyağı döküp, 2 dakika kavurun. Kıymayı sürekli karıştırarak, kavurun. Kavrulan kıymanın üzerine 1 yemek kaşığı un ve 1 küçük çay bardağı ılık su koyup, 2 dakika kadar kavurun. Kıymanın üzerine 1 diş ince ince doğranmış sarımsak, 1 yemek kaşığı domates salçası, damak tadınıza göre tuz, karabiber ve kırmızı toz biber koyup, 2 dakika kadar daha kavurun. Son olarak kıymalı harcın üzerine başta haşladığınız havucu ve 1 buçuk su bardağı haşlanmış bezelyeyi koyun. Harcı ara ara karıştırarak, yaklaşık 10 dakika kadar pişirin. Patates püresi için; derin bir kaba haşladığınız sıcak patatesi koyun. Üzerine 1 buçuk su bardağına yakın rendelenmiş kaşar peynir, damak tadınıza göre tuz, karabiber ve yarım küçük çay bardağı süt ekleyin. Patatesleri püre ezicisi ile pürüzsüz bir kıvam alana kadar iyice ezin. Hazırladığınız patates püresini kıymalı harcın üzerine eşit bir şekilde yayın. Pürenin üzerine çatal yardımı ile çizikler atın. Çoban böreğini önceden ısıtılmış 180 derece fırına verin. Üzeri kızarana kadar yaklaşık 25 dakika kadar pişirin."
Fırında Peynirli Ispanak,ana yemek,ıspanak yarım yağlı beyaz peynir yumurta kabartma tozu un zeytinyağı rendelenmiş kaşar peynir domates dilimleri,"Yarım kilo ıspanağı ayıklayın. Bol su içinde iyice yıkayıp, suyunu süzün. Yıkadığınız ıspanakları süzgeç içine alın. Üzerlerine diriliğini kaybetmesi için 1 çaydanlık dolusu kaynar su dökün. Ispanakların suyunu eliniz ile sıkıp, derin bir kap içine koyun. Üzerine 2 adet yumurta kırın. 150 gr kadar yarım yağlı beyaz peyniri eliniz ile ufalayarak ekleyin. Yarım çay bardağı zeytinyağı, 1 paket kabartma tozu, 2 buçuk yemek kaşığı un ve peynirin tuzuna göre tuz koyun. Tüm malzemeleri kaşık yardımı ile iyice karıştırın. Diğer tarafta orta boy bir fırın kabının tabanını sıvı yağ ile yağlayın. Ispanaklı karışımı kabın içine koyup, yayın. Üzerine bolca rendelenmiş kaşar peynir serpiştirin. Domates dilimleri ile süsleyin. Önceden ısıtılmış 180 derece fırına verin. Üzeri iyice kızarana kadar pişirin. Fırında peynirli ıspanak piştikten sonra 2-3 dakika kadar dinlenmeye bırakın. Ardından dilimleyerek, servis edebilirsiniz."
Fırında Yoğurtlu Patates Kızartması,ana yemek,patates yoğurt zeytinyağı tuz kırmızı pul biber kekik,"Yoğurtlu patates kızartması için; derin bir kap içine 2 yemek kaşığı yoğurt, 2 yemek kaşığı zeytinyağı, 1 tatlı kaşığı tuz, 1 çay kaşığı kırmızı pul biber ve 1 tatlı kaşığı kekik koyun. Kaşık yardımı ile iyice karıştırın. Ardından yoğurtlu sosun içine elma dilimi şeklinde kestiğiniz patatesleri koyun. Eliniz ile iyice harmanlayın. Yoğurt soslu patatesleri yağlı kağıt serili fırın tepsisi içine dizin. Önceden ısıtılmış 190 derece fırına verin. Üzerleri kızarana kadar yaklaşık 25 dakika pişirin. Hazırladığınız fırında yoğurtlu patates kızartmasını sıcak olarak servis edebilirsiniz."
Ratatuy,ana yemek,patlıcan kabak patates domates zeytinyağı tuz kekik domates sosu soğan sarımsak sivri biber domates salçası kaşar peynir,Domates sosunu hazırlayın. Sebzeleri dilimleyin. Sebzeleri harmanlayın. Domates sosunu fırın kabına dökün. Sebzeleri dizin. Fırında pişirin. Peynir serpiştirin. Tekrar fırında pişirin.
Yoğurtlu Ekmek Dilimleri,kahvaltı,ekmek yoğurt yumurta kaşar peyniri çeri domates yeşil biber,"Küçük bir kaba 1 adet yumurta kırın. Üzerine 2 yemek kaşığı yoğurt ve az miktar tuz ekleyin. Tüm malzemeyi tel çırpıcı yardımıyla iyice çırpın. 6 adet ekmek dilimini fırın kabı içine dizin. Ekmeklerin üzerine yoğurtlu karışımı fırça yardımı ile bolca sürün. Her bir ekmek dilimin üzerine 1-2 adet kaşar peyniri dilimi yerleştirin. 3 adet domatesi halkalar halinde kesin. Ekmeklerin ortasına yerleştirin. 2 adet biberi de 3-4 parçaya bölüp, domateslerin yanlarına koyun. Hazırladığınız yoğurtlu ekmek dilimlerini önceden ısıtılmış 190 derece fırına verin. Üzerleri kızarana kadar, yaklaşık 10-15 dakika pişirin."
Besni Tava,ana yemek,kuşbaşı kuzu eti patlıcan kırmızı kapya biber yeşil biber domates sarımsak kuyruk yağı tuz kırmızı pul biber karabiber,"Patlıcanları alacalı soyun ve orta büyüklükte doğrayın. Biberleri ve sarımsağı doğrayın. Domatesleri küçük küpler halinde doğrayın. Patlıcanları fırın kabına koyun ve üzerine biberleri, sarımsağı ve domatesleri ekleyin. Tuz, karabiber ve kırmızı pul biber serpiştirin. Kuzu etini yerleştirin ve üzerine kuyruk yağı serpiştirin. Üzerini yağlı kağıt ile kapatın ve fırına verin. 1 saat kadar pişirin ve üzerindeki yağlı kağıdı alın. 1-2 kere karıştırın ve tekrar fırına verin. Hafifçe üzeri kızarana kadar pişirin."
Fırında Sebze Sote,ana yemek,karnabahar brokoli patates havuç sarımsak zeytinyağı tuz kırmızı toz biber kırmızı pul biber kekik karabiber,"Yarım kilo karnabahar ve yarım kilo brokoliyi çok büyük olmayacak şekilde dallarına ayırıp, güzelce yıkayın. 2 adet orta boy patates ve 2 adet orta boy havucun kabuğunu soyup, çok ince olmayacak şekilde orta büyüklükte doğrayın. 1 baş sarımsağında kabuklarını soyun. Büyük derin bir kap içine yarım çay bardağından biraz fazla zeytinyağı dökün. Yağın üzerine damak tadınıza göre tuz, kekik, kırmızı toz biber, kırmızı pul biber ve karabiber ekleyip, çırpıcı ile iyice karıştırın. Hazırladığınız sosun içine sarımsakları koyun. Dallarına ayırdığınız brokoli ve karnabaharları ekleyin. Daha sonra doğranmış patates ve havuçları koyun. Tüm sebzeleri sosu ile birlikte iyice harmanlayın. Büyük fırın tepsisi içine yağlı kağıt serin. Hazırladığınız soslu sebzeleri tepsi içine koyup, çok üst üste gelmeyecek şekilde yayın. Son olarak 1 adet yağlı kağıdı musluk altında iyice ıslatıp, suyunu sıkın. Yağlı kağıdı eliniz ile güzelce açıp, sebzelerin üzerini kapatın. Önceden ısıtılmış 190 derece fırına verin. Bu şekilde yaklaşık 30 dakika kadar pişirin. Süre sonunda yağlı kağıdı alıp, üstü açık bir şekilde sebzelerin üzeri hafifçe kızarana kadar 10 dakika daha pişirin."
Karnıyarık,ana yemek,kıyma patlıcan domates salçası zeytinyağı soğan yeşil biber domates sarımsak tuz karabiber sıvı yağ,"Patlıcanları alacalı soyun, yıkayın ve kağıt havlu ile kurulayın. Patlıcanları 2-3'erli gruplar halinde kızartın. Kızaran patlıcanları kağıt havlu üzerine alın. Soğanı, sarımsağı ve biberi doğrayıp kavurun. Kıymayı ekleyip 5 dakika karıştırarak pişirin. Domatesi ekleyip 5 dakika karıştırarak pişirin. Domates salçası, tuz ve karabiberi ekleyip 2 dakika pişirin. Patlıcanları hazırladığınız kıymalı harç ile doldurun. Domates salçası, zeytinyağı ve su ile sos hazırlayın. Karnıyarıkları fırın kabına dizip sosu üzerlerine dökün. Önceden ısıtılmış 180 derece fırında 25 dakika pişirin."
Patates Röşti,ana yemek,patates tereyağı tuz karabiber,"Patatesleri soyup, yıkayın. Rendenin kalın kısmı ile rendeleyin. Rendelediğiniz patateslerin suyunu sıkıp, bir kap içine alın. Rendelenmiş patateslerin üzerine 1 yemek kaşığı oda sıcaklığındaki tereyağı koyun. Patateslere elinizle yedirerek karıştırın. Daha sonra karışıma 1 tutam tuz ve 1 tutam karabiber ekleyin. Kaşık yardımı ile iyice karıştırın. Ardından patates rendesinden bir kaşık alın. Yağlı kağıt serili fırın tepsisi içine koyun. Kaşığın tersi ile üzerine hafifçe bastırın. Önceden ısıtılmış 180 derece fırına verin. Üzerleri kızarana kadar yaklaşık 25 dakika pişirin."
Brokolili Fırın Makarna,ana yemek,makarna brokoli tere yağı un süt tuz karabiber rendelenmiş kaşar peynir,"Orta boy bir tencereye yarısına gelecek şekilde su koyup, kaynamaya bırakın. Kaynayan suyun içine biraz tuz ve yarım paket makarna koyun. Yumuşayana kadar ara ara karıştırarak, haşlayın. Diğer tarafta da yarım kilo brokoliyi küçük küçük dallarına ayırıp, güzelce yıkayın. Kaynar su içinde 5 dakika haşlayın. Ardından haşladığınız makarna ve brokolilerin suyunu iyice süzün. Daha sonra yağlanmış orta boy geniş bir fırın kabının içine haşladığınız makarnayı koyun. Makarnanın üzerine de haşladığınız brokolileri ekleyin. Makarna ve brokolileri güzelce harmanlayın. Beşamel sos için; orta büyüklükte bir sos tenceresi içine 2 yemek kaşığı tereyağı koyup, eritin. Yağın üzerine 2 buçuk yemek kaşığı dolusu un ekleyin. Unun kokusu çıkana kadar sürekli karıştırarak, kavurun. Ardından kavurduğunuz unun üzerine 2 buçuk su bardağı soğuk sütü azar azar döküp, topaklanma olmaması için bir yandan da hızlı bir şekilde karıştırın. Beşamel sos kaynayıp, koyu bir kıvam alana kadar pişirmeye devam edin. Son olarak damak tadınıza göre tuz ve karabiber koyup, karıştırın. Ardından beşamel sosu ocaktan alın. Beşamel sosunuz çok koyu olursa üzerine azar azar süt ekleyip, kıvamını açabilirsiniz. Daha sonra hazırladığınız beşamel sosu brokolili makarnanın üzerine güzelce dökün. Kaşık yardımı ile hafifçe karıştırın. Son olarak beşamel soslu brokolili makarnanın üzerine rendelenmiş kaşar peynir serpiştirin. Önceden ısıtılmış 190 derece fırına verin. Üzeri hafifçe kızarana kadar pişirin. Fırında beşamel soslu brokolili makarna piştikten sonra 5 dakika kadar dinlenmeye bırakın. Ardından sıcak olarak servis edebilirsiniz."
Fırında Baharatlı Karnabahar Kızartması,ana yemek,karnabahar yumurta süt zeytinyağı un tuz kırmızı toz biber karabiber zerdeçal kimyon,"Karnabaharı küçük küçük dallarına ayırıp, yıkayın. 7-8 dakika kadar haşlayın. Sosy için yumurta, süt, zeytinyağı, tuz, kırmızı toz biber, karabiber, zerdeçal ve kimyonu karıştırın. Unu azar azar ekleyerek pürüzsüz bir kıvam elde edin. Karnabaharları sosa bulayın. Fırın tepsisine dizin. 200 derece fırında 25 dakika pişirin. Sadece üst ayarı açık şekilde 10 dakika daha pişirin."
Fırında Beşamel Soslu Patates,ana yemek,patates süt un tereyağı tuz karabiber rendelenmiş kaşar peynir kırmızı toz biber,"Patatesleri soyup, yıkayın. Ardından küpler halinde doğrayın. Doğranmış patatesleri derin bir tencere içine koyun. Üzerlerini geçecek kadar su ve biraz tuz ekleyip, hafifçe yumuşayana kadar haşlayın. Suyunu süzün. Beşamel sos için; orta boy bir tencere içine 1 yemek kaşığı dolusu tereyağı koyup, eritin. Eriyen yağın üzerine 2 yemek kaşığı un ekleyin. Unun hafifçe kokusu çıkana kadar kavurun. Kavrulan unun üzerine 2 su bardağı sütü azar azar döküp, topaklanma olmaması için hızlı bir şekilde karıştırın. Sosu muhallebi kıvamına gelene kadar pişirin. Pişen beşamel sosun üzerine damak tadınıza göre tuz ve karabiber ekleyip, karıştırın. Haşlanmış patatesleri orta boy bir fırın kabı içine koyup, yayın. Üzerine hazırladığınız beşamel sosu gezdirerek, dökün. Son olarak besamel soslu patatesin üzerine rendelenmiş kaşar peynir serpiştirin. İsteğe göre az miktarda kırmızı toz biber serpiştirin. Önceden ısıtılmış 190 derece fırına verin. Üzeri kızarana kadar 10-15 dakika pişirin."
Fırında Etli Karnabahar Yemeği,ana yemek,kuşbaşı dana ya da kuzu et karnabahar patates havuç yeşil biber domates domates püresi soğan tuz karabiber kimyon rendelenmiş kaşar peynir zeytinyağı,"Karnabaharı dallarına ayırıp, bir tencere içinde haşlayın. Patates ve havucun kabuğunu soyun, orta büyüklükte doğrayıp, bir tencere içine koyun. Haşlanan sebzelerin suyunu süzüp, ılımaya bırakın. Geniş bir tava içine soğan koyun, üzerine zeytinyağı ekleyip, 1 dakika kadar kavurun. Ardından yeşil biberi de koyun, 2 adet orta boy minik küpler halinde doğranmış domatesi ekleyin. 3 dakika kadar ara ara karıştırarak, pişirin. Yarım su bardağı domates püresini de ekleyin. Domatesli biber harcını güzelce karıştırın. Son olarak pişen kuşbaşı etlerini, damak tadınıza göre tuz, karabiber ve kimyon koyun. Domatesli etli karışımı 2 dakika kadar daha pişirin. Haşlanmış karnabaharları, patates ve havuçları yağlanmış orta boy bir fırın kabı içine koyun. Üzerine hazırladığınız soslu et karışımını döküp, yayın. Son olarak etli karnabahar yemeğin üzerine bolca rendelenmiş kaşar peynir serpiştirin. Önceden ısıtılmış 180 derecede fırına verin, yaklaşık 10-15 dakika kadar pişirin."
Fırında Hamsi,ana yemek,hamsi mısır unu tuz zeytinyağı,"1 kilo hamsiyi ayıklayıp, güzelce yıkayın. Süzgeç içinde bekleterek suyunun iyice süzülmesini sağlayın. Orta boy geniş bir kaba yarım su bardağı mısır unu koyun. Üzerine 1 tatlı kaşığı tuz ekleyip, karıştırın. Hamsilerin her tarafını mısır ununa güzelce bulayın. Tüm hamsiler bitene kadar bu işlemi tekrarlayın. Büyük fırın tepsisi içine yağlı kağıt serin. Mısır ununa buladığınız hamsileri fırın tepsisine aralarında hiç boşluk kalmayacak şekilde dizin. Üzerlerine fırça yardımı ile zeytinyağı sürün. Hazırladığınız mısır unlu hamsiyi önceden ısıtılmış 180 derece fırına verin. Üzerleri güzelce kızarana kadar yaklaşık 30 dakika kontrollü bir şekilde pişirin."
Fırında Kabak Dizme,ana yemek,kabak domates yeşil sivri biber kırmızı kapya biber soğan sarımsak zeytinyağı tuz karabiber rendelenmiş kaşar peynir,"Kabakları yarım cm kalınlığında halkalar halinde dilimleyin. Kabakların üzerine tuz ve karabiber ekleyip, eliniz ile güzelce harmanlayın. Domatesleri, soğanları, biberleri ve sarımsakları doğrayın. Sebzeleri sırayla dizin. Sebzelerin üzerine zeytinyağı gezdirin. Fırın kabının üzerini yağlı kağıt ile örtün. Önceden ısıtılmış 190 derece fırına verin. 35 dakika pişirin. Yağlı kağıdı alıp, üstü açık bir şekilde sebzelerin üzeri kızarana kadar 15-20 dakika daha pişirin. Üzerlerine rendelenmiş kaşar peynir serpiştirin. Tekrardan fırına verip, peynirlerin üzeri hafifçe kızarana kadar 5-10 dakika kadar pişirin."
Fırında Karnabahar Köftesi,ana yemek,orta boy karnabahar yumurta maydanoz dereotu galeta unu tuz karabiber kırmızı pul biber kekik,"Dallarına ayırın. Derin bir tencere içine koyup, üzerine çıkacak kadar su dökün. Üzerine az miktar tuz ekleyip, yumuşayana kadar haşlayın. Ardından haşlanan karnabarların suyunu süzüp, ılımaya bırakın. Orta boy bir kap içine karnabaharları alın. Püre ezicisi ile karnabaharları iyice ezin. Daha sonra kaba 2 adet yumurta kırın. 2 tutam ince ince doğranmış dereotu, 2 tutam ince ince doğranmış maydanoz, az miktar tuz, karabiber, kırmızı pul biber ve kekik koyun. Son olarak 1 su bardağı kadar galeta unu azar azar ekleyip, yoğurun. Galeta ununu köfte şekil alacak kıvama gelinceye kadar koyup, yoğurun. Hazırladığınız karnabahar köftesi karışımından ceviz büyüklüğünde parçalar alın. Elinizde yuvarlayıp, yağlı kağıt serili fırın tepsisi içine koyun. Önceden ısıtılmış 180 derece fırına verin. Üzerleri kızarana kadar yaklaşık 15 dakika pişirin."
Fırında Kaşarlı Ekmek Dilimleri,kahvaltı,ekmek dilimi yumurta rendelenmiş kaşar peynir kekik fesleğen kimyon tuz,"Orta boy bir kaba 1 su bardağı rendelenmiş kaşar peyniri koyun. Peynirin üzerine 2 adet orta boy yumurta kırın. Damak tadınıza göre kekik, fesleğen, kimyon ve tuz ekleyin. Tüm malzemelerin güzelce karışmasını sağlayın. 8 adet orta boy ekmek dilimini yağlı kağıt serili fırın tepsisi içine dizin. Ekmek dilimlerinin üzerine hazırladığınız peynirli karışımdan koyup, güzelce yayın. Önceden ısıtılmış 200 derece fırına verip, üzerleri hafifçe kızarana kadar pişirin. Yumurtalı kaşarlı ekmek dilimleri piştikten sonra fırından çıkartıp, sıcak olarak servis edebilirsiniz."
Fırında Kıymalı Pırasa,ana yemek,pırasa kavrulmuş kıyma soğan sarımsak tere yağı zeytinyağı yumurta karabiber kırmızı pul biber kimyon tuz rendelenmiş kaşar peynir,"5 adet orta boy pırasayı ayıklayıp, iyice yıkayın. Halkalar şeklinde ince ince doğrayın. 1 adet orta boy soğanı ince ince doğrayın. Geniş bir tencere içine 1 yemek kaşığı tereyağı ve 2 yemek kaşığı zeytinyağı koyun. Yağı ısıtıp, üzerine doğranmış soğanı ekleyin. Soğanı 2-3 dakika kadar kavurun. Kavrulan soğanın üzerine 1 küçük kase kavrulmuş kıyma ve 2 diş ince ince doğranmış sarımsak koyup, 3-4 kere karıştırın. Son olarak kıymalı harcın üzerine ince ince doğradığınız pırasaları ekleyin. Damak tadınıza göre tuz, karabiber, kimyon ve kırmızı pul biber koyup, harcı iyice karıştırın. Tencerenin kapağını kapatın. Orta ateş üzerinde pırasalar yumuşayana kadar ara ara karıştırarak, pişirin. Kıymalı pırasalı harcı pişirme esnasında suyunun iyice çekilmesini sağlayın. Kıymalı pırasalı harç piştikten sonra ocaktan alıp, soğumaya bırakın. Soğuyan harcın üzerine 2 adet yumurta kırın. Harcı yumurta ile birlikte iyice karıştırın. Daha sonra pırasalı harcı yağladığınız orta boy bir fırın kabı içine koyup, yayın. Son olarak üzerine bolca rendelenmiş kaşar peynir serpiştirin. Ardından önceden ısıtılmış 190 derece fırına verip, üzeri iyice kızarana kadar pişirin."
Fırında Kolyoz,ana yemek,kolyoz balığı soğan domates yeşil biber zeytinyağı limon maydanoz tuz,Balıkları ayıklayın ve yıkayın. Süzgeç içinde bekletin. Fırın tepsisine yağlı kağıt serin. Soğanları doğrayıp tepsiye serpiştirin. Domatesi doğrayıp tepsiye serpiştirin. Yeşil biberleri doğrayıp tepsiye serpiştirin. Balıkları sebzelerin üzerine dizin. Limonu dilimleyip balıkların arasına dizin. Tuz serpiştirin. Zeytinyağı gezdirin. Maydanoz serpiştirin. Fırında 20-25 dakika pişirin.
Fırında Mercimek Köftesi,ana yemek,yeşil mercimek yumurta soğan sarimsak maydanoz zeytinyağı kırmızı pul biber kuru nane kimyon tuz galeta unu,"Yeşil mercimeği tencereye koyun ve 2-3 parmak geçecek kadar su dökün. İyice yumuşayana kadar haşlayın. Yumuşayan mercimeklerin suyunu iyice süzün ve soğumaya bırakın. Küçük bir tava içine 1 adet orta boy ince ince doğranmış soğan koyun. Üzerine 5 yemek kaşığı zeytinyağı dökün. Soğanları yağda ara ara karıştırarak, hafifçe yumuşayana kadar kavurun. Ardından ocak üzerinden alıp, ılımaya bırakın. Derin bir kaba haşlanmış yeşil mercimeği koyun. Üzerine yağda kavurduğunuz soğanı yağı ile birlikte dökün. 2 diş rendelenmiş sarımsak ekleyin. Ardından kaba yarım demet ince ince doğranmış maydanoz, 1 tatlı kaşığı kuru nane, 1 tatlı kaşığı kırmızı pul biber, 1 çay kaşığı kimyon, 1 tatlı kaşığı tuz, 1 adet yumurta ve yarım su bardağı galeta unu koyun. Tüm köfte harcını eliniz ile iyice yoğurun. Köfte harcı ele biraz yapışan bir kıvamda olacaktır. Fırında pişeceğinden dolayı ekstra galeta unu koymayın. Sadece harcın köfte şeklini alması yeterli olacaktır. Daha sonra elinizi güzelce temizleyip, yeşil mercimek köftesi harcından ceviz büyüklüğüne yakın parçalar alın. Elinizde yuvarlayıp, üzerine hafifçe bastırın. Yağlı kağıt serili fırın tepsisi içine dizin. Köftelere şekil verirken ara ara mutlaka elinizi temizleyin ki köfteler elinize yapışmasın. Son olarak köftelerin üzerine fırça yardımı ile biraz zeytinyağı sürün. Önceden ısıtılmış 180 derece fırına verin. Yaklaşık 20 dakika pişirin."
Fırında Mor Lahana,ana yemek,mor lahana zeytinyağı kimyon kırmızı pul biber kuru nane karabiber sarımsak tozu tuz yoğurt sarımsak,"Mor lahanayı 1 parmak kalınlığında halkalar halinde dilimleyin. Lahanaları yağlı kağıt serili fırın tepsisine dizin. Sos için zeytinyağı, kuru nane, kırmızı pul biber, sarımsak tozu, kimyon, karabiber ve tuz karıştırın. Sosunu hazırladığınız baharatlı sosu fırça yardımı ile mor lahana dilimlerinin üzerine sürün. Önceden ısıtılmış 190 derece fırına verin. Mor lahana dilimleri piştikten sonra üzerine sarımsaklı yoğurt sosunu dökün."
Fırında Patlıcan Graten,ana yemek,patlıcan domates soğan zeytinyağı kesme şeker tuz karabiber rendelenmiş kaşar peynir,"4 adet orta boy patlıcanı alacalı soyup, küp küp doğrayın. Doğradığınız patlıcanları acı suyunun çıkması için tuzlu su içinde 30 dakika kadar bekletin. Orta boy geniş bir tencere içine yarım çay bardağından biraz fazla zeytinyağı döküp, ısıtın. Yağın üzerine 1 adet büyük boy ince ince doğranmış soğan koyun. Soğanı 2 dakika kadar kavurun. Kavrulan soğanın üzerine 5 adet orta boy ince ince doğranmış domates, 2 adet kesme şeker, damak tadınıza göre tuz ve karabiber ekleyip, güzelce karıştırın. Domatesleri çok hafif yumuşayana kadar ara ara karıştırarak, pişirin. Daha sonra pişen domatesin üzerine patlıcanları ekleyin. Malzemeleri güzelce karıştırıp, tencerenin kapağını kapatın. Hiç su koymadan domatesin kendi suyu ile patlıcanları yumuşayana kadar kısık ateş üzerinde kontrollü bir şekilde pişirin. Patlıcanlar piştikten sonra orta boy bir fırın kabı içine koyun. Üzerlerine bolca rendelenmiş kaşar peynir serpiştirin. Önceden ısıtılmış 200 derece fırına verin. Üzerleri güzelce kızarana kadar pişirin."
Fırında Pırasa Mücveri,ana yemek,pırasa havuç soğan yoğurt mısır unu maydanoz dereotu yumurta beyaz peynir zeytinyağı kabartma tozu kırmızı toz biber kırmızı pul biber karabiber tuz çörek otu,"Pırasaları temizleyip, yıkayın. Pırasaları ince ince doğrayıp, geniş bir tencere içine koyun. Pırasaların üzerine 3 yemek kaşığı zeytinyağı dökün. Hafifçe yumuşayana kadar sürekli karıştırarak, pişirin. Piysen pırasaların üzerine 2 adet orta boy rendelenmiş havucu ekleyin. Havucu da pırasayla birlikte 2 dakika kadar kavurun. Ardından ocak üzerinden alıp, ılımaya bırakın. Diğer tarafta ılıyan pırasalı harcı orta boy geniş bir kap içine koyun. Üzerine 2 adet yumurta kırın. 1 çay bardağı mısır unu, 1 çay bardağı yoğurt ve 2 yemek kaşığı zeytinyağı koyun. Ardından kaba 2 tutam ince ince doğranmış maydanoz, 2 tutam ince ince doğranmış dereotu, 1 adet orta boy ince ince doğranmış soğan ve 80 gr kadar da küçük küçük parçalanmış beyaz peynir ekleyin. Daha sonra 1 çay kaşığı kırmızı toz biber, 1 çay kaşığı kırmızı pul biber, yarım çay kaşığı karabiber, 1 paket kabartma tozu ve damak tadınıza göre tuz koyun. Tüm pırasalı mücver harcının güzelce karışmasını sağlayın. Hazırladığınız pırasalı mücver harcını yağlı kağıt serili büyük kare borcam içine dökün. Spatula yardımı ile harcı eşit bir şekilde yayın. Üzerine çörek otu ya da susam serpiştirin. Önceden ısıtılmış 180 derece fırına verin. Üzeri kızarana kadar yaklaşık 25-30 dakika pişirin. Pırasalı fırın mücver piştikten sonra 10 dakika kadar dinlenmeye bırakın. Daha sonra dilimleyerek, servis edebilirsiniz."
Fırın Hamsi,ana yemek,irice hamsi kekik zeytinyağı limon suyu tuz,"Balıkçınızdan yarım kilo iri hamsi alın. Hamsileri temizleyip, kılçıklarını çıkartın. Balıklarınızı güzelce yıkayın. Süzgeç içinde bekleterek suyunun süzülmesini sağlayın. Büyük fırın tepsisi içine yağlı kağıt serin. Hamsilerin dış yüzeyleri yukarı bakacak şekilde yan yana dizin. Sosu hazırlayın. Hazırladığınız sosu fırça yardımı ile balıkların üzerine bolca sürün. Önceden ısıtılmış 180 derece fırına verin. Üzerleri güzelce kızarana kadar yaklaşık 25-30 dakika kontrollü bir şekilde pişirin."
Hamursuz Pizza Dilimleri,ana yemek,patates sucuk konserve mısır yeşil biber domates rendelenmiş kaşar peynir zeytinyağı tuz ketçap domates salçası kekik,"Patatesleri kabuğu ile birlikte iyice yıkayıp, kurulayın. Patatesleri kabuğu ile birlikte uzunlamasına çok ince olmayacak şekilde dilimleyin. Dilimlediğiniz patatesleri yağlı kağıt serili fırın tepsisi içine dizin. Patateslerin üzerlerine bıçak yardımı ile çok derin olmayacak şekilde çizikler atın. Patateslerin üzerine fırça yardımı ile hafifçe zeytinyağı sürüp, tuz serpiştirin. Patatesleri önceden ısıtılmış 200 derece fırına verip, yaklaşık 15 dakika pişirin. Sos için; küçük bir kap içine 1 yemek kaşığı ketçap, 1 tatlı kaşığı domates salçası, damak tadınıza göre kekik ve 2 yemek kaşığı zeytinyağı koyun. Sos malzemelerinin hepsini iyice karıştırın. Patates dilimleri piştikten sonra fırından çıkartıp, üzerlerine fırça yardımı ile sosdan sürün. Ardından da sosun üzerine rendelenmiş kaşar peynir serpiştirin. Son olarak patateslerin üzerine doğranmış biber, sucuk ve domatesleri yerleştirin. 3 yemek kaşığı konserve mısırı da patateslerin üzerine paylaştırıp, tekrardan rendelenmiş kaşar peynir serpiştirin. Hamursuz pizza dilimlerini tekrardan fırına verip, 10-15 dakika kadar pişirin."
Ispanaklı Mantarlı Yumurta,ana yemek,ıspanak kültür mantarı kuru soğan yumurta tuz karabiber rendelenmiş kaşar peynir,"Geniş ve derin bir tencere içine ince ince doğradığınız soğanı koyun. Üzerine 2 yemek kaşığı zeytinyağı ekleyip, 2 dakika kadar kavurun. Ardından tencereye doğradığınız mantarları koyun. Mantarları 3-4 dakika kavurarak, pişirin. Kavrulan mantarların üzerine yıkayıp, suyunu süzdüğünüz ıspanakları ekleyip, 1-2 kere karıştırın. Tencerenin kapağını kapatıp, ıspanaklar sönene kadar pişirin. Ispanakları çok pişirmeyin. Ispanak çok su bırakırsa biraz suyunu süzün. Son olarak damak tadınıza göre tuz ve karabiber koyup, karıştırın. Diğer tarafta bir kap içine 3 adet yumurta kırın. Biraz tuz ekleyip, yumurtaları iyice çırpın. Ispanaklı mantar karışımını orta boy bir fırın kabı içine koyun. Üzerine çırptığınız yumurtayı gezdirerek, dökün. Yumurtayı döktükten sonra kaşık yardımı ile hafifçe karıştırın. Önceden ısıtılmış 180 derece fırına verip, pişirin. Ispanaklı mantarlı yumurta piştikten sonra fırından çıkartın. Üzerine bolca rendelenmiş kaşar peynir serpiştirin. Tekrar fırına verip, üzeri hafifçe kızarana kadar pişirin. Ispanaklı mantarlı yumurta piştikten sonra fırından alıp, 5 dakika kadar ılımaya bırakın. Daha sonra dilimleyerek, servis edebilirsiniz."
Kağıtta Levrek,ana yemek,levrek patates soğan sarımsak defne yaprağı tane karabiber limon dilimi tereyağı zeytinyağı yağlı kağıt tuz,"Levrek balığının pullarını ve içini temizleyin. Patatesin ve soğanın kabuğunu soyun. Soğanı ay şeklinde ince ince doğrayın. Patatesi çok kalın olmayacak şekilde dilimleyin. Sebzeleri bir kap içine koyun. Üzerine damak tadınıza göre tuz ve 2 yemek kaşığı zeytinyağı koyup, eliniz ile güzelce harmanlayın. Yağlı kağıdı tezgah üzerine serin. Sebzeleri yağlı kağıdın orta kısmına koyup, hafifçe yayın. Sebzelerin üzerine levrek balığını yerleştirin. Balığın üzerini ve iç kısmını damak tadınıza göre tuzlayın. Balığın iç kısmına ve üzerine küçük küçük tereyağı parçaları koyun. Balığın iç kısmına doğradığınız soğanlardan biraz koyun. 3 adet de limon dilimi yerleştirin. Ardından balığın üzerine 2 adet limon dilimi ve 1 adet defne yaprağı koyun. Biraz tane karabiber serpiştirip, 2-3 yemek kaşığı zeytinyağını gezdirerek, dökün. Hazırladığınız kağıtta levrek balığını yağlı kağıtla beraber hiç hava almayacak şekilde yanlardan katlayarak güzelce sarın. Ardından rahatça sığabileceği bir fırın kabı içerisine yerleştirin. Önceden ısıtılmış 180 derece fırına verin. Kendi suyu ile birlikte yaklaşık 25 dakika kadar pişirin."
Kavanoz Kebabı,ana yemek,kuşbaşı doğranmış dana eti orta boy soğan küçük boy patates küçük boy kırmızı biber yeşil biber küçük boy havuç orta boy kültür mantarı sarıkmsak tere yağı domates salçası zeytinyağı su tuz karabiber kekik kimyon,"Soğan, patates ve havucun kabuğunu soyup, küçük olmayacak şekilde küpler halinde kesin. Kırmızı biber ve yeşil biberin çekirdek kısımlarını temizleyip, orta büyüklükte küpler halinde kesin. Sarımsağın kabuğunu soyup, bütün kullanmak üzere kenara alın. Kültür mantarını iri küpler halinde kesin. 2 adet orta boy kavanoz içine öncelikle doğranmış mantar, sarımsak, soğan ve havucu eşit bir şekilde koyun. Ardından 600 gr kuşbaşı doğranmış eti her iki kavanoz içine 300 gr gelecek şekilde ekleyin. Daha sonra etlerin üzerine doğranmış patates, havuç ve biberleri koyun. Kavanozları doldurma işlemi bittikten sonra üzerlerine birer tatlı kaşığı tereyağı ekleyin. Bir kaba 1 yemek kaşığı domates salçası koyun. Üzerine 4-5 yemek kaşığı zeytinyağı, damak tadınıza göre tuz, karabiber, kimyon ve kekik ekleyin. Son olarak 1 ya da 1 buçuk su bardağı arası su döküp, sosu iyice karıştırın. Hazırladığınız salçalı sosu kavanoz kebabının üzerine paylaştırın. Son olarak kavanozların ağzına öncelikle yağlı kağıt koyun. Yağlı kağıdın üzerini alimünyum folyo ile sıkıca kapatın. İsteğe göre kavanozların ağzını kapağı ile de kapatabilirsiniz. Kavanozda kebapları önceden ısıtılmış 200 derece fırına verin. Yaklaşık 1-1 buçuk saat kadar pişirin. Kavanoz kebabı piştikten sonra fırından çıkartıp, 15 dakika kadar dinlenmeye bırakın. Daha sonra kebabı servis tabağına koyup, sıcak olarak servis edebilirsiniz."
Kıymalı Rulo Patates,ana yemek,patates kaşar peynir yumurta maydanoz tuz karabiber kıyma soğan sarımsak kırmızı kapya biber yeşil biber domates domates salçası zeytinyağı su,"Patatesleri soyup, yıkayın ve rendeleyin. Rendelediğiniz patateslerin suyunu iyice sıkıp, derin bir kap içine koyun. Üzerine yumurta, kaşar peynir, maydanoz, tuz ve karabiber ekleyin. Tüm malzemeleri güzelce karıştırın. Hazırladığınız patatesli harcı yağlı kağıt serili fırın tepsisi içine koyun. Patatesleri dikdörtgen olacak şekilde yaklaşık 1 cm kalınlığında yayın. Önceden ısıtılmış 180 derece fırına verin. Altı ve üzeri güzelce kızarana kadar pişirin. Diğer tarafta iç harcı için; geniş bir tava içine zeytinyağı döküp, ısıtın. Yağın üzerine kıyma koyun. Kıymayı sürekli karıştırarak, pişirin. Pişen kıymanın üzerine soğan, sarımsak, kırmızı kapya biber ve yeşil biber ekleyin. Kıymalı harcı sürekli karıştırarak, 2-3 dakika kavurun. Ardından domates salçası koyup, tekrar güzelce karıştırın. Daha sonra tavaya domates, tuz, karabiber, kırmızı toz biber ve su koyun. Tüm malzemeleri karıştırdıktan sonra kıyma suyunu çekene kadar pişirmeye devam edin. Son olarak kıymalı harcın üzerine maydanoz ekleyip, güzelce karıştırın. Altı ve üzeri kızaran patatesi fırından çıkartın. Patatesin üzerine kıymalı harcı koyup, her tarafına gelecek şekilde yayın. Ardından yağlı kağıt yardımı ile patatesi rulo şeklinde güzelce sarın. Patatesi rulo yaptıktan sonra dikkatli bir şekilde tepsinin orta kısmına alın. Üzerine bolca rendelenmiş kaşar peynir serpiştirin. Önceden ısıtılmış 180 derece fırına verip, üzeri güzelce kızarana kadar pişirin."
Kolay Pizza,ana yemek,yoğurt zeytinyağı yumurta tuz toz şeker kabartma tozu un domates püresi domates salçası zeytinyağı (sos için) balzamik sirke kekik fesleğen karabiber tuz (sos için) sarimsak rendelenmis kaşar peynir,"Derin bir kap içine 1 adet yumurta kırın. Yumurtanın üzerine 1 su bardağı yoğurt, yarım çay bardağı zeytinyağı, 1 tatlı kaşığı tuz ve 1 tatlı kaşığı toz şeker ekleyin. Kaptaki malzemelerin iyice karışmasını sağlayın. Ardından kaba 1 paket kabartma tozu ve 3 buçuk su bardağı unu azar azar dökün. Ele yapışmayan yumuşak bir hamur elde edene kadar yoğurun. Yoğurduğunuz pizza hamurunu tezgah üzerine alıp, 2 eşit parçaya bölün. 2 eşit parçaya böldüğünüz hamurları düzgün bezeler yapın. Hamurların üzerini kapatıp, 5-10 dakika kadar dinlenmeye bırakın. Pizza hamurunun sosu için; orta boy bir kase içine 1 su bardağı domates püresi koyun. Üzerine 1 yemek kaşığı dolusu domates salçası, 2 yemek kaşığı zeytinyağı, 1 tatlı kaşığı balzamik sirke, 1 tatlı kaşığı kekik, 1 tatlı kaşığı fesleğen, 1 çay kaşığı karabiber, 1 tatlı kaşığı tuz ve 1 diş ezilmiş sarımsak koyun. Tüm sos malzemelerinin iyice karışmasını sağlayın. Diğer tarafta hazırladığınız pizza hamurlarından birini alıp, hafifçe un serptiğiniz tezgah üzerine koyun. Hamuru istediğiniz büyüklükte merdane yardımıyla açın. Açtığınız hamuru dikkatli bir şekilde alıp, yağlı kağıt üzerine koyun. Hamuru yağlı kağıt ile birlikte fırın telinin üzerine yerleştirin. Hamurun üzerine hazırladığınız sosun yarısını sürün. Sosun üzerine rendelenmiş kaşar peynir serpiştirin. Hazırladığınız pizzayı fırın teli ile birlikte alın. Önceden ısıtılmış alt üst ayarlı 190 derece fırının en alt rafına koyun. Altı ve üzeri güzelce kızarana kadar yaklaşık 25 dakika pişirin."
Mantar Soslu Köfte,ana yemek,köftelik kıyma yumurta soğan galeta unu maydanoz tuz karabiber kekik kimyon mantar kırmızı kapya biber çarliston biber sarımsak un tere yağı zeytinyağı sıvı krema süt rendelenmiş kaşar peynir,Köfte harcını hazırlayın. Köftelere şekil verin. Köfteleri pişirin. Sos için sebzeleri kavurun. Sos için krema ve süt ekleyin. Köftelerin üzerine sosu dökün. Üzerine rendelenmiş kaşar peynir serpiştirin. Fırında pişirin.
Patlıcan Oturtma,ana yemek,bostan patlıcanı kıyma soğan sarıkmsak biber salçası domates salçası domates sivri biber zeytinyağı tuz karabiber,"Patlıcan oturtma yapımı için; 2 adet bostan patlıcanın sap kısımlarını kesip, alacalı soyun. Patlıcanları 1 parmak kalınlığında halkalar şeklinde kesip, tuzlu su içerisinde 10-15 dakika bekletin. Daha sonra acı suyunu süzüp, patlıcanları iyice kurulayın. Kuruladığınız patlıcanları kızgın yağ içinde güzelce kızartın. Kızaran patlıcanları kağıt havlu üzerine alıp yağının süzülmesini sağlayın. Geniş bir tavaya 4 yemek kaşığı zeytinyağı koyun. 1 adet ince ince doğranmış soğan ve 2 diş sarımsak ekleyip, 1-2 dakika kadar kavurun. Ardından 200 gr kıyma koyup, rengi değişene kadar sürekli karıştırarak, kavurmaya devam edin. Kavrulan kıymanın üzerine 2 adet orta boy küpler halinde doğranmış domates ekleyip, hafifçe yumuşayana kadar pişirin. Son olarak kıymalı harcın üzerine 1 çay kaşığı biber salçası ve 1 çay kaşığı domates salçası ekleyin. Kıymalı harcı 3-4 dakika sürekli karıştırarak, pişirmeye devam edin. Ardından damak tadınıza göre tuz ve karabiberi de koyup, karıştırın. Orta boy bir fırın kabı içine kızaran patlıcanların yarısını bir sıra yerleştirin. Üzerlerine kıymalı harcı eşit bir şekilde paylaştırın. Kıymalı harcın üzerine tekrardan bir patlıcan dilimi yerleştirin. Patlıcan oturtmanın üzerine domates ve biber dilimleri yerleştirin. İsteğe göre yemeğin üzerine az miktar salçalı su hazırlayıp, dökebilirsiniz. Hazırladığınız patlıcan oturtma yemeğini önceden ısıtılmış 180 derece fırına verin. Yaklaşık 15 dakika kadar pişirin."
Söğürme Kebabı,ana yemek,dana döş kıyma soğan sarımsak süt galeta unu tuz karabiber kimyon kırmızı toz biber patlıcan kırmızı kapya biber zeytinyağı tereayağı,Patlıcanları ve kapya biberleri fırında közleyin. Köfte harcını hazırlayın. Köfte harcını buzdolabında dinlendirin. Patlıcanları ve kapya biberleri soyun. Köfteleri şekillendirin. Köfteleri fırında pişirin. Söğürme karışımını hazırlayın. Servis yapın.
Tavuklu Sebze Kebabı,ana yemek,tavuk göğsü domates patates soğan kırmızı kapya biber yeşil biber zeytinyağı domates salçası su tuz karabiber kekik kırmızı toz biber kırmızı pul biber,"Tavuk göğsünü, domates, soğan, kırmızı kapya biber ve yeşil biberi küpler şeklinde doğrayın. Derin bir kap içine doğranmış kuru soğan, kırmızı biber ve yeşil biberleri koyun. Doğranmış domates ve patatesleri ekleyin. Kaba yarım kilo küpler şeklinde doğranmış tavuk göğsünü de ekleyin. Malzemelerin üzerine damak tadınıza göre tuz, karabiber, kırmızı toz biber, kırmızı pul biber ve kekik koyun. 4-5 yemek kaşığı zeytinyağı dökün. 1 yemek kaşığı domates salçasını yarım çay bardağı su ile açın. Açtığınız salçayı malzemelerin üzerine ekleyin. Tüm malzemelerin güzelce karışmasını sağlayın. Hazırladığınız tavuklu sebze karışımını geniş bir fırın tepsisi içine koyup, güzelce yayın. Üzerini hafifçe ıslattığınız yağlı kağıt ile kapatın. Önceden ısıtılmış 190 derece fırına verin. Yaklaşık 30-35 dakika kadar pişirin. Tavuklu sebze kebabı piştikten sonra üzerindeki yağlı kağıdı alıp, tekrardan fırına verin. Üzeri hafifçe kızarana kadar 5-10 dakika daha pişirin."
Tepsi Pizzası,ana yemek,ılık süt toz şeker instant kuru maya yumurta sıvı yağ tuz un domates salçası kekik karabiber sarımsak zeytinyağı ılık su mantar sucuk kırmızı biber yeşil biber yeşil zeytin rendelenmiş kaşar peynir,"1 tepsilik pizza hamuru için; öncelikle derin bir kap içine 1 su bardağı ılık süt dökün. Üzerine 1 yemek kaşığı toz şeker ve 1 paket instant kuru maya ekleyip, iyice karıştırın. Mayanın kabarması için 5 dakika bekletin. Ardından kabaran mayanın üzerine 1 adet yumurta kırın. 1 çay bardağı sıvı yağ ve 1 tatlı kaşığı tuz koyup, iyice karıştırın. Tarifte kullanılan su bardağı ölçüsü 200 ml dir. Çay bardağı ölçüsü 100 ml dir.Daha sonra kaba 3 buçuk - 4 su bardağı kadar unu azar azar ekleyin. Ele hafifçe yapışan yumuşak bir hamur elde edene kadar yoğurun. Ardından pizza hamurunun üzerini kapatıp, ılık bir yerde yaklaşık 1 saat kadar mayalanmaya bırakın. Diğer tarafta pizza hamurunun sosu için; bir kaba 1 yemek kaşığı domates salçası koyun. Üzerine az miktar karabiber, 1 tatlı kaşığı kekik, 1 diş rendelenmiş sarımsak ve 3 yemek kaşığı zeytinyağı koyup, iyice karıştırın. Ardından sosun üzerine yarım küçük çay bardağı ılık suyu azar azar döküp, rahatça sürülebilen bir kıvam elde edene kadar karıştırın. Sos çok fazla sıvı olmasın. Karışık pizzanın üzerinde kullanacağınız miktarda mantar, sucuk, yeşil zeytin, yeşil biber ve kırmızı biberi çok küçük olmayacak şekilde dilimleyin. Mayalanan pizza hamurunu tezgah üzerine alıp, 2-3 kere yoğurun. Diğer tarafta büyük boy fırın tepsisinin tabanını ve kenar kısımlarını sıvı yağ ile iyice yağlayın. Pizza hamurunu tepsinin orta kısmına koyup, hamuru eliniz ile eşit bir şekilde yayın. Pizza hamurunun üzerine hazırladığınız sosu her yerine gelecek şekilde güzelce yayın. Sosun üzerine bolca rendelenmiş kaşar peynir serpiştirin. Son olarak tepsi pizzasının üzerine kullanacağınız miktarda mantar, yeşil zeytin, yeşil biber, kırmızı biber ve sucuk dilimlerini yerleştirin. Bu pizza malzemeleri haricinde isteğe göre mısır, siyah zeytin, domates, pastırma, beyaz peynir ve sosis dilimleri de ekleyebilirsiniz. Hazırladığınız fırın tepsisinde pizzayı önceden ısıtılmış alt üst ayarlı 190 derece fırına verin. Yaklaşık 15 dakika pişirin. Hamurun pişip, pişmediğini mutlaka kontrol edin. Pizza piştikten sonra fırından çıkartıp, üzerine bolca rendelenmiş kaşar peynir serpiştirin. Pizzayı tekrar fırına verip, kaşar peynirler eriyene kadar yaklaşık 2 dakika kadar pişirin. Tepsi pizzası piştikten sonra fırından çıkarın. Dilimleyip, sıcak olarak servis edebilirsiniz."
Beşamel Soslu Brokoli Yemeği,ana yemek,brokoli tereyağı un süt tuz karabiber rendelenmiş kaşar peynir,"Brokoliyi kalın kök kısımlarından ayırmak ve çiçeklerine ayırın. Brokoliyi iyice yıkayın. Derin bir tencereye su koyun ve az miktar tuz ekleyin. Kaynamaya bırakın. Kaynayan suyun içine brokoliyi koyun ve 6-7 dakika kadar haşlayın. Beşamel sos için; küçük bir tencereye 2 yemek kaşığı tereyağı koyup, eritin. Yağın üzerine 2 yemek kaşığı un ekleyin ve unun hafifçe kokusu çıkana kadar 2 dakika kavurun. Kavrulan unun üzerine 2 su bardağı kadar sütü azar azar döküp, unun topaklanmaması için hızlı bir şekilde karıştırın. Beşamel sos koyulaşana kadar sürekli karıştırın. Son olarak tuz ve karabiber ekleyin. Karıştırıp, ocaktan alın. Haşlanan brokoliyi süzün ve brokoliyi orta boy bir fırın kabına koyun. Hazırladığınız beşamel sosu brokoliğin üzerine gezdirin. Son olarak rendelenmiş kaşar peynir serpiştirin. Önceden ısıtılmış 180 derece fırına verin. Üzeri kızarana kadar yaklaşık 10 dakika pişirin."
Brüksel Lahanası Graten,ana yemek,brüksel lahanası patates tere yağı un süt tuz karabiber kırmızı toz biber sarımsak tozu rendelenmiş kaşar peyniri,"Brüksel lahanasının dış yapraklarını temizleyip, güzelce yıkayın. Brüksel lahanalarını uzunlamasına ikiye kesin. Lahanaları derin bir tencere içine koyup, üzerlerini geçecek kadar kaynar su döküp, dağılmayacak şekilde hafifçe yumuşayana kadar haşlayın. Patateslerin kabuğunu soyun. Patatesleri lahanaların büyüklüğünde olacak şekilde kesip, bir tencere içine koyun. Üzerlerine kaynar su döküp, dağılmayacak şekilde hafifçe yumuşayana kadar haşlayın. Haşladığınız brüksel lahanasını ve patateslerin suyunu süzüp, kenara alın. Geniş bir tencere içine 1 yemek kaşığı tereyağı koyup, eritin. Eriyen yağın üzerine 1 buçuk yemek kaşığı un ekleyin. Unun kokusu çıkana kadar kavurun. Kavrulan unun üzerine 2 buçuk su bardağı soğuk sütü azar azar dökün. Topaklanma olmaması için bir yandan da hızlı bir şekilde karıştırın. Damak tadınıza göre tuz, karabiber, kırmızı toz biber ve sarımsak tozu ekleyip, hafifçe koyu bir kıvam alana kadar pişirin. Pişen sosun içine haşladığınız brüksel lahanası ve patatesleri koyun. Sebzeleri sosla beraber güzelce karıştırıp, 1 dakika kadar daha pişirin. Hazırladığınız soslu brüksel lahanası ve patatesi orta boy bir fırın kabı içine koyup, güzelce yayın. Üzerlerine bolca rendelenmiş kaşar peynir serpiştirip, küçük küçük tereyağı parçaları koyun. Önceden ısıtılmış 190 derece fırına verin. Üzeri hafifçe kızarana kadar pişirin."
Fırında Bamya Yemeği,ana yemek,taze bamya domates kuru soğan sarimsak yeşil biber kırmızı kapya biber limon suyu zeytinyağı tuz karabiber,"Taze bamyanın sap kısmında kalın tüyleri varsa temizleyin. Bamyaları bol su içinde yıkayıp, ardından iyice kurulayın. Bamyaları kuruladıktan sonra sap kısımlarını bıçak ile sağdan sola doğru döndürerek, kesin ve tepe kısmını huni şeklinde çıkartın. 3 adet orta boy domatesin kabuğunu soyup, ince ince doğrayın. 2 adet orta boy soğanı ay şeklinde ince ince doğrayın. 2 diş sarımsağı küçük küçük doğrayın. 1 adet yeşil biber ve 1 adet kırmızı kaya biberin de çekirdek kısımlarını temizleyip, küçük küpler şeklinde doğrayın. Orta boy geniş bir fırın kabı içine ayıkladığınız bamyaları koyun. Bamyaların üzerine doğranmış soğanları, sarımsakları ve biberleri ekleyin. Ardından doğranmış domatesleri, 1 adet sıkılmış limon suyu ve yarım çay bardağı zeytinyağı koyun. Son olarak damak tadınıza göre tuz ve karabiber ekleyin. Önceden ısıtılmış 180 derece fırına verin. Yaklaşık 45 dakika kadar kontrollü bir şekilde pişirin. Bu süre sonunda yemeğin üzerinden yağlı kağıdı alıp, 5 dakika kadar daha pişirmeye devam edin."
Fırında Brokoli Graten,ana yemek,brokoli havuç tere yağı un süt tuz karabiber rendelenmiş kaşar peyniri,Brokoli ve havucu haşlayın. Beşamel sosu hazırlayın. Brokoli ve havucu fırın kabına yayın. Beşamel sosu dökün. Rendelenmiş kaşar peyniri serpiştirin. Fırında pişirin.
Fırında Bütün Karnabahar,ana yemek,küçük boy karnabahar yumurta sarısı yoğurt zeytinyağı galeta unu sarimsak tuz kırmızı toz biber karabiber kırmızı pul biber kimyon zerdeçal,"1 adet küçük boy karnabaharın yaprak kısmını temizleyin. Sap kısmını çok derine inmeden kesip, atın. Derin bir tencere içine bolca su döküp, kaynamaya bırakın. Kaynayan suyun içine biraz tuz ekleyip, karıştırın. Kaynar suyun içine karnabaharı bütün olarak koyun. Bu şekilde çok hafif yumuşayana kadar yaklaşık 6 dakika haşlayın. Karnabaharı çok haşlarsanız dağılabilir bu yüzden mutlaka ara ara kontrol edin. Haşladığınız karnabaharı suyun içinden alıp, süzgeç içine koyun. Suyunun iyice süzülmesini sağlayıp, kenarda soğumaya bırakın. Bir kap içine 1 adet yumurta sarısı koyun. Üzerine 2 yemek kaşığı zeytinyağı ve 2 yemek kaşığı yoğurt koyun. Ardından kaba 1 çay kaşığı kırmızı toz biber, yarım çay kaşığı karabiber, 1 çay kaşığı kırmızı pul biber, yarım çay kaşığı kimyon, yarım çay kaşığı zerdeçal, 1 diş ezilmiş sarımsak, 1 tatlı kaşığı kadar tuz ve 1 yemek kaşığı galeta unu ekleyin. Tüm sos malzemelerinin iyice karışmasını sağlayın. Damak tadınıza göre tuz ve baharat miktarlarını azaltıp, çoğaltabilirsiniz. Aynı zamanda dilediğiniz baharatları kullanabilirsiniz. Diğer tarafta yağlı kağıt serili bir fırın kabının ortasına karnabaharı koyun. Hazırladığınız sosu fırça yardımı ile karnabaharın her yerine gelecek şekilde güzelce sürün. Önceden ısıtılmış 190 derece fırına verin. Karnabaharın üzeri güzelce kızarana kadar yaklaşık 25-30 dakika kontrollü olarak pişirin."
Fırında Etimekli Beşamel Soslu Tavuk,ana yemek,tavuk göğsü mantar kırmızı biber tereyağı un süt tuz karabiber etimek rendelenmiş kaşar peynir,"Mantarları temizleyip, doğrayın. Tavuk etini kavurun. Kırmızı biberleri kavurun. Beşamel sosu hazırlayın. Tavuklu karışımı hazırlayın. Etimekleri fırın kabına dizin. Beşamel soslu tavuklu karışımı dökün. Rendelenmiş kaşar peynir serpiştirin. Fırında pişirin."
Fırında Kaşarlı Karnabahar Ezmesi,ana yemek,karnabahar yumurta tuz rendelenmiş kaşar peyniri,"Karnabaharı dallarına ayırıp, yıkayın. Derin bir tencere içine alın. Üzerine su, biraz sirke ve tuz ekleyip, haşlayın. Karnabahar haşlandıktan sonra suyunu süzüp, ılımaya bırakın. Ilıyan karnabaharı çatal yardımı ile iyice ezin. Ezdiğiniz karnabaharların üzerine 2 adet yumurta kırın. Az miktar tuz serpiştirip, tekrar karıştırın. Karnabahar ezmesini yağlanmış orta boy bir fırın kabı içine dökün. Üzerine bolca rendelenmiş kaşar peynir serpiştirin. Hazırladığınız kaşarlı karnabahar ezmesini önceden ısıtılmış 180 derece fırına verin. Yaklaşık 20 dakika üzeri kızarana kadar pişirin."
Fırında Kestane Kebap,ana yemek,kebaplık kestane,"Kestanelerin hepsini, küçük bıçak ile sırtlarından, boylu boyunca çizin. Kestaneleri derin bir kap içine koyun ve üzerlerine çıkacak kadar su dökün. 15 dakika kadar bekletin. Kestanelerin suyunu süzün ve hafifçe kurulayın. Kestaneleri fırın tepsisi içine sırayla dizin. Önceden ısıtılmış 190 derece fırına verin. Kestanelerin kabukları açılana kadar yaklaşık 20-25 dakika pişirin."
Fırında Lahana Yemeği,ana yemek,beyaz lahana soğan havuç kapya biber sarımsak domates salçası tere yağı zeytinyağı kırmızı pul biber karabiber tuz un süt rendelenmiş kaşar peynir,"Lahananın kök kısmını çıkartın ve ortadan ikiye kesin. Lahanayı ince ve uzun şeritler halinde doğrayın. Soğanı ve sarımsağı ince ince doğrayın. Havucu rendenin iri tarafı ile rendeleyin. Kapya biberi küçük küpler şeklinde doğrayın. Geniş bir tencere içine tereyağı ve zeytinyağı koyup, ısıtın. Doğranmış soğanı ekleyip, hafifçe yumuşayana kadar kavurun. Rendelenmiş havucu, doğranmış kapya biberi ve doğranmış sarımsakları ekleyin. Domates salçası koyun ve salçanın kokusu çıkana kadar sürekli karıştırarak, kavurun. Doğranmış lahanaları koyun ve tencerenin kapağını kapatın. Lahanalar suyunu salana kadar yaklaşık 6-7 dakika pişirin. Lahanaları güzelce karıştırın ve damak tadınıza göre tuz, karabiber ve kırmızı pul biber ekleyip, tekrardan karıştırın. Tencerenin kapağını kapatın ve lahanalar suyunu çekip, yumuşayana kadar pişirmeye devam edin. Beşamel sos için; tereyağı koyup, eritin. Yağın üzerine un ekleyin ve unun kokusu çıkana kadar sürekli karıştırarak, kavurun. Kavrulan unun üzerine soğuk sütü azar azar döküp, topaklanma olmaması için bir yandan da hızlı bir şekilde karıştırın. Beşamel sos kaynayıp, hafifçe koyu bir kıvam alana kadar pişirmeye devam edin. Son olarak damak tadınıza göre tuz ve karabiber koyup, karıştırın. Pişirdiğiniz lahana yemeğini orta büyüklükte bir fırın kabı içine koyup, güzelce yayın. Hazırladığınız beşamel sosu lahana yemeğinin üzerine dökün ve rendelenmiş kaşar peynir serpiştirin. Önceden ısıtılmış 180 derece fırına verin. Üzeri hafifçe kızarana kadar pişirin."
Fırında Lavaş Pizza,ana yemek,lavaş ekmeği çeri domates küçük boy kapya biber yeşil dolma zeytin siyah zeytin sucuk rendelenmiş kaşar peynir domates salçası zeytinyağı su kekik tuz,"Sosu hazırlayın. Malzemeleri hazırlayın. Lavaş ekmeğini yağlı kağıt serili fırın tepsisine koyun. Salçalı sos karışımından sürün. Rendelenmiş kaşar peynir serpiştirin. Lavaşın üzerine tekrar 1 adet lavaş yerleştirin. Sosun üzerine rendelenmiş kaşar peynir serpiştirin. Sucuk, domates ve kapya biber dilimlerini güzelce yerleştirin. Yeşil zeytin ve siyah zeytin dilimleri serpiştirin. Hazırladığınız lavaş pizzayı önceden ısıtılmış 190 derece fırına verin. Sucuklar pişip, kaşar peynirler iyice eriyene kadar pişirin. Lavaş pizza piştikten sonra üzerine biraz kaşar peynir serpiştirip, tekrar fırına verin. Kaşar peynirler eriyene kadar fırının içinde bekletin."
Fırında Makarna,ana yemek,fırın makarna tere yağı un süt tuz rendelenmiş kaşar peynir,"Kaynayan suyun içine yarım paket fırın makarnayı ve biraz tuz koyup, yumuşayana kadar haşlayın. Eriyen yağın üzerine 1 buçuk yemek kaşığı un ekleyin. Unu 1 dk kadar kavurun. Kavrulan unun üzerine 2 buçuk su bardağı sütü azar azar döküp, unun topaklanmaması için hızlı bir şekilde karıştırın. Hafifçe koyu bir kıvam alana kadar pişirin. Son olarak az miktar tuz koyun. Karıştırıp, ocaktan alın. Haşlanan makarnanın suyunu süzün. Makarnayı derin bir kaba koyun. Üzerine hazırladığınız sosu dökün. Makarnayı sos ile beraber iyice karıştırın. Soslu makarnayı yağlanmış küçük dikdörtgen borcam içine koyup, yayın. Üzerine bolca rendelenmiş kaşar peynir serpiştirin. Önceden ısıtılmış 180 derece fırına verin. Üzeri iyice kızarana kadar yaklaşık 15 dakika pişirin. Fırında makarna piştikten sonra 10 dakika kadar dinlenmeye bırakın."
Fırında Mantar Graten,ana yemek,fındık mantar tereyağı tuz kaşar peynir,"Mantarları nemli bir bez ile silin. İsteğe göre kabuklarını soyun. Bir tavaya yarım yemek kaşığı tereyağ koyup, eritin. Ardından mantarları tavaya koyun. Üzeine az miktar tuz ekleyin. 4-5 dakika kavurun. Daha sonra kavrulan mantarları güveç içine koyun. Üzerine rendelenmiş kaşar peynir serpiştirin. Mantar grateni önceden ısıtılmış 180-190 dereceli fırına verin. Üzeri kızarana kadar yaklaşık 10-15 dakika pişirin. İsteğe göre mantar gratenin pişmesine yakın, gratenin üzerine sumak da serpiştirebilirsiniz. Pişen mantar grateni fırından çıkartın. Fırında mantar grateni sıcak olarak servis edebilirsiniz."
Fırında Mısır Unlu Patates Kızartması,ana yemek,patates mısır unu zeytinyağı kırmızı pul biber kekik tuz,"Patateslerin kabuğunu soyup, yıkayın. Elma dilimi şeklinde kesin. Patatesleri derin bir kaba koyun. Patateslerin üzerine zeytinyağı gezdirin. Mısır unu, tuz, kekik ve kırmızı pul biber ekleyin. İyice harmanlayın. Mısır unlu baharatlı patatesleri yağlı kağıt serili fırın tepsisi içine dizin. Önceden ısıtılmış 190 derece fırına verin. Üzerleri kızarana kadar yaklaşık 25 dakika pişirin."
Fırında Peynirli Sucuklu Ekmek,kahvaltı,ekmek dilimi beyaz peynir rendelenmiş kaşar peynir sucuk yumurta kırmızı pul biber,"Orta boy bir kap içine 100 gr kadar beyaz peynir koyun. Peyniri çatal yardımı ile ezerek, parçalayın. Daha sonra peynirin üzerine 10 dilim sucuğu küçük küçük doğrayıp, ekleyin. Ardından 1 çay bardağı rendelenmiş kaşar peynir ve damak tadınıza göre kırmızı pul biber koyun. Son olarak malzemelerin üzerine 2 adet yumurta kırın. Tüm malzemelerin güzelce karışmasını sağlayın. Diğer taraftan 5 adet orta boy ekmek dilimini yağlı kağıt serili fırın tepsisi içine dizin. Ekmek dilimlerinin üzerine hazırladığınız peynirli sucuklu karışımdan koyup, güzelce yayın. Önceden ısıtılmış 190 derece fırına verip, üzerleri hafifçe kızarana kadar pişirin."
Fırında Sebze Dizmesi,ana yemek,patlıcan kabak patates domates zeytinyağı sarımsak tuz karabiber kuru nane kırmızı toz biber kimyon domates salçası ılık su,"2 adet orta boy patlıcan ve kabağı kabuğu ile birlikte halka şeklinde ince ince doğrayın. 3 adet küçük boy patatesin kabuğunu soyup, aynı şekilde halka şeklinde ince ince doğrayın. 3-4 adet küçük boy domatesi de kabuğu ile birlikte halka şeklinde doğrayın. 2 diş sarımsağı da küçük küçük doğrayın. Sebzelerin üzerine damak tadınıza göre tuz, karabiber, kuru nane, kırmızı toz biber ve kimyon ekleyin. Fırın tepsisi içine bir patates, bir kabak, bir patlıcan ve bir domates olacak şekilde dizin. Son olarak yarım çay bardağı zeytinyağının yarısını sebzelerin her yerine gelecek şekilde dökün. Üzerlerinin hafifçe kızarması için yaklaşık 30-35 dakika kadar pişirin. Salçalı sosu için bir kase içine 1 tatlı kaşığı domates salçası koyun. Üzerine yarım su bardağı ılık suyu azar azar dökün. Salçalı sosu sebzelerin üzerine güzelce gezdirin. Ardından tekrar fırına verip, 20-25 dakika kadar kontrollü bir şekilde pişirin."
Fırında Tavuk Kanat,ana yemek,tavuk kanat domates salçası zeytinyağı sarımsak kırmızı toz biber kekik karabiber kimyon köri tuz,"Tavuk kanatlarını yıkayıp, suyunun süzülmesini sağlayın. Tavuk kanatların üzerine bıçak yardımı ile çizikler atın. Domates salçası, zeytinyağı, sarımsak, kırmızı toz biber, kekik, karabiber, kimyon, köri ve tuzu karıştırın. Tavuk kanatlarını sosun içine koyun ve elinizle karıştırarak kanatların her tarafının sosa bulanmasını sağlayın. Kabın üzerini streç film ile örtün ve tavuk kanatları buzdolabında en az 1-2 saat kadar dinlenmeye bırakın. Dinlenen soslu tavuk kanatlarını orta boy bir fırın kabı içine dizin. Önceden ısıtılmış 190 derece fırına verin. Üzerleri iyice kızarana kadar yaklaşık 30 dakika pişirin."
Fırında Uskumru,ana yemek,uskumru balığı soğan domates kırmızı kapya biber yeşil biber limon zeytinyağı tuz maydanoz,"Uskumru balıklarını ayıklayıp, kafa kısımlarını kopartın. Balığın orta kılçığını çıkartmak için, kılçığın iki kenarından bıçak yardımı ile dikkatlice kesin ve balığı kelebek gibi açın. Balıkları yıkayın ve kevgir içinde bekleterek, suyunun süzülmesini sağlayın. Soğanı ay şeklinde ince ince doğrayın. Domatesi minik küpler halinde doğrayın. Kırmızı kapya biber ve yeşil biberinde çekirdek kısımlarını temizleyip, küçük küçük doğrayın. Doğradığınız tüm sebzeleri orta boy bir fırın kabı içine koyun. Üzerlerine biraz tuz serpiştirip, karıştırın. Sebzeleri fırın kabının tabanına güzelce yayın. Ardından uskumru balıklarını deri kısımları yukarı gelecek şekilde sebzelerin üzerine yerleştirin. Sosu için; bir kase içine 3 yemek kaşığı zeytinyağı, yarım limon suyu ve biraz tuz koyup, güzelce karıştırın. Hazırladığınız sosu kaşık yardımı ile sebzelerin ve balıkların üzerine güzelce dökün. Önceden ısıtılmış 180 derece fırına verin. Yaklaşık 25-30 dakika kadar pişirin. Fırında uskumru fileto piştikten sonra üzerine 1 tutam ince ince doğranmış maydanoz serpiştirip, servis edebilirsiniz."
Fırında Mücver,ana yemek,patates havuç ıspanak pırasa kırmızı kapya biber kabak tuz yumurta un kabartma tozu sıvı yağ karabiber rendelenmiş kaşar peynir,"Rendelediğiniz patates ve kabağın suyunu iyice sıkıp, genişçe bir kap içine koyun. Diğer doğranmış sebzeleri de bu kap içine alın. Üzerlerine 1 tatlı kaşığı tuz serpiştirip, iyice karıştırın. Sebzelerin büyüklüğüne göre tuz oranını kendi damak tadınıza göre ayarlayabilirsiniz. Diğer tarafta başka bir kap içine 3 adet yumurta kırın. Üzerine yarım çay bardağı sıvı yağ, 3 yemek kaşığı un, 1 çay kaşığı kabartma tozu, 1 çay kaşığı tuz ve yarım çay kaşığı karabiber ekleyin. Tüm malzemeleri tel çırpıcı ile iyice çırpın. Hazırladığınız yumurtalı karışımı sebzelerin üzerine dökün. Kaşık yardımı ile iyice karıştırın. Yumurtalı sebzeli karışımı yağlı kağıt serili orta boy bir fırın kabı içine eşit bir şekilde yayın. Önceden ısıtılmış 180 derece fırına verin. Yaklaşık 25 dakika kadar pişirin. Fırında mücver piştikten sonra üzerine rendelenmiş kaşar peynir serpiştirin. Tekrar fırına verip, 10 dakika kadar daha pişirin. Fırında mücver piştikten sonra 5 dakika kadar dinlenmeye bırakın. Ardından dilimleyerek, servis edebilirsiniz."
Hasanpaşa Köftesi,ana yemek,köftelik kıyma yumurta kuru soğan maydanoz galeta unu tuz karabiber kimyon patates süt tereyağı kaşar peynir domates salçası su tuz,"Orta boy derin bir kap içine yarım kilo köftelik kıyma koyun. Üzerine 1 adet kuru soğan rendeleyin. Ardından kaba 1 adet yumurta kırın. 3 yemek kaşığı galeta unu, 1 tutam ince ince doğranmış maydanoz, damak tadınıza göre tuz, karabiber ve kimyon ekleyin. Köfte harcını eliniz ile iyice yoğurun. Hazırladığınız köfte harcından yumurtadan biraz büyük parçalar alıp, avucunuzda yuvarlayın. Elinizi hafifçe ıslatıp, başparmağınız ile köftelerin içini oyarak çanak şeklini verin. Çanaklar küçük olmasın çünkü pişince küçülüyorlar. Ardından köfteleri yağlanmış fırın tepsisi içine dizin. Önceden ısıtılmış 180 derece fırına verin. Köfteler kızarana kadar pişirin. Diğer tarafta 2 adet orta boy patatesin kabuğunu soyup, 3-4 parçaya bölün. Derin bir tencere içine koyup, üzerini geçecek kadar su dökün. Patatesler yumuşayana kadar haşlayın. Daha sonra haşlanan patateslerin suyunu süzün. Patatesler sıcak iken üzerine 1 yemek kaşığı tereyağı, yarım su bardağı kadar süt, 3 yemek kaşığı rendelenmiş kaşar peynir ve tuz ekleyin. Patatesleri iyice ezerek, püre haline getirin. Kızaran köfteleri fırından çıkartıp, hafifçe çukurumsu bir orta boy fırın kabı içine alın. Köftelerin içlerini patates püresi ile doldurun. Pürenin üzerine rendelenmiş kaşar peynir serpiştirin. Domates sosu için; bir kap içine 1 yemek kaşığı domates salçası koyun. Üzerine 1 su bardağı ılık su ve biraz tuz ekleyin. Salçayı karıştırarak, açın. Hazırladığınız domates sosunu köftelerin kenarına dökün. Hasanpaşa köftesini önceden ısıtılmış 190 derece fırına verin. Üzerleri kızarana kadar pişirin."
Mantar Graten,ana yemek,kültür mantarı tere yağı limon tuz rendelenmiş kaşar peynir,"Mantarları nemli bir bez ile temizleyip, isteğe göre kabuklarını soyun. Mantarları orta boy derin bir tencere içine koyun. Üzerlerini geçecek kadar su dökün. Mantarların kararmaması için suyuna 1 adet küçük boy limon suyu ekleyip, karıştırın. Mantarlar yumuşayana kadar haşlayın. Mantarlar yumuşadıktan sonra suyunu süzüp, ılımaya bırakın. Mantarları çok küçük olmayacak şekilde dilimleyin. Diğer tarafta orta boy bir tava içine 1 yemek kaşığı kadar tereyağı koyup, eritin. Yağın üzerine dilimlediğiniz mantarları ekleyin. Damak tadınıza göre tuz koyup, mantarları 2 dakika kadar kavurun. Daha sonra kavrulan mantarları güveç içine koyun. Mantarların üzerine rendelenmiş kaşar peynir serpiştirip, küçük küçük parçalar halinde tereyağı ekleyin. Hazırladığınız mantar grateni önceden ısıtılmış 190 derece fırına verin. Üzeri kızarana kadar pişirin."
Nohut Tava,ana yemek,Nohut Soğan Domates Kapya Biber Sivri Biber Sarımsak Domates Salçası Zeytinyağı Kimyon Karabiber Kırmızı Toz Biber Tuz,"2 adet orta boy soğanı ay şeklinde ince ince doğrayın. 3 adet orta boy domatesin kabuğunu soyup, küçük küpler halinde doğrayın. 1 adet kapya biber, 3 adet sivri biber ve 4 diş sarımsağı da küçük küçük doğrayın. Orta boy yuvarlak bir fırın kabı içine 3 su bardağı haşlanmış nohut koyun. Nohutların üzerine doğranmış domatesleri ve biberleri ekleyin. Ardından kaba doğranmış soğanları ve sarımsakları koyun. Daha sonra malzemelerin üzerine 1 yemek kaşığı domates salçası, 1 çay kaşığı kadar kimyon, 1 tatlı kaşığı kırmızı toz biber, yarım çay kaşığı karabiber ve 1 tatlı kaşığı tuz ekleyin. Son olarak yarım çay bardağı zeytinyağı dökün. Kaşık yardımı ile tüm malzemelerin iyice karışmasını sağlayın ve fırın kabının tabanına eliniz ile güzelce yayın. Hazırladığınız nohut tavanın üzerine musluk altında ıslatıp, eliniz ile buruşturduğunuz bir yağlı kağıt serip, kenar kısımlarını sıkıştırarak kapatın. Önceden ısıtılmış 180 derece fırına verin. Yaklaşık 35-40 dakika kadar kontrollü bir şekilde pişirin. Pişme süresi esnasında nohut tavayı 1-2 kez karıştırıp, üzeri kapalı bir şekilde pişirmeye devam edin. Fırında nohut tava piştikten sonra üzerine ince ince doğranmış maydanoz serpiştirip, yanında çırpılmış yoğurt ile servis edebilirsiniz."
Patates Kabuğu Cipsi,atıştırmalık,patates zeytinyağı kırmızı toz biber sarımsak tozu kırmızı pul biber karabiber tuz,"Patatesleri temiz bir fırça yardımı ile musluk altında tamamen temizlenene kadar ovarak yıkayın. Patatesleri iyice kurulayın. Patateslerin kabuğunu soyun. Kabukların üzerine zeytinyağı dökün. Damak tadınıza göre tuz, karabiber, kırmızı toz biber, kırmızı pul biber ve sarımsak tozu ekleyin. Tüm malzemeleri eliniz ile güzelce harmanlayın. Baharatların patates kabukları ile iyice birleşmesini sağlayın. Hazırladığınız baharatlı patates kabuklarını yağlı kağıt serili fırın tepsisi içine koyun. Eliniz ile patates kabuklarını üst üste gelmeyecek şekilde yan yana dizin. Önceden ısıtılmış 190 derece fırına verin. Üzerleri güzelce kızarana kadar yaklaşık 15-20 dakika pişirin."
Pırasalı Patates Graten,ana yemek,ince pırasa orta boy patates orta boy havuç un süt zeytinyağı tuz karabiber kırmızı toz biber rendelenmiş kaşar peynir,"3 adet ince pırasayı güzelce temizleyip, halkalar halinde ince ince doğrayın. 2 adet orta boy patatesin kabuğunu soyup, çok büyük olmayacak şekilde orta incelikte doğrayın. 2 adet orta boy havucun da kabuğunu soyup, rendeleyin. Orta boy geniş bir tava içine 4 yemek kaşığı zeytinyağı döküp, ısıtın. Yağın üzerine doğranmış patatesleri koyup, hafifçe yumuşayana kadar sürekli karıştırarak kavurun. Kavrulan patateslerin üzerine doğranmış pırasaları ve rendelenmiş havuçları ekleyin. Pırasaları da hafifçe yumuşayana kadar kavurun. Kavrulan sebzelerin üzerine damak tadınıza göre tuz, karabiber ve kırmızı toz biber ekleyin. Baharatlar ile birlikte sebzeleri güzelce karıştırın. Daha sonra sebzelerin üzerine 1 buçuk yemek kaşığı un ekleyin. Unun kokusu çıkana kadar sebzeler ile birlikte güzelce kavurun. Son olarak sebzelerin üzerine 1 buçuk su bardağı sütü azar azar döküp, bir yandan da sürekli karıştırmaya devam edin. Sosu krema kıvamı alana kadar sürekli karıştırarak, pişirin. Ardından ocak üzerinden alın. Hazırladığınız pırasalı patatesli harcı orta büyüklükte yağlanmış bir fırın kabı içine koyun. Harcı spatula yardımı ile güzelce yayın. Son olarak harcın üzerine bolca rendelenmiş kaşar peynir serpiştirin. Önceden ısıtılmış 180 derece fırına verin. Üzeri güzelce kızarana kadar pişirin. Fırında pırasalı patates graten piştikten sonra 5 dakika dinlenmeye bırakın. Ardından dilimleyip, sıcak olarak servis edebilirsiniz."
Ramazan Pidesinden Yalancı İskender,ana yemek,kıyma ramazan pidesi soğan maydanoz yoğurt tuz karabiber domates salçası biber salçası domates püresi tere yağı sarımsak,"Kıymayı tavada kavurun. Soğanı ekleyin ve pişirin. Maydanoz, tuz ve karabiber ekleyin. Domates sosu hazırlayın. Ramazan pidesini kızartın. Yoğurt ile domates sosunu karıştırın. Kıyma harcını pidelerin üzerine yayın. Kalan domates sosunu pidelerin üzerine dökün."
Sarımsaklı Peynirli Patates,ana yemek,patates nişasta zeytinyağı sarımsak galeta unu tulum peyniri kekik kırmızı toz biber tuz silme karabiber,"Patatesleri soyup, yıkayın. Patatesleri elma dilimi şeklinde doğrayın. Patatesleri tuzlu sıcak su içinde 15 dakika kadar bekletin. Patateslerin suyunu süzün. Patateslerin iyice kurumasını sağlayın. Patatesleri derin bir kaba alın. Üzerlerine zeytinyağı, kekik, kırmızı toz biber, tuz, silme karabiber ve nişasta ekleyin. Rendelenmiş sarımsak ve galeta unu koyun. Patateslerin üzerine tulum peyniri ekleyin. Tüm malzemeleri eliniz ile güzelce harmanlayın. Hazırladığınız sarımsaklı peynirli patatesi yağlı kağıt serili fırın tepsisi içine yan yana olacak şekilde dizin. Önceden ısıtılmış 200 derece fırına verin. Patateslerin üzerleri güzelce kızarana kadar yaklaşık 25 dakika pişirin."
Sucuklu Ekmek Dilimleri,kahvaltı,tost ekmeği sucuk dilimleri çeri domates dilimleri rendelenmiş kaşar peynir domates salçası ketçap kekik zeytinyağı,"Ekmeklerin üzerine süreceğiniz sosu hazırlayın. Küçük bir kase içine 2 yemek kaşığı ketçap, 1 tatlı kaşığı domates salçası, 1 çay kaşığı kekik ve 2-3 yemek kaşığı zeytinyağı koyun. Tüm sos malzemelerini iyice karıştırın. 4 adet büyük boy tost ekmek dilimini yağlı kağıt serili fırın tepsisi içine dizin. Ekmeklerin üzerine hazırladığınız sosu paylaştırıp, güzelce yayın. Her bir ekmek diliminin üzerine rendelenmiş kaşar peynir serpiştirin. Kaşar peynirin üzerine de istediğiniz miktarda sucuk dilimleri ve domates dilimleri yerleştirin. Hazırladığınız sucuklu kaşarlı ekmek dilimlerini önceden ısıtılmış 180 derece fırına verin. Kaşar peynirler iyice eriyene kadar pişirin."
Tavada Kaşarlı Mantar,ana yemek,kültür mantarı tere yağı tuz rendelenmiş kaşar peynir kekik kırmızı pul biber,"Mantarların sap kısımlarını dikkatli bir şekilde çıkartın. Mantarların kabuğunu soyup, nemli bir bez ile temizleyin. Mantarları orta boyuttaki bir tava içine güzelce dizin. Üzerlerine damak tadınıza göre tuz serpiştirin. Her bir mantarın orta kısmına küçük küçük tereyağı parçaları koyun. Tavayı ocak üzerine alıp, kapağını kapatın. Mantarlar suyunu salıp, tavadaki suyunu çekene kadar pişirin. Mantarların orta kısımlarına rendelenmiş kaşar peynir serpiştirin. Peynirlerin üzerine de biraz kekik ve kırmızı pul biber serpiştirin. Tavanın kapağını kapatıp, kaşar peynirler iyice eriyene kadar pişirin."
Tavuklu Fırın Makarna,ana yemek,makarna tavuk göğsü tuz su tere yağı un süt karabiber rendelenmiş kaşar peynir,"Tavuk göğsünü 3-4 parçaya kesip, bir tencere içine koyun. Üzerini 3 parmak geçecek kadar su dökün. Ardından 1 tatlı kaşığı tuz ekleyip, karıştırın. Tavuk etlerini yumuşayana kadar haşlayın. Haşladığınız tavuk suyunun içine yarım paket makarna ekleyip, karıştırın. Makarnayı güzelce yumuşayana kadar pişirin. Diğer tarafta pişen tavuk etlerini küçük küçük parçalara ayırın. Beşamel sos için; derin bir sos tavası içine 1 buçuk yemek kaşığı tereyağı koyup, eritin. Yağın üzerine 2 yemek kaşığı un ekleyin. Unun kokusu çıkana kadar sürekli karıştırarak, kavurun. Ardından kavurduğunuz unun üzerine 2 su bardağı soğuk sütü azar azar döküp, topaklanma olmaması için bir yandan da hızlı bir şeklide karıştırın. Beşamel sos kaynayıp, koyu bir kıvam alana kadar pişirmeye devam edin. Son olarak damak tadınıza göre tuz ve karabiber koyup, karıştırın. Ardından beşamel sosu ocaktan alın. Daha sonra küçük kare borcam içine haşlayıp, suyunu süzdüğünüz makarnayı koyun. Makarnanın üzerine küçük küçük parçalara ayırdığınız tavuk etlerini koyun. Tavukla makarnayı bir kaşık yardımı ile güzelce karıştırın. Ardından hazırladığınız beşamel sosu tavuklu makarnanın üzerine güzelce dökün. Tüm harcı güzelce karıştırın. Son olarak makarnanın her yerine gelecek şekilde rendelenmiş kaşar peynir serpiştirin. Hazırladığınız beşamel soslu tavuklu makarnayı önceden ısıtılmış 190 derece fırına verin. Peynirler eriyip, güzelce kızarana kadar pişirin. Tavuklu fırın makarna piştikten sonra 10 dakika kadar dinlenmeye bırakın. Ardından sıcak olarak servis edebilirsiniz."
Abant Kebabı,ana yemek,kuşbaşı et patlıcan domates sivri biber soğan sarımsak zeytinyağı tuz karabiber domates salçası su,"Etleri kızgın bir teflon tencere içine koyun. Ara ara karıştırarak, biraz kavurun. Etlerin üzerini biraz geçecek kadar su dökün. Etler suyunu çekip, yumuşayana kadar pişirin. Etler piştikten sonra üzerine 3 yemek kaşığı zeytinyağı dökün. 1 adet ince ince doğranmış soğan ve 1 diş ince ince doğranmış sarımsak koyun. Ara ara karıştırarak, 3 dakika kavurun. Ardından 2 adet ince ince doğranmış domates ve 2 adet ince ince doğranmış sivri biber ekleyin. Tuz ve karabiber de koyup, karıştırın. Tencerenin kapağını kapatıp, orta ateş üzerinde sebzeler yumuşayana kadar pişirin. 5 adet orta boy patlıcanı alacalı olarak soyun. Derin bir tava içine sıvı yağ koyup, kızdırın. Patlıcanları kızgın yağ içinde arkalı önlü kızartın. Kızaran patlıcanları kağıt havlu üzerine alıp, yağının süzülmesini sağlayın. Kızarttığınız patlıcanları bir fırın kabı içine dizin. Her birinin üzerine uzunlamına bıçak ile çizikler atıp, yavaşça ortalarını açın. İç kısımlarını et harcı ile doldurun. Üzerlerine birer dilim domates ve biber yerleştirin. Sosu için; bir kap içine 1 yemek kaşığı domates salçası koyun. Üzerine 1 su bardağı su ve biraz tuz ekleyin. Salçayı iyice ezerek, açın. Fırın kabının içine sosu dökün. 1 adet yağlı kağıdı ıslatıp, eliniz ile hafifçe suyunu sıkın. Kağıdı açıp kabın üzerini örtün. Önceden ısıtılmış 190 derece fırına verip, 20 dakika kadar pişirin. Daha sonra üzerindeki kağıdı alıp, 10 dakika kadar daha pişirin."
Beykoz Kebabı,ana yemek,kuşbaşı doğranmış et orta boy patlıcan domates sivri biber soğan sarımsak zeytinyağı tuz karabiber sıvı yağ patates süt tereyağı rendelenmiş kaşar peynir domates salçası su,"Et harcını hazırlayın. 300 gr kuşbaşı doğranmış eti kızgın bir teflon tencere içine koyun. 5 dakika kadar ara ara karıştırarak, kavurun. Ardından etlerin üzerini biraz geçecek kadar su dökün. Etler suyunu çekip, yumuşayana kadar pişirin. Etler piştikten sonra üzerine 3 yemek kaşığı zeytinyağı dökün. 1 adet ince ince doğranmış soğan ve 1 diş ince ince doğranmış sarımsak ekleyin. Sürekli karıştırarak, 3 dakika kavurun. Ardından 1 adet ince ince doğranmış domates ve 2 adet ince ince doğranmış sivri biberi de koyun. Damak tadınıza göre tuz ve karabiber ekleyip, karıştırın. Tencerenin kapağını kapatıp, orta ateş üzerinde domates ve biberler yumuşayana kadar pişirin. Diğer tarafta 4 adet orta boy patlıcanı alacalı olarak soyun. Derin bir tava içine sıvı yağ koyup, kızdırın. Patlıcanları kızgın yağ içinde arkalı önlü kızartın. Ardından kızaran patlıcanları kağıt havlu üzerine alın. Yağının süzülmesini sağlayın. Patates püresi için; 2 adet orta boy patatesin kabuğunu soyup, yıkayın. Büyük küpler halinde kesip, orta boy derin bir tencere içine koyun. Üzerini geçecek kadar su dökün. Patatesler yumuşayana kadar haşlayın. Daha sonra haşlanan patateslerin suyunu süzün. Sıcakken üzerlerine 1 yemek kaşığı tereyağı, 2 yemek kaşığı kadar rendelenmiş kaşar peynir, biraz tuz ve 1 su bardağı süt ekleyin. Patatesleri püre haline gelene kadar iyice ezin. Daha sonra kızaran patlıcanları bir fırın kabı içine koyun. Her birinin üzerine boylamına bıçak ile çizikler atıp, yavaşça ortalarını açın. İç kısımlarını hazırladığınız et harcı ile doldurun. Üzerlerine patates püresini paylaştırın. Pürenin üzerine de biraz rendelenmiş kaşar peynir serpiştirin. Beykoz kebabının sosu için; bir kap içine 1 yemek kaşığı domates salçası koyun. Üzerine 1 su bardağı su ve biraz tuz ekleyin. Salçayı iyice ezerek, açın. Fırın kabının içine sosu dökün. Önceden ısıtılmış 190 derece fırına verin. Üzerleri iyice kızarana kadar pişirin. Beykoz kebabı piştikten sonra fırından çıkartıp, sıcak olarak servis edebilirsiniz."
Etli Arap Tava,ana yemek,kuşbaşı et patates soğan sivri biber sarımsak domates domates salçası biber salçası zeytinyağı ılık su tuz karabiber kırmızı pul biber,"Patates, soğan ve sarımsağın kabuğunu soyup, küçük küpler halinde doğrayın. Domatesleri ve sivri biberleri küçük küpler şeklinde doğrayın. Küçük yuvarlak borcam fırın kabının içine kuşbaşı eti koyun. Etin yanına doğradığınız tüm sebzeleri ekleyin. Etin ve sebzelerin üzerine domates salçası, biber salçası, zeytinyağı, ılık su, tuz, karabiber ve kırmızı pul biber koyun. Tüm malzemeyi eliniz ile güzelce harmanlayın. Hazırladığınız arap tavasının üzerini yağlı kağıt ile örtün. Yağlı kağıt üzerini alimünyum folya ile kapatın. Önceden ısıtılmış 190 derece fırına verin. Yaklaşık 45 dakika pişirin. Etli arap tava piştikten sonra üzerindeki yağlı kağıdı ve alimünyum kağıdı alıp, 1-2 kere karıştırın. Tekrar fırına verip, hafifçe üzeri kızarana kadar 10 dakika pişirin."
Fırında Beşamel Soslu Mantar,ana yemek,kültür mantarı soğan sarımsak zeytinyağı tuz Beşamel Sos İçin: tereyağı Beşamel Sos İçin: un Beşamel Sos İçin: süt Beşamel Sos İçin: tuz Beşamel Sos İçin: karabiber Üzeri İçin: rendelenmiş kaşar peynir,"Yarım kilo kültür mantarının kabuğunu soyup, nemli bir bez ile güzelce temizleyin. Mantarları bıçak yardımı ile çok ince olmayacak şekilde dilimleyin. Orta boy geniş bir tava içine 3 yemek kaşığı zeytinyağı döküp, ısıtın. Isınan yağın üzerine 1 adet orta boy ince ince doğranmış soğan ekleyin. Soğanları güzelce yumuşayana kadar sürekli karıştırarak, kavurun. Kavrulan soğanların üzerine dilimlediğiniz mantarları ve 1-2 diş ince ince doğranmış sarımsak ekleyin. Mantarları orta ateş üzerinde suyunu salıp, çekene kadar sürekli karıştırarak, pişirin. Ocaktan almaya yakın damak tadınıza göre tuz ekleyip, karıştırın. Pişen mantarları orta boy bir fırın kabı içine koyun. Beşamel sos için; sos tavası içine 1 yemek kaşığı tereyağı koyup, eritin. Eriyen yağın üzerine 1 buçuk yemek kaşığı un ekleyin. Unun hafifçe kokusu çıkana kadar kavurun. Kavrulan unun üzerine 1 buçuk su bardağı sütü azar azar döküp, topaklanma olmaması için hızlı bir şekilde karıştırın. Sosu hafifçe koyulaşana kadar pişirin. Pişen beşamel sosun üzerine damak tadınıza göre tuz ve karabiber ekleyip, karıştırın. Eğer sosun kıvamı çok fazla koyu ise azar azar süt ekleyip, kıvamı açabilirsiniz. Daha sonra mantarın üzerine hazırladığınız beşamel sosu güzelce dökün. Sosun üzerine de rendelenmiş kaşar peynir serpiştirin. İsteğe göre küçük küçük tereyağı parçaları da koyabilirsiniz. Önceden ısıtılmış 180 derece fırına verin. Üzeri kızarana kadar pişirin."
Fırında Domatesli Kabak,ana yemek,kabak soğan domates sarımsak yeşil biber kırmızı kapya biber zeytinyağı tuz karabiber,"Kabakları yıkayıp, kurulayın ve yarım cm kalınlığında halkalar halinde dilimleyin. Dilimlenmiş kabakların üzerine tuz ve karabiber ekleyin ve eliniz ile güzelce harmanlayın. Domatesleri, soğanları, biberleri ve sarımsakları dilimleyin. Sebzeleri fırın kabı içine sırasıyla kabak, soğan ve domates dilimlerini art arda olacak şekilde dizin. Doğranmış biber ve sarımsakları da ara kısımlara ya da sebzelerin üzerine yerleştirin. Sebzelerin üzerine biraz tuz serpiştirip, zeytinyağı gezdirin. Fırın kabı içine dizdiğiniz sebzelerin üzerini yağlı kağıt ile örtün. Önceden ısıtılmış 190 derece fırına verip, yaklaşık 30-35 dakika kadar pişirin. Daha sonra sebzelerin üzerinden yağlı kağıdı alıp, tekrar fırına verin. Üzerleri hafifçe kızarana kadar 10 dakika daha pişirin."
Fırında İstavrit,ana yemek,istavrit balığı mısır unu tuz zeytinyağı,"İsteğe göre balıkları aldığınız yere de ayıklatabilirsiniz. Balıkları güzelce yıkayın. Süzgeç içinde bekletip, suyunun iyice süzülmesini sağlayın. İstavrit balıklarını orta boy geniş bir kaba koyun. Üzerlerine damak tadınıza göre tuz serpiştirin. Eliniz ile balıkları güzelce harmanlayarak her yerine tuzun gelmesini sağlayın. Geniş bir kap içine 1 su bardağı kadar mısır unu koyup, hafifçe yayın. Üzerine balıkları koyup, eliniz ile her tarafını mısır ununa güzelce bulayın. Mısır ununa buladığınız istavrit balıklarını yağlı kağıt serili fırın tepsisi içine dizin. Üzerlerine güzelce zeytinyağı gezdirin. Hazırladığınız mısır unlu istavrit balığını önceden ısıtılmış 180 derece fırına verin. Üzerleri güzelce kızarana kadar yaklaşık 25 dakika kontrollü bir şekilde pişirin."
Fırında Karnabahar Mücveri,ana yemek,karnabahar yumurta maydanoz dereotu kaşar peynir kabartma tozu un tuz karabiber kimyon,"Karnabaharı dallarına ayırın ve haşlayın. Haşlanan karnabaharları ılımaya bırakın. Karnabaharları ezin ve üzerine yumurta, dereotu, maydanoz, kabartma tozu, tuz, karabiber, kimyon ve un ekleyin. Karışımı kaşık yardımı ile yağlı kağıt serili fırın tepsisine koyun. Önceden ısıtılmış 180 derece fırına verin ve üzerleri kızarana kadar pişirin."
Fırında Kuzu Sırt,ana yemek,kuzu sırt patates soğan kırmızı kapya biber yeşil biber acı kırmızı biber patlıcan sarımsak zeytinyağı taze biberiye kırmızı toz biber karabiber tuz,"Patates, soğan ve sarımsağın kabuğunu soyun. Patates ve soğanı halkalar halinde dilimleyin. Biberleri halka şeklinde dilimleyin. Patlıcanın kabuğunu alacalı soyun ve halka şeklinde dilimleyin. Dilimlediğiniz patlıcanları tuzlu su içinde 15 dakika kadar bekletip, suyunu süzün. Sebzeleri geniş bir kap içine koyun, zeytinyağı, tuz, kırmızı toz biber ve karabiber ekleyin. Tüm sebzeleri eliniz ile güzelce harmanlayın. Sebzeleri fırın kabı içine koyup, eliniz ile güzelce yayın. Kuzu sırt dilimlerini sebzelerin üzerine yerleştirin. Etlerin üzerine biraz tuz serpiştirin. Kapta kalan sos ile etleri güzelce harmanlayın. Etlerin üzerine 2-3 dal taze biberiye koyun. Tepsinin tabanına yarım çay bardağı kadar su dökün. Hazırladığınız sebzeli kuzu sırt yemeğinin üzerini hafifçe ıslattığınız yağlı kağıt ile kapatın. Önceden ısıtılmış 190 derece fırına verin. Etler ve sebzeler yumuşayana kadar yaklaşık 45 dakika kadar kontrollü bir şekilde pişirin. Bu süre sonunda yağlı kağıdı alıp, etleri ters çevirin. Bu şekilde de yaklaşık 10 dakika daha pişirmeye devam edin."
Fırında Peynirli Kabak Sandal,ana yemek,kabak beyaz peynir kaşar peynir yumurta dereotu zeytinyağı tuz,"Kabakların baş kısımlarını kesin. Ortadan ikiye kesin. Kayık şeklinde içlerini kaşık yardımı ile çıkartın. Kabakları sıcak su içine koyun. Üzerine tuz serpiştirip, yumuşayana kadar haşlayın. Beyaz peynir ve kaşar peynir rendeleyin. Üzerine 1 adet yumurta kırın. Ardından 1 tutam ince ince doğranmış dereotu ekleyip, iyice karıştırın. Haşlanan kabakları fırın kabına alın. Kabakların içlerini peynirli karışımı paylaştırın. Kabak sandalı önceden ısıtılmış 200 dereceli fırına verin. Üzerleri kızarıncaya kadar yaklaşık 12-13 dakika pişirin."
Fırında Patates Pizzası,ana yemek,patates sucuk mısır yeşil biber domates kaşar peynir zeytinyağı tuz ketçap domates salçası kekik,"Patatesleri yıkayıp, kurulayın. Patatesleri dilimleyin. Dilimlenmiş patatesleri fırın tepsisine dizin. Patateslerin üzerine zeytinyağı sürüp, tuz serpiştirin. Patatesleri 15 dakika fırında pişirin. Sosu hazırlayın. Pişmiş patateslerin üzerine sosu sürün. Patateslerin üzerine kaşar peynir serpiştirin. Patateslerin üzerine doğranmış biber, sucuk ve domatesleri yerleştirin. Patatesleri tekrardan fırında 10-15 dakika pişirin."
Fırında Sardalya,ana yemek,sardalya balığı mısır unu tuz zeytinyağı,"Sardalya balıklarını ayıklayın ve kafalarını kopartın. Balıkları musluk altında pullarını gidene kadar eliniz ile ovuşturun ve yıkayın. Balıkları süzgeç içinde bekletip, suyunun iyice süzülmesini sağlayın. Bir kase içine mısır unu koyun ve damak tadınıza göre tuz ekleyin. Sardalya balıklarının her tarafını mısır ununa güzelce bulayın. Orta boy bir fırın kabının tabanını zeytinyağı ile yağlayın. Balıkları kabın içine yan yana ve sık sık boşluk bırakmadan aralıksız olarak dizin. Balıkların üzerine güzelce zeytinyağı gezdirin. Önceden ısıtılmış 180 derece fırına verin. Mısır unlu sardalya balığının üzeri güzelce kızarana kadar yaklaşık 30 dakika pişirin."
Fırında Taze Fasulye Kızartması,ana yemek,taze fasulye sarımsak süzme yoğurt zeytinyağı tuz,"Taze fasulyeyi ayıklayıp, temizleyin. Varsa kılçıklarını ayıklayın. Ardından her bir fasulyeyi uzunlamasına ortadan ikiye kesin. Taze fasulyeleri orta boy geniş bir kap içine koyun. Taze fasulyelerin üzerine 2 diş küçük küçük doğranmış sarımsak serpiştirin. Fasulyelerin üzerine 1 tatlı kaşığı tuz ve 4-5 yemek kaşığı zeytinyağı ekleyin. Bu aşamada fasulyelerin üzerine istediğiniz baharatları ekleyebilirsiniz. Kaptaki tüm malzemeleri eliniz ile iyice harmanlayın. Taze fasulyeleri yağlı kağıt serili fırın tepsisi içine güzelce yayın. Önceden ısıtılmış 190 derece fırına verin. Taze fasulyelerin üzerleri hafifçe kızarana kadar yaklaşık 30 dakika kontrollü bir şekilde pişirin. Piştikten sonra fırından çıkartıp, kenarda ılımaya bırakın. Bir kase içine 1 su bardağı süzme yoğurt koyun. Yoğurdun üzerine biraz tuz ve 1 diş ezilmiş sarımsak ekleyip, iyice çırpın. Hazırladığınız yoğurdu servis tabağının tabanına güzelce yayın. Yoğurdun üzerine fasulyeleri bir maşa yardımı ile düzgün bir şekilde yerleştirip, servis edebilirsiniz."
Garnitürlü Sütlü Fırın Patates,ana yemek,patates süt sıvı yağ yumurta kırmızı pulbiber kekik tuz garnitür konserve mısır rendelenmiş kaşar peynir,"Patatesleri soyup, küp küp doğrayın. Küçük bir fırın kabının tabanına yayın. Bir kap içine yumurta kırın. Üzerine süt, sıvı yağ, kırmızı pulbiber, kekik ve tuz ekleyin. Çırpıcı yardımı ile iyice karıştırın. Hazırladığınız sütlü karışımı doğranmış patateslerin üzerine dökün. Önceden ısıtılmış 190 derece fırına verin. Üzeri hafifçe kızarana kadar pişirin. Diğer tarafta bir kaba garnitür, konserve mısır, kekik ve çok az miktar tuz koyup, karıştırın. Pişen patatesi fırından çıkartın. Üzerine rendelenmiş kaşar peynir serpiştirin. Kaşar peynir üzerine de garnitürlü karışımı serpiştirin. Tekrar fırına verip, 5 dakika pişirin. Son olarak garnitürlü sütlü fırın patatesin üzerine, tekrar rendelenmiş kaşar peynir serpiştirin. Fırına verip, kaşar peynirler eriyene kadar pişirin."
Hamursuz Ispanak Böreği,ana yemek,ıspanak yumurta yoğurt zeytinyağı beyaz peynir kabartma tozu soğan tuz un çörek otu,"Yarım kilo ıspanağı ayıklayıp, iyice yıkayın. Ardından bıçak yardımı ile ince ince doğrayın. Doğradığınız ıspanakları koyun. Üzerine 1 adet ince ince doğranmış soğan ve az miktar tuz ekleyin. Eliniz ile yoğurarak, ıspanakları öldürün. Diğer tarafta başka bir kap içine 2 adet yumurta kırın. Üzerine yarım su bardağı yoğurt, yarım çay bardağı zeytinyağı, 1 paket kabartma tozu ve 1 çay kaşığı tuz koyun. Tel çırpıcı yardımı ile iyice karıştırın. Hazırladığınız yumurtalı karışımı öldürdüğünüz ıspanakların üzerine dökün. Kaşık yardımı ile güzelce karıştırın. Ardından kaba 1 su bardağı ufalanmış beyaz peynir ve 2-3 yemek kaşığı un ekleyip, iyice karıştırın. Hazırladığınız ıspanaklı karışımı yağlı kağıt serili küçük yuvarlak borcam içine dökün. Üzerine bolca çörek otu serpiştirin. Önceden ısıtılmış 180 derece fırına verin. Üzeri hafifçe kızarana kadar yaklaşık 20 dakika pişirin."
Köfteli Patates Dizmesi,ana yemek,patates köftelik kıyma soğan yumurta galeta unu tuz karabiber kekik kimyon domates salçası ılık su,"Derin bir kaba yarım kilo köftelik kıyma koyun. Üzerine 1 adet orta boy soğanı rendenin ince tarafı ile rendeleyin. Ardından kaba 1 adet yumurta kırıp, 2-3 yemek kaşığı galeta unu, damak tadınıza göre tuz, karabiber, kimyon ve kekik ekleyin. Köfte harcını eliniz ile iyice yoğurun. Hazırladığınız köfte harcından ceviz büyüklüğünde parçalar alıp, elinizde yuvarlayarak, bir tabak üzerine dizin. Daha sonra köfteleri kızgın yağ içinde arkalı önlü hafifçe kızartın. Kızaran köfteleri bir tabak üzerine alın. 3 adet orta boydan biraz küçük olan patatesin kabuğunu soyup, kalın olmayacak şekilde halkalar halinde kesin. Patates dilimleri köftenizin büyüklüğünde olsun. Daha sonra küçük yuvarlak borcam fırın kabının içine bir köfte ve bir patates olacak şekilde yanyana dizin. Köfte ve patateslerin üzerine birkaç tane domates dilimi koyun. İsteğe göre yeşil biber de koyabilirsiniz. Sosu için; bir kap içine 1 yemek kaşığı domates salçası koyun. Salçanın üzerine 1 buçuk su bardağı ılık su ve biraz tuz koyup, iyice karıştırın. Hazırladığınız salçalı sosu köfte ve patateslerin üzerine gezdirerek, dökün. Önceden ısıtılmış 180 derece fırına verin. Patatesler yumuşayana kadar yaklaşık 30 dakika pişirin. Pişme sırasında patatesleri 1-2 kere çevirerek, kolayca pişmesini sağlayabilirsiniz. Köfteli patates dizmesi piştikten sonra fırından çıkartıp, sıcak olarak servis edebilirsiniz."
Şehzade Kebabı,ana yemek,kemer patlıcan kuşbaşı et kuru soğan çerliston biber sarımsak Karabiber pulbiber kekik tuz sıvı yağ domates salçası su domates biber,"500 gr kuşbaşı doğranmış eti kızgın bir teflon tencere içine koyun. 5 dakika kadar ara ara karıştırarak, kavurun. Daha sonra etlerin üzerini biraz geçecek kadar su döküp, etler yumuşayıncaya kadar pişirin. 3 adet kemer patlıcanı alacalı olarak soyun. Büyük küpler halinde kesin. Kızgın yağ içinde kızartın. Geniş bir tava içine 2 adet ince ince doğranmış kuru soğan ve 3-4 adet iri doğranmış çerliston biberi koyun. Üzerlerine 4 yemek kaşığı kadar sıvı yağ ekleyip, 3 dakika kadar kavurun. Kavrulmuş soğan ve biberlerin üzerine 2 diş rendelenmiş sarımsak, tuz ve damak tadınıza göre karabiber, pul biber ve kekik ekleyip, karıştırın. Daha sonra karışımın üzerine pişen kuşbaşı etleri koyup, karıştırın. Ocağın altını kapatın. Son olarak tava içine kızarttığınız patlıcanları ekleyin. 1-2 kere karıştırın. Orta boy bir fırın kabı içine patlıcanlı etli karışımı koyup, yayın. Daha sonra 1 yemek kaşığı salçayı, 1 su bardağı su içinde iyice ezerek, açın. Hazırladığınız şehzade kebabının üzerine salçalı sosu gezdirerek, dökün. Şehzade kebabının üzerini domates ve biber dilimleri ile süsleyin. Önceden ısıtılmış 180 derece fırına verin. Yaklaşık 20 dakika kadar pişirin."
Bostan Kebabı,ana yemek,kuşbaşı doğranmış et bostan patlıcanı soğan domates sivri biber maydanoz sarımsak zeytinyağı tuz karabiber sıvı yağ domates salçası ılık su,"Etleri kızgın bir teflon tencereye koyun ve 5 dakika kavurun. Etlerin üzerini geçecek kadar su dökün ve yumuşayana kadar pişirin. Domates, soğan, sarımsak ve biberleri doğrayın. Patlıcanları alacalı soyun, yıkayın ve kurulayın. Patlıcanları kızgın yağda arkalı önlü kızartın. Etlerin üzerine zeytinyağı, soğan ve sarımsak ekleyin ve 3 dakika kavurun. Domates ve biberleri ekleyin ve damak tadınıza göre tuz ve karabiber ekleyin. Kapağı kapatıp orta ateşte domates ve biberler yumuşayana kadar pişirin. Et harcını patlıcanların ortalarına paylaştırın ve üzerlerine domates dilimleri yerleştirin. Salçalı sosu fırın kabına dökün ve önceden ısıtılmış 190 derece fırına verin."
Fırında Domates Közleme,çorba,domates tuz,"Kestiğiniz domates dilimlerini fırın kabı içine dizin. Domatesleri önceden ısıtılmış 190 derece fırına verin. Domatesleri yaklaşık 20-25 dakika kadar pişirin. Közlenmiş domatesleri fırından çıkartıp, soğumaya bırakın."
Fırında Kabak Kızartması,ana yemek,kabak zeytinyağı kırmızı pul biber kuru nane kekik tuz yoğurt,"3 adet kabağı yıkayıp, çok ince ve kalın olmayacak şekilde halkalar halinde dilimleyin. Dilimlediğiniz kabakları derin bir kap içine alın. Üzerine yarım çay kaşığı kırmızı pul biber, yarım çay kaşığı kuru nane, yarım çay kaşığı kekik ve damak tadınıza göre tuz ekleyin. Ardından kabakların üzerine 4 yemek kaşığı zeytinyağı gezdirin. Kabakları eliniz ile iyice karıştırın. Daha sonra yağlı kağıt serili fırın tepsisi içine kabakları dizin. Önceden ısıtılmış 200 derece fırına verip, kabaklar kızarana kadar pişirin. Kabaklar piştikten sonra fırından çıkartıp, servis tabağına yerleştirin. Üzeri için 1 su bardağı yoğurdu az miktar tuz ile iyice çırpın. Hazırladığınız fırında kabak kızartmasını yoğurt eşliğinde servis edebilirsiniz."
Ispanak Graten,ana yemek,ıspanak hazır garnitür soğan sıvı yağ tereyağ un süt tuz karabiber rendelenmiş kaşar peynir,"Geniş bir tencere içine 1 adet ince ince doğranmış soğan koyun. Üzerine 3 yemek kaşığı sıvı yağ döküp, 2 dakika kavurun. Kavrulmuş soğanın üzerine doğranmış ıspanakları ekleyin. Ispanaklar suyunu salıp, çekene kadar pişirin. Daha sonra pişen ıspanakların üzerine 1 su bardağı hazır garnitür, damak tadınıza göre tuz ve karabiber koyun. Ispanaklı harcı ocak üzerinde kısa bir süre daha kavurun. Beşamel sos için; küçük bir tencere içine 1 yemek kaşığı dolusu tereyağ koyup, eritin. Eriyen yağın üzerine 1 buçuk yemek kaşığı un ekleyin. Unun kokusu çıkana kadar yaklaşık 2 dakika kavurun. Daha sonra 1 buçuk su bardağı sütü azar azar döküp, unun topaklanmaması için sürekli karıştırın. Beşamel sos koyu bir kıvam alana kadar kısık ateş üzerinde pişirin. Hazırladığınız ıspanaklı harcı orta boy bir fırın kabı içine koyup, yayın. Beşamel sosu ıspanaklı harcın üzerine dökün. Son olarak gratenin üzerine bolca rendelenmiş kaşar peynir serpiştirin. Ispanak grateni önceden ısıtılmış 190 derece fırına verin. Üzeri kızarana kadar yaklaşık 20 dakika pişirin."
Kıymalı Fırın Makarna,ana yemek,fırın makarna kavrulmuş kıyma tereyağı un süt tuz rendelenmiş kaşar peynir,"Derin bir tencere içine su koyup, kaynamaya bırakın. Kaynayan suyun içine yarım paket fırın makarna ve biraz tuz koyup, yumuşayana kadar haşlayın. Orta boy bir tencere içine 2 yemek kaşığı tereyağı koyup, eritin. Üzerine 1 buçuk yemek kaşığı un ekleyin. Unun hafifçe kokusu çıkana kadar kavurun. Kavrulan unun üzerine 2 buçuk su bardağı sütü azar azar döküp, unun topaklanmaması için hızlı bir şekilde karıştırın. Hafifçe koyu bir kıvam alana kadar pişirin. Eğer kıvamı çok fazla koyu ise az miktar daha süt ekleyebilirsiniz. Son olarak az miktar tuz koyun. Karıştırıp, ocaktan alın. Daha sonra haşlanan makarnanın suyunu süzün. Makarnayı derin bir kaba koyun. Üzerine hazırladığınız sosu dökün. Ardından kaba 200 gr kavrulmuş kıymayı ekleyin. Kapta bulunan tüm malzemeyi güzelce karıştırın. Kıyma soslu makarnayı yağlanmış küçük dikdörtgen borcam içine koyup, yayın. Üzerine bolca rendelenmiş kaşar peynir serpiştirin. Kıyma soslu makarnayı önceden ısıtılmış 180 derece fırına verin. Üzeri iyice kızarana kadar yaklaşık 15 dakika pişirin. Kıymalı fırın makarna piştikten sonra 10 dakika kadar dinlenmeye bırakın. Dinlenen kıymalı fırın makarnayı dilimleyip, sıcak olarak servis edebilirsiniz."
Tavuklu Patlıcan Kebabı,ana yemek,tavuk kalça eti patlıcan domates salçası soğan yeşil biber sarımsak zeytinyağı tuz karabiber kırmızı pul biber ılık su domates biber,"Geniş bir tencere içine 3-4 yemek kaşığı zeytinyağı koyup, ısıtın. Isınan yağın üzerine 600 gr kuşbaşı doğranmış tavuk kalça etini ekleyin. Tavuk etleri suyunu salıp, hafifçe çekene kadar ara ara karıştırarak, pişirin. Daha sonra tavuk etlerinin üzerine 1 adet orta boy ince ince doğranmış soğan, 2 diş ince ince doğranmış sarımsak ve 2 adet küçük küçük doğranmış yeşil biber koyun. 2-3 dakika kadar ara ara karıştırarak, pişirin. Ardından tencereye 1 yemek kaşığı domates salçası ekleyin. Salçayı da 1-2 dakika kadar tavuk etleri ile birlikte güzelce kavurun. Son olarak tavuklu harcın üzerine damak tadınıza göre tuz, karabiber, kırmızı pul biber ve 1 buçuk su bardağı ılık su dökün. Güzelce karıştırıp, 1-2 taşım kaynatın. Ardından tavuklu harcı küçük yuvarlak borcam fırın kabının içine koyup, güzelce yayın. Diğer tarafta 3 adet orta boy patlıcanın kabuğunu alacalı olarak soyun. Çok küçük olmayacak şekilde küp küp doğrayıp, kızgın yağ içinde güzelce kızartın. Ardından kızaran patlıcanları kağıt havlu serili bir tabak üzerine alıp, yağlarının süzülmesini sağlayın. Daha sonra patlıcanları borcamda ki tavuklu harcın üzerine ekleyin. Kepçe yardımı ile hafifçe karıştırın. Son olarak tavuklu patlıcan kebabının üzerine orta kalınlıkta dilimlenmiş domates ve biber dilimleri yerleştirin. Önceden ısıtılmış 180 derece fırına verin. Yaklaşık 20 dakika kadar pişirin."
Fırında Bal Kabağı Yemeği,ana yemek,bal kabağı kuru soğan sarımsak zeytinyağı kırmızı kapya biber kurutulmuş acı biber su kırmızı toz biber tuz,"Bal kabağını soyup, küçük parçalar halinde kesin. Dikdörtgen ya da yuvarlak bir fırın kabı içine kestiğiniz bal kabaklarını koyun. Kabakların üzerine soğanı yarım ay şeklinde doğrayıp koyun. Kaba iri küpler halinde doğranmış kırmızı kapya biber, kurutulmuş acı biber ve küçük küçük doğranmış sarımsak ekleyin. Sebzelerin üzerine zeytinyağı, damak tadınıza göre tuz, kırmızı toz biber ve su koyun. Tüm malzemeleri eliniz ile iyice karıştırın. Fırın kabını önceden ısıtılmış 180 derece fırına verin. Yaklaşık 40-45 dakika kadar pişirin. Bal kabağı yemeği piştikten sonra fırından çıkartıp, biraz ılımaya bırakın. Ardından servis edebilirsiniz."
Fırında Köfteli Patlıcan Yemeği,ana yemek,patlıcan patates yeşil biber domates sarımsak kıyma soğan yumurta galeta unu tuz karabiber kekik domates salçası biber salçası su,"Derin bir kaba 300 gr kıyma koyun. Üzerine 1 adet yumurta kırın. 1 adet rendelenmiş soğan, 1 diş rendelenmiş sarımsak, 3 yemek kaşığı galeta unu, damak tadınıza göre tuz, karabiber ve kekik ekleyin. Köfte harcını eliniz ile iyice yoğurun. Hazırladığınız köfte harcının üzerini örtüp, buzdolabında 1 saat kadar dinlenmeye bırakın. Daha sonra dinlenen köfteyi buzdolabından çıkarın. Cevizden biraz büyük parçalar alın. Avuç içerisinde yuvarlayıp, oval şekli verin. Köfteleri kızgın yağ içinde hafifçe kızartın. Diğer tarafta 4 adet patlıcanı alacalı olarak soyun. 3 adet patatesinde kabuğunu soyun. Orta büyüklükte küpler halinde kesin. 3 adet yeşil biberin çekirdeklerini temizleyip, 2 parçaya bölün. Sırasıyla patates, patlıcan ve biberleri kızgın yağ içinde hafifçe kızartın. Kızarttığınız sebzeleri orta büyüklükteki bir fırın kabı içine koyup, yayın. Kızaran köfteleri sebzelerin üzerine dizin. Ara kısımlara 2 adet domatesi ve 2 diş sarımsağı ince ince dilimleyip, yerleştirin. Salçalı sos için; bir kaba 1 yemek kaşığı domates salçası, yarım yemek kaşığı biber salçası, 1 buçuk ya da 2 su bardağı su ve az miktar tuz ekleyip, iyice karıştırın. Hazırladığınız salçalı sosu yemeğin üzerine gezdirerek, dökün. Önceden ısıtılmış 180 derece fırına verin. Üzeri kızarana kadar yaklaşık 20 dakika pişirin."
Fırında Kuzu Kaburga,ana yemek,kuzu kaburga zeytinyağı soğan patates kırmızı kapya biber sarımsak kırmızı toz biber tuz,"Kuzu kaburgayı geniş bir kap içine koyun. Kaburgaların üzerine zeytinyağı dökün. Tuz ve kırmızı toz biber ekleyin. Kuzu kaburgaları eliniz ile güzelce harmanlayın. Kabın üzerini streç film ile kapatıp, buzdolabında 1-2 saat marine edin. Marine ettiğiniz kuzu kaburgaları yağlı kağıt serili fırın tepsisi içine dizin. Sebzeleri doğrayın ve kaburgaları marine ettiğiniz kabın içine koyun. Sebzelerin üzerine biraz tuz serpiştirin. Sebzeleri kapta kalan sos ve tuz ile birlikte güzelce harmanlayın. Hazırladığınız kuzu kaburga yemeğinin üzerini hafifçe ıslattığınız yağlı kağıt ile kapatın. Önceden ısıtılmış 190 derece fırına verin. Etler ve sebzeler yumuşayana kadar yaklaşık 50 dakika kontrollü bir şekilde pişirin. Bu süre sonunda yağlı kağıdı alıp, etleri ters çevirin. Bu şekilde de yaklaşık 10 dakika daha pişirmeye devam edin."
Fırında Patates Püreli Tavuk Yemeği,ana yemek,tavuk göğsü kuru soğan kapya biber yeşil biber tuz karabiber patates tereyağı süt beşamel sos rendelenmiş kaşar peynir,"5 adet orta boy patatesin kabuğunu soyup, yıkayın. Patatesleri 3-4 parçaya kesip, tencere içine koyun. Üzerlerini geçecek kadar su dökün. Patatesler yumuşayana kadar pişirin. Patatesler yumuşadıktan sonra suyunu süzün. Üzerine 1 yemek kaşığı tereyağı, 2 yemek kaşığı süt, tuz ve karabiber koyun. Patatesleri iyice ezip, püre haline getirin. Diğer tarafta 500 gr tavuk göğsünü küpler halinde doğrayın. Doğranmış tavuk etini geniş bir tava içine koyun. Üzerine 2-3 yemek kaşığı sıvı yağ ekleyin. Ara ara karıştırarak, pişene kadar kavurun. Daha sonra pişen tavuk etlerin üzerine 1 adet ince ince doğranmış soğan, 1 adet ince ince doğranmş yeşil biber ve 1 adet ince ince doğranmış kapya biberi ekleyin. Tekrar ara ara karıştırarak, biberler yumuşayana kadar pişirin. Pişen tavuk eti harcının üzerine tuz ve karabiber ekleyin. Karıştırıp, ocaktan alın. Daha sonra beşamel sos için; orta boy bir tencere içine 2 yemek kaşığı tereyağı koyup, eritin. Üzerine 2 yemek kaşığı tepeleme un ekleyip, 2 dk kadar kavurun. Ardından kavrulan unun üzerine 2 buçuk su bardağı sütü azar azar döküp, unun topaklanmaması için hızlı bir şekilde karıştırın. Koyu bir kıvam alana kadar pişirin. Eğer kıvamı çok fazla koyu ise az miktar daha süt ekleyebilirsiniz. Son olarak tuz ve karabiber koyup, ocaktan alın. Hazırladığınız patates püresini orta boy kare ya da dikdörtgen bir fırın kabı tabanına eliniz ile eşit bir şekilde yayın. Pürenin üzerine tavuk eti harcını yayın. Tavuk etinin üzerine beşamel sosu gezdirerek, dökün. Son olarak rendelenmiş kaşar peynir serpiştirin. Önceden ısıtılmış 190 derece fırına verin. Üzeri kızarana kadar pişirin. Fırında patates püreli tavuk yemeği piştikten sonra 5 dakika dinlenmeye bırakın. Ardından sıcak olarak servis edebilirsiniz."
Uskumru Pilaki,ana yemek,uskumru fileto soğan domates yeşil biber zeytinyağı elma sirkesi su tuz,"Soğanları halkalar şeklinde kesin ve bir fırın kabına dizin. Domates dilimlerini yerleştirin. Sebzelerin üzerine fileto uskumru balıklarını yerleştirin. Yeşil biberi 3-4 parçaya bölüp, balıkların üzerine yerleştirin. Zeytinyağı, sirke, su ve tuzu karıştırın. Hazırladığınız zeytinyağlı karışımı balıkların üzerine azar azar dökün. Uskumru pilakiyi önceden ısıtılmış 180 derece fırına verin. Üzerleri kızarana kadar yaklaşık 25-30 dakika pişirin."
Sucuklu Hellim Peynirli Yumurta,kahvaltı,küçük kangal sucuk hellim peyniri yumurta tereyağı zeytinyağı çeri domatesi kırmızı pul biber kekik tuz,"Fırında sucuklu hellim peynirli yumurta için; yarım küçük kangal sucuk ve yarım paket (125 gr) hellim peyniri çok küçük olmayacak şekilde küpler halinde kesin. İsteğe göre malzemeleri arttırabilirsiniz. Daha sonra küçük bir fırın kabı içine kestiğiniz sucuk ve hellim peynirlerini koyun. Ardından 6-7 adet çeri domatesi ortadan ikiye kesip, üzerlerine yerleştirin. Malzemelerin üzerine 1-2 yemek kaşığı zeytinyağı gezdirin. Damak tadınıza göre kırmızı pul biber, kekik ve az miktar tuz serpiştirin. Son olarak 1 tatlı kaşığı tereyağı minik minik parçalar halinde sucuk ve hellimlerin üzerine yerleştirin. Hazırladığınız kahvaltılık sucuklu hellim peyniri önceden ısıtılmış 190 derece fırına verin. Yaklaşık 10 dakika kadar pişirin. Pişen sucuklu hellimi fırından çıkartıp, üzerine 2 adet yumurta kırın. Yumurtaları hafifçe karıştırıp, malzemelerin üzerine yayılmasını sağlayın. Tekrar önceden ısıtılmış fırına verip, yaklaşık 3-4 dakika pişirin. Sucuklu hellim peynirli yumurta piştikten sonra fırından çıkartıp, sıcak olarak servis edebilirsiniz."
Bazlamadan Kolay Pizza,ana yemek,büyük boy bazlama rendelenmiş kaşar peynir küçük boy domates yeşil biber yeşil zeytin dilimleri siyah zeytin dilimleri sucuk dilimleri konserve mısır domates salçası yoğurt tuz kekik,"Bazlamadan pizza yapımı için öncelikle pizza sosu hazırlayın. Bir kase içine 1 buçuk yemek kaşığı domates salçası ve 2 yemek kaşığı yoğurt koyun. Ardından biraz tuz ve 1 tatlı kaşığı kekik ekleyip, karıştırın. Sosun üzerine ketçap kıvamında olana kadar ılık su döküp, karıştırmaya devam edin. Diğer tarafta pizzanın üzerinde kullanacağınız malzemeleri hazırlayın. 1 adet büyük boy bazlamayı uzun ve keskin bir bıçak ile ortadan ikiye kesin. Hazırladığınız salçalı sosu bazlamaların üzerine sürün. Rendelenmiş kaşar peynir serpiştirin. Ardından sırayla domates ve sucuk dilimleri yerleştirin. Aralara doğranmış biberleri, zeytin dilimleri ve konserve mısırı serpiştirin. Hazırladığınız bazlamadan pizzayı yağlı kağıt serili bir fırın tepsisi içine koyun. Önceden ısıtılmış 180 derece fırına verip, 6-7 dakika kadar pişirin. Daha sonra bazlamadan pizzayı fırından çıkartın. Üzerine bolca rendelenmiş kaşar peynir serpiştirip, tekrar fırına verin. Kaşar peynirler eriyene kadar pişirin."
Fırında Antrikot,ana yemek,antrikot tereyağı zeytinyağı soya sosu kekik kimyon kırmızı toz biber sarıkmsak tuz,"Antrikot etini güzelce yıkayıp, etin suyunu süzün. Bir kaba 6 yemek kaşığı zeytinyağı ve 1 yemek kaşığı soya sosu koyun. Üzerine 1 tatlı kaşığı kekik, 1 tatlı kaşığı kimyon, 1 çay kaşığı kırmızı toz biber ve isteğe göre 1 diş rendelenmiş sarımsak ekleyin. Tüm malzemeleri kaşık ile iyice karıştırın. Antrikot etini küçük derin bir kaba koyun. Üzerine hazırladığınız sosu dökün. Bu sos içerisinde antrikot etini en az 2 saat marine edin. Daha sonra geniş bir döküm tavayı ocağa koyup, kızdırın. Ardından marine edilmiş antrikot eti tavaya düzgünce koyun. Yüksek ateşte eti 4 dk boyunca ellemeden mühürlenmesini bekleyin. Daha sonra diğer tarafını çevirin. Aynı sürede tekrar mühürlenmesini sağlayın. Mühürlenen eti döküm tava içinde önceden ısıtılmış 180 derece fırına verip, 30-35 dk kadar pişirin. Fırında antrikot eti piştikten sonra üzerine 1 tatlı kaşığı tereyağ sürüp, sıcak olarak servis edebilirsiniz."
Fırında Karnabahar Kızartması,ana yemek,karnabahar yumurta un süt tuz sarımsaklı yoğurt maydanoz,"Karnabaharı dallarına ayırıp, yıkayın. Derin bir tencere içine alın. Üzerine su, az miktar tuz ve biraz sirke ekleyip, haşlayın. Karnabahar haşlandıktan sonra suyunu süzüp, ılımaya bırakın. Orta boy bir kap içine 2 adet yumurta kırın. Üzerine 1 çay kaşığı tuz ekleyip, iyice çırpın. Ardından 3 yemek kaşığı un koyup, tekrar iyice çırpın. Daha sonra 5 yemek kaşığı sütü (daha fazla da süt eklenebilir) azar azar ekleyip, krep hamuru gibi akışkan bir hamur haline gelene kadar karıştırın. Soğuyan karnabaharları yumurtalı karışıma bulayın. Yağlanmış fırın kabı içine yerleştirin. Önceden ısıtılmış 190 derece fırına verin. Üzeri hafifçe kızarana kadar pişirin. Hazırladığınız fırında karnabahar kızartmasının üzerini sarımsaklı yoğurt ya da sadece ince ince doğranmış maydanoz ile süsleyerek, servis edebilirsiniz."
Patlıcanlı Patatesli Musakka,ana yemek,kıyma patlıcan patates domates soğan sarimsak sivri biber zeytinyağı tuz karabiber,"Orta boy geniş bir tencere içine 4 yemek kaşığı zeytinyağı koyun. Üzerine 1 adet ince ince doğranmış soğan ve 2 diş rendelenmiş sarımsak ekleyip, 1 dakika kadar kavurun. Daha sonra 300 gr kıyma koyun. Kıymayı sürekli karıştırarak, 10 dk pişirin. Kıyma harcı üzerine 1 adet küpler halinde doğranmış domates ve 2 adet ince ince doğranmış sivri biber ekleyin. Harcı güzelce karıştırın. Tencerenin kapağını kapatıp, domates ve biberler yumuşayana kadar pişirin. Son olarak kıymalı harç piştikten sonra damak tadınıza göre tuz ve karabiber ekleyip, karıştırın. Ocağın altını kapatın. Diğer tarafta 2 adet orta boy patatesin kabuğunu soyup, çok kalın ve ince olmayacak şekilde halkalar halinde kesin. Kızgın yağ içinde patatesleri kızartın. Ardından da 2 adet büyük boy patlıcanı alacalı soyup, çok kalın olmayacak şekilde halkalar halinde kesin. Patatesleri kızarttıktan sonra patlıcanları da kızgın yağ içinde kızartın. Kızarttığınız patlıcan ve patatesleri orta boy bir fırın kabı tabanına karışık bir şekilde dizin. Üzerine hazırladığınız kıymalı harcı döküp, yayın. Önceden ısıtılmış 180 derece fırına verin. Yaklaşık 15-20 dk pişirin. Patlıcanlı patatesli musakka yemeği piştikten sonra fırından çıkartıp, sıcak olarak servis edebilirsiniz."
Fırında Beşamel Soslu Kıymalı Makarna,ana yemek,makarna kıyma soğan domates zeytinyağı tuz karabiber tereayağı un süt rendelenmiş kaşar peynir,"500 gr kıymayı tencere içine koyun. Üzerine 2 yemek kaşığı zeytinyağı dökün. Sürekli karıştırarak, 5 dakika kadar pişirin. Ardından kıymanın üzerine 1 adet ince ince doğranmış soğanı ekleyip, 5 dakika daha bu şekilde pişirin. 2 adet domatesi minik küpler halinde kesin. Kavrulmuş kıymanın üzerine doğranmış domatesleri, az miktarda tuz ve karabiber koyun. Yaklaşık 10 dakika kadar ara ara karıştırarak pişirin. Beşamel sos için; orta boy derin bir tencere içine 2 yemek kaşığı tereyağ koyup, eritin. Üzerine 3 yemek kaşığı un ekleyin. Unu 3-4 dakika kadar kavurun. Daha sonra 4-4,5 su bardağı arası sütü azar azar döküp, unun topaklanmaması için hızlı bir şekilde sürekli karıştırın. Beşamel sos hafif koyu bir kıvam alana kadar pişirin. Son olarak tuz ve karabiber de ekleyin. Karıştırıp, ocaktan alın. Haşladığınız makarnanın suyunu süzüp, derin bir kaba koyun. Üzerine beşamel sosun tamamını dökün. Kaşık yardımı ile iyice karıştırın. Ardından kıymalı harcı da koyun. Tekrar kaşık ile iyice karıştırın. Orta boy bir fırın kabı içine kıymalı soslu makarnanın yarısını koyup, yayın. Üzerine rendelenmiş kaşar peynir serpiştirin. Peynirin üzerine kalan kıyma soslu makarnayı da koyup, yayın. Tekrar üzerine bolca rendelenmiş kaşar peynir serpiştirin. Önceden ısıtılmış 180 derece fırına verin. Üzeri kızarıncaya kadar yaklaşık 15-20 dakika pişirin. Fırında beşamel soslu kıymalı makarna piştikten sonra 5 dakika kadar dinlenmeye bırakın. Dinlenen beşamel soslu kıymalı makarnayı dilimleyerek, servis edebilirsiniz."
Fırında Kuzu Pirzola,ana yemek,kuzu pirzola kekik kimyon çerliston biber kırmızı biber domates sıvıyağ tuz,"4 adet kuzu pirzolayı bir kaba koyun. Üzerine damak tadınıza göre tuz, 1 tatlı kaşığı kekik ve 1 çay kaşığı kimyon ekleyin. Tüm malzemeleri eliniz ile iyice harmanlayın. Geniş bir tava içine biraz sıvı yağ koyup, kızdırın. Yağın içine harmanladığınız pirzola etlerini koyun. Tavanın kapağını kapatın. Pirzola etlerin her iki tarafını orta ateşte pişirin. Pişen kuzu pirzolaları tavadan alın. *Kemik kısımlarını alüminyum folyo ile sarın. Diğer tarafta 1 adet yeşil biber ve 1 adet kırmızı biberin çekirdek kısmını temizleyip, orta büyüklükte doğrayın. Fırın kabının tabanına doğradığınız biberleri koyun. Biberlerin üzerine pirzola etlerini yerleştirin. Pirzolaların üzerine dilimlediğiniz 1 adet domatesi de ekleyin. Son olarak domates ve biberlerin üzerine kekik ve biraz tuz serpiştirin. Fırın kabının üzerini alüminyum folyo ile kapatın. Önceden ısıtılmış 180 derece fırına verin. Yaklaşık 20 dakika kadar pişirin. Pişen fırında kuzu pirzolaları servis tabağına alın. Sıcak olarak servis edebilirsiniz."
Patatesli Ispanak Graten,ana yemek,patates ıspanak soğan kırmızı biber sıvı yağ tuz tereçağ un süt karabiber rendelenmiş kaşar peynir,Soğan ve kırmızı biberi kavurun. Ispanakları ekleyin ve suyunu salıp çekene kadar kavurun. Patatesleri halkalar halinde kesin. Patatesleri borcam içine dizin. Ispanaklı karışımı patateslerin üzerine yayın. Beşamel sosu hazırlayın. Beşamel sosu ıspanakların üzerine dökün. Rendelenmiş kaşar peynir serpiştirin. Fırında 15 dakika pişirin.
Kabak Graten,ana yemek,kabak dereotu zeytinyağı tereçağı un süt tuz karabiber rendelenmiş kaşar peynir,"Kabakları soyup, yıkayın ve halkalar halinde dilimleyin. Borcama zeytinyağı dökün ve kabakları kat kat dizin. Her kata zeytinyağı gezdirin ve tuz serpiştirin. Kabakları 190 derece fırında 25 dakika pişirin. Beşamel sos için tereyağını eritin ve un ekleyin. Unu kavurun ve süt ekleyin. Beşamel sosu pişirin ve tuz, karabiber ekleyin. Kabakların üzerine beşamel sosu gezdirin ve rendelenmiş kaşar peynir serpiştirin. Kabak grateni 10-15 dakika fırında pişirin."
Acılı Ekmek Dilimleri,atıştırmalık,bayat ekmek rendelenmiş kaşar peynir yoğurt yumurta sumak kırmızı pul biber tuz,"Küçük bir kap içine 1 adet yumurta kırın. Üzerine 2 yemek kaşığı yoğurt ve az miktar tuz ekleyip, iyice çırpın. Daha sonra yoğurtlu karışımın içine 4 yemek kaşığı rendelenmiş kaşar peynir, 1,5 tatlı kaşığı kırmızı pul biber ve 1 çay kaşığı kadar sumak ekleyip, iyice karıştırın. Diğer taraftan 5 adet orta boy bayat ekmek dilimlerini bir fırın kabı içine dizin. Üzerlerine hazırladığınız pulbiberli karışımı paylaştırın. İsteğe göre üzerlerine kırmızı küçük kurutulmuş acı biberlerden koyabilirsiniz. Hazırladığınız acılı ekmek dilimlerini önceden ısıtılmış 180 derece fırına verin. Üzerleri hafifçe kızarana kadar yaklaşık 7-8 dakika pişirin. Acılı ekmek dilimleri piştikten sonra fırından çıkartıp, sıcak olarak servis edebilirsiniz."
Bayat Ekmek Pidesi,kahvaltı,bayat ekmek dilimi rendelenmiş kaşar peynir yoğurt yumurta kavurma tuz kırmızı toz biber,"Küçük bir kaba 1 adet yumurta kırın. Üzerine 2 yemek kaşığı yoğurt ve az miktar tuz ekleyip, iyice çırpın. Diğer taraftan 5 adet orta boy bayat ekmek dilimlerini bir fırın kabı içine dizin. Üzerlerine yoğurtlu karışımı paylaştırın. Daha sonra ekmeklerin üzerlerine rendelenmiş kaşar peynir serpiştirin. 100 gr kavurma eti küçük küpler halinde kesin. Ekmek dilimlerinin üzerlerine paylaştırın. Son olarak bayat ekmek pidesi üzerine kırmızı toz biber serpiştirin. Hazırladığınız bayat ekmek pidelerini önceden ısıtılmış 180 derece fırına verin. Üzerleri hafifçe kızarana kadar yaklaşık 7-8 dakika pişirin."
Beşamel Soslu Biftek,ana yemek,dana biftek zeytinyağı kırmızı toz biber karabiber tuz Beşamel Sos İçin: tereyağı Beşamel Sos İçin: un Beşamel Sos İçin: süt Üzeri İçin: rendelenmiş kaşar peynir,"İlk olarak 3 adet dana bifteği orta boy bir kap içine koyun. Üzerine az miktarlarda karabiber, tuz ve kırmızı toz biber ekleyin. Yarım çay bardağı zeytinyağı döküp, etleri eliniz ile iyice harmanlayın. Ardından kabın üzerini streç film ile örtüp, etleri en az 3-4 saat kadar marine edin. Daha sonra etleri kızgın tava içine koyun. Arkalı önlü pişirin. Biftekler piştikten sonra tavadan alın. Küçük bir fırın kabı içine yerleştirin. Beşamel sos için; küçük bir tencere içine 1 yemek kaşığı tereyağ koyup, eritin. Üzerine 1 yemek kaşığı un ekleyip, 1 dakika kadar kavurun. Daha sonra 1 su bardağı sütü azar azar döküp, unun topaklanmaması için sürekli karıştırın. Beşamel sos koyulaşıncaya kadar kısık ateş üzerinde 2-3 dakika kadar pişirin. Son olarak tuz ve karabiberini de ekleyip, ocaktan alın. Hazırladığınız beşamel sosu etlerin üzerine dökün. Son olarak rendelenmiş kaşar peynir serpiştirin. Beşamel soslu biftekleri önceden ısıtılmış 180 derece fırına verin. Üzerleri kızarana kadar yaklaşık 10 dakika pişirin."
4 Peynirli Tortilla Pizza,ana yemek,tortilla ekmeği domates salçası biber salçası zeytinyağı kaşar peynir mozarella peyniri cheddar peyniri parmesan peyniri tuz karabiber kekik fesleğen,"Küçük bir kaba yarım tatlı kaşığı domates ve biber salçasını koyun. Üzerine 1 yemek kaşığı zeytinyağ, tuz, karabiber, kekik ve fesleğen ekleyip, iyice karıştırın. 1 adet tortillayı tezgahın üzerine koyun. Üzerine salçalı sosu fırça yardımı ile sürün. Sırayla rendelenmiş kaşar peyniri, parmesan peyniri, mozarella peyniri ve cheddar peyniri tortillanın üzerine serpiştirin. Hazırladığınız dört peynirli tortilla pizzayı önceden ısıtılmış fırına verin. Peynirler tamamen eriyene kadar pişirin. Pişen dört peynirli tortilla pizzayı fırından çıkartın. Pizza bıçağı ile dilimleyerek, sıcak olarak servis edebilirsiniz."
Eski Kaşarlı Mantar Graten,ana yemek,mantar tere yağı Eski Kaşar tuz,"Yarım paket mantarın kabuklarını soyup, nemli bir bez ile silin. Mantarları güveç kabına yerleştirin. Mantarların iç kısımlarına bir miktar tereyağı koyun. Mantarların üzerlerine tuz serpiştirin. Son olarak mantarların üzerlerine küpler halinde doğranmış eski kaşar peynirleri koyun. Eski kaşarlı mantarları önceden ısıtılmış 200 derecelik fırına verin. Peynirlerin üzeri kızarana kadar pişirin."
Fırında Peynirli Makarna,ana yemek,kelebek makarna tereyağı zeytinyağı lor peynir beyaz peynir kaşar peynir maydanoz tuz Üzerinin Sosu İçin: rendelenmiş kaşar peynir yumurta un,"Derin bir tencere içine su koyup, kaynamaya bırakın. Kaynayan suyun içine 1 paket kelebek makarna ve üzerine biraz tuz koyup, yumuşayana kadar haşlayın. Diğer tarafta derin bir kaba 1 buçuk su bardağı lor peynir, 1 buçuk su bardağı parçalanmış beyaz peynir, yarım su bardağı rendelenmiş kaşar peynir, yarım demet ince ince doğranmış maydanoz ve damak tadınıza göre tuz ekleyip, karıştırın. Süzün. Makarna sıcakken üzerine 1 yemek kaşığı dolusu tereyağı ve yarım çay bardağı zeytinyağı ekleyip, karıştırın. Ardından peynirli karışımı makarnanın üzerine ekleyip, tekrar karıştırın. Yağlanmış büyük kare borcam içine peynirli makarna karışımını boşaltıp, yayın. İsteğe göre biraz daha büyük bir fırın kabı kullanabilirsiniz. Fırında peynirli makarnanın sosu için; bir kaba 4 adet yumurta kırıp, iyice çırpın. Üzerine 1 yemek kaşığı un ve 1 su bardağı rendelenmiş kaşar peynir koyup, karıştırın. Sosu makarnanın üzerine kaşık yardımı ile dökerek, gezdirin. Önceden ısıtılmış 190 derece fırına verip, üzeri iyice kızarana kadar yaklaşık 25 dakika pişirin."
Fırında Baharatlı Kruton (Kıtır Ekmek),atıştırmalık,ekmek zeytinyağı Kırmızı Pul Biber Kekik,"Ekmekleri kesme tahtası üzerine koyun. Keskin, düz uçlu bir bıcak yardımı ile küçük küpler halinde kesin. Diğer yandan orta boy bir karıştırma kabına, 4 yemek kaşığı zeytinyağ koyun. Üzerine pul biber ve kekik serpiştirin. Bir kaşık yardımı ile baharatları zeytinyağı ile karıştırın. Hazırladığınız zeytinyağlı baharatlı karışımın içine küp küp kestiğiniz ekmek parçalarını atın. Bir çatal yardımı ile ekmek parçaların zeytinyağlı karışıma iyice bulanmasını sağlayın. Fırında baharatlı kruton (kıtır ekmek) için, orta boy bir fırın tepsine yağlı kağıt serin. Üzerine zeytinyağlı karışıma buladığınız ekmek parçalarını hafif aralıklı olacak şekilde yaydırın. Önceden ısıtılmış 180 derece fırında, baharatlı krutonları 20-25dk kadar pişirin. Üzerleri kızardıktan sonra,fırında baharatlı krutonları, fırından çıkartıp, kullanabilirsiniz."
Fırında Baharatlı Çatlak Patates,ana yemek,taze patates zeytinyağı kekik kırmızı pulbiber tuz,"10 adet taze patatesin kabuklarını çok fazla zedelemeden hafifçe fırçalayarak, yıkayın. Daha sonra derin bir tencere içine taze patatesleri koyun. Üzerlerine çıkacak kadar sıcak su döküp, parçalanmayacak şekilde haşlayın. Haşlanan taze patateslerin suyunu süzüp, soğumaya bırakın. Daha sonra patateslerin üzerine elinizin  iç kısmı ile yani ayası ile bastırıp, çatlamasını sağlayın. Çatlayan taze patatesleri fırın kabı içine dizin. Üzerlerine tuz, kekik ve kırmızı pul biber serpiştirin. Her bir patatesin üzerine zeytinyağı gezdirin. Önceden ısıtılmış 180 dereceli fırına verin. Üzerleri hafifçe kızarana kadar pişirin."
Fırında Çinekop,ana yemek,çinekop balığı limon suyu zeytinyağı kekik tuz,"Orta boy bir fırın kabı içine 4 adet çinekop balığını dizin. Sosu için; küçük bir kaba 4 yemek kaşığı zeytinyağı, 4 yemek kaşığı limon suyu, 1 çay kaşığı kekik ve tuz ekleyip, iyice karıştırın. Daha sonra çinekopların üzerine hazırladığınız sosu dökün. Önceden ısıtılmış 180 derece fırına verin. Kızarana kadar yaklaşık 20 dakika pişirin."
Fırında Domates Soslu Kaşarlı Köfte,ana yemek,kıyma galeta unu yumurta soğan sarimsak maydanoz tuz karabiber kekik kimyon Domates Sosu İçin rendelenmiş kaşar peynir,"Derin bir kaba 400 gr kıyma koyun. Üzerine 1 adet yumurta kırın. Ardından 1 adet rendelenmiş soğan, 2 yemek kaşığı galeta unu, 2 tutam ince ince doğranmış maydanoz, tuz ve baharatları da ekleyip, iyice yoğurun. Hazırladığınız köfte harcını 30 dk kadar buzdolabında dinlendirin. Daha sonra hazırladığınız köfte harcından ceviz büyüklüğünde parçalar alıp, elinizde oval biçiminde şekil verin. Yağlanmış bir fırın kabına, köfteleri yan yana dizin. Önceden ısıtılmış 180 dereceli fırına verip, tam pişirmeden sadece üzerlerini kızartın. Hafif kızaran köfteleri fırından çıkartın. Üzerine hazırladığınız domates sosunu güzelce dökün. 3 adet yeşil biberi 2-3 parçaya kesip, köftelerin kenarlarına yerleştirin. Köfteleri tekrar fırına verip, 7-8 dk kadar pişirin. Daha sonra domates soslu köfteleri fırından alıp, üzerine rendelenmiş kaşar peyniri serpiştirin. Son kez köfteleri tekrar fırına verip, kaşar peynirleri eriyene kadar pişirin."
Fırında Galeta Unlu Çıtır Tavuk Pirzola,ana yemek,tavuk pirzola yumurta galeta unu zeytinyağı kırmızı toz biber kekik köri kimyon tuz,"Tavuk pirzolalarının derilerini çıkartın. Yıkayıp, süzmeye bırakın. Tavuk pirzolalarını geniş bir kaba alın. Üzerine zeytinyağı, tuz, kekik, kırmızı toz biber, köri ve kimyon ekleyip, iyice harmanlayın. Bu şekilde 1-2 saat kadar buzdolabında dinlenmeye bırakın. 1 kap içine yumurta koyup, iyice çırpın. Başka bir kap içine galeta unu koyun. Dinlenen tavuk pirzolalarını ilk önce arkalı önlü yumurtaya ardından galeta ununa bulayın. Yağlı kağıt serili fırın kabı içine koyun. Önceden ısıtılmış 180 derecelik fırına verin. Kızarana kadar yaklaşık 20 dakika pişirin."
Fırında Havuç Kızartması,ana yemek,havuç zeytinyağı tuz maydanoz,"Havuçları yıkayıp, kurulayın. Havuçları halkalar halinde kesin. Havuçları tencereye koyun, üzerini geçecek kadar su ve az miktar tuz ekleyin. Hafifçe yumuşayana kadar haşlayın. Haşlanan havuçların suyunu süzün. Orta boy bir fırın kabı içine dizin. Üzerine 2 yemek kaşığı zeytinyağı gezdirin. Önceden ısıtılmış 180 derece fırına verip, üzeri hafifçe kızarana kadar pişirin. Fırında havuç kızartmasının üzerini 1 tutam ince ince doğranmış maydanoz ile süsleyerek, servis edebilirsiniz."
Fırında Kahvaltılık Ekmek Dilimleri,kahvaltı,yumurta domates yeşil biber sarimsak tereyağı kaşar peynir tuz ekmek,"Küçük bir kaba 1 adet yumurta kırıp, iyice çırpın. 1 adet domatesin kabuğunu soyup, minik küpler halinde kesin. 1 adet yeşil biberi ve 1 diş sarımsağı da ince ince doğrayın. Çırptığınız yumurtanın içine doğranmış domates, biber ve sarımsağı koyun. Damak tadınıza göre tuz ekleyip, karıştırın. Daha sonra 5 dilim ekmeği fırın kabı içine dizin. Üzerlerine biraz tereyağı sürün. Hazırladığınız yumurtalı domatesli biber harcını paylaştırın. Önceden ısıtılmış fırına verip, pişirin. Kahvaltılık ekmek dilimleri piştikten sonra fırından çıkartın. Üzerlerine rendelenmiş kaşar peynir serpiştirip, tekrar fırına verin. Peynirler eriyene kadar pişirin."
Fırında Kaşarlı Köfte Ve Patates,ana yemek,kıyma galeta unu yumurta soğan maydanoz patates domates domates salçası su Kaşar peyniri Tuz Karabiber Kekik Kimyon,"Köfte için; Derin bir kaba 300 gr kıyma koyun. Üzerine 1 adet yumurta kırın. Ardından 1 adet rendelenmiş soğan, 2 yemek kaşığı galeta unu, 2 tutam ince ince doğranmış maydanoz, tuz ve baharatları ekleyin. Köfte harcını iyice yoğurun. Hazırladığınız köfte harcını 10 dk kadar buzdolabında dinlendirin. Diğer taraftan 3 adet patatesin kabuklarını soyup, iyice yıkayın. Ardından patatesleri, halkalar halinde dilimleyin. Dilimlenmiş patatesleri kızgın yağ içinde hafifçe kızartın. Daha sonra köfte harcından ceviz büyüklüğünde parçalar alın. Elinizde yuvarlak şekil verip, kızgın yağ içinde kızartın. Orta boy bir fırın kabına kızarttığınız patateslerin bir kısmını koyun. Üzerlerine kızarttığınız köfteleri de ekleyin. Tekrardan köftelerin üzerine kalan patates dilimlerini yerleştirin. Son olarak patates dilimlerinin üzerlerine 2 adet dilimlenmiş domates dilimlerini koyun. Daha sonra bir kap içine, 1 yemek kaşığı domates salçası ve 1 su bardağı su ekleyip, karıştırın. Hazırladığınız salçalı sosu fırın kabının içine dökün. Köfteli kaşarlı köfte yemeğini, önceden ısıtılmış 200 dereceli fırına verip, 30 dk kadar pişirin. Köfteli kaşarlı köfte yemeğini tam pişmeye yakın fırından alın. Üzerlerine kaşar peynir dilimleri ekleyip, tekrar fırına verip, kızarana kadar pişirin."
Fırında Kaşarlı Tavuk Yemeği,ana yemek,kuşbaşı doğranmış tavuk göğsü mantar soğan sivri biber domates zeytinyağı tuz karabiber Kaşar peynir,"Derin bir tencere içine 2 yemek kaşığı zeytinyağ koyup, ısıtın. Üzerine 500 gr doğranmış tavuk göğsünü ekleyip, 3 dakika kadar soteleyin. Daha sonra 1 adet ince ince doğranmış soğan, 1 adet sivri biber ve 1 adet domates koyup, 1-2 dakika kavurun. Son olarak küpler halinde doğranmış mantarları, tuz ve karabiber koyup, 5 dakika pişirin. Hazırladığınız tavuklu harcı geniş bir fırın kabına koyun. Üzerine rendelenmiş kaşar peynir serpiştirin. Önceden ısıtılmış 180 dereceli fırına verin. 10-15 dakika kadar pişirin."
Fırında Kılçıksız Hamsi,ana yemek,hamsi zeytinyağı limon suyu kekik maydanoz tuz,"Yarım kilo hamsinin kılçıklarını ayıklayıp, yıkayın. Süzgeç içerisinde bir süre süzmeye bırakın. Daha sonra orta boy bir fırın kabı içine ayıklanmış hamsileri dizin. Ardından sosu için küçük bir kaba 5 yemek kaşığı zeytinyağı, 5 yemek kaşığı limon suyu, 1 çay kaşığı kekik ve tuz koyup, iyice karıştırın. Hazırladığınız sosu hamsilerin üzerine gezdirin. İsteğe göre az miktar kırmızı toz biber de serpiştirebilirsiniz. Önceden ısıtılmış 180 derece fırına verin. Üzerleri kızarana kadar yaklaşık 20 dakika pişirin. Fırında kılçıksız hamsi piştikten sonra üzerine 1 tutam ince ince doğranmış maydanoz serpiştirip, servis edebilirsiniz."
Fırında Kıymalı Yumurta,ana yemek,kıyma yumurta kuru soğan sarımsak zeytinyağı tuz karabiber kırmızı pul biber,"Orta boy bir tencereyi ocak üzerine alıp, ısıtın. Isınan tencerenin içine 100 gr kıyma ekleyin. Sürekli karıştırarak, pişirin. Daha sonra pişmeye yakın kıymanın üzerine 1 adet küçük boy ince ince doğranmış soğan, 1 diş ince ince doğranmış sarımsak ve 2 yemek kaşığı zeytinyağı koyun. Ara ara karıştırarak, 6-7 dakika kadar pişirin. Son olarak damak tadınıza göre tuz ve karabiber ekleyip, karıştırıp, ocaktan alın. Pişen kıymayı küçük boy bir fırın kabı içine alıp, yayın. Yumurtaları kırmak için kaşıkla çukurlar açın. Çukur kısımlara yumurtaları kırın. Önceden ısıtılmış 180 derece fırına verip, pişirin. Fırında kıymalı yumurta piştikten sonra üzerine kırmızı pul biber serpiştirip, sıcak olarak servis edebilirsiniz."
Fırında Kremalı Domatesli Makarna,ana yemek,fırın makarna domates krema tuz karabiber rendelenmiş kaşar peynir,"Makarnayı tencereye koyun. Üzerini örtecek kadar sıcak su dökün. Suyun içine tuz ve karabiber ekleyin. 2-3 dakika kaynatın. Daha sonra makarnanın üzerine 1/2 su bardağı doğranmış domates ekleyin. Tencerenin kapağını açık olarak kaynatıp, suyunu çektirin. Suyu çeken makarnanın üzerine 1/2 paket krema koyup, iyice karıştırın. Daha sonra orta boy bir fırın kabına kremalı domatesli makarnayı koyun. Üzerine rendelenmiş kaşar peynir serpiştirin. Önceden ısıtılmış 190 dereceli fırına verin. Yaklaşık 15 dakika pişirin."
Fırında Mantarlı Patates,ana yemek,mantar soğan patates kaşar peynir tereyağı tuz karabiber,"Patatesleri minik küpler halinde doğrayın. Kızgın yağ içinde kızartın. 1 paket mantarı yıkayıp, ince dilimler halinde doğrayın. Tavaya 1 tatlı kaşığı tereyağ koyup, eritin. Soğanları ekleyip, 3-4 dakika soteleyin. Ardından mantarları koyun. Son olarak tuz ve karabiber ekleyin. 5-6 dakika pişirin. Kızaran patatesleri fırın kabına koyun. Üzerine mantarlı karışımı ekleyin. Mantarlı patatesin üzerine rendelenmiş kaşar peynir serpiştirin. Önceden ısıtılmış 190 dereceli fırına verin. Peynirler eriyene kadar pişirin."
Fırında Patates,ana yemek,patates zeytinyağı tuz kekik kırmızı toz biber kimyon,"Patatesleri soyun ve yıkayın. Büyük küpler halinde kesin. İsteğe göre elma dilimi şeklinde de kesebilirsiniz. Derin bir kap içine kestiğiniz patatesleri koyun. Üzerine zeytinyağı, tuz, kırmızı toz biber, kimyon ve kekik koyup, eliniz ile iyice harmanlayın. Baharatlı patatesleri yağlı kağıt serili fırın tepsisi ya da teflon bir tepsi içine koyun. Önceden ısıtılmış 190 derece fırına verin. Üzerleri kızarana kadar yaklaşık 25 dakika pişirin."
Firinda Patates Köfte,ana yemek,kıyma galeta unu yumurta soğan maydanoz zeytinyağı patates tuz karabiber kekik kimyon kırmızı toz biber,"2 adet patatesin kabuğunu soyup, küpler halinde doğrayın. Derin bir kap içine doğradığınız patatesleri koyun. Üzerine tuz, kekik, kırmızı toz biber ve 4 yemek kaşığı kadar zeytinyağ ekleyip, iyice harmanlayın. Harmanladığınız patatesleri orta boy bir fırın kabı içine yayın. Önceden ısıtılmış 180 dereceli fırına verip, kızartın. Diğer taraftan köfte harcı için; derin bir kaba 250 gr kıyma koyun. Üzerine 1 adet yumurta kırın. Ardından 1 adet rendelenmiş soğan, 1 yemek kaşığı galeta unu, ince ince doğranmış 1 tutam maydanoz ekleyin. Son olarak tuz, kekik, karabiber ve kimyon serpiştirip iyice yoğurun. Hazırladığınız köfte harcından küçük parçalar alıp, elinizde yuvarlayın. Ardından köfteleri kızgın yağ içinde hafifçe kızartın. Daha sonra pişen patatesi fırından çıkartıp, üzerine kızarmış köfteleri koyun. Tekrar fırına verip, 5 dk kadar pişirin."
Fırında Patatesli Et Yemeği,ana yemek,kemikli kuzu eti patates domates salçası et suyu su tuz,"Derin bir tencere içine 4 adet kemikli kuzu eti koyun. Üzerine çıkacak kadar su döküp, kemikli etler yumuşayana kadar pişirin. 3 adet patatesin kabuklarını soyup, yıkayın. Yıkadığınız patatesleri elma dilimleri şeklinde doğrayıp, kızgın yağ içinde kızartın. Kızaran patatesleri fırın kabının tabanına dizin. Üzerlerine pişen kemikli kuzu etlerini koyun. Bir kaba 1 yemek kaşığı domates salçası koyun. Üzerine 1 çay bardağı et suyu ve yarım çay bardağı su döküp, iyice karıştırın. Hazırladığınız salçalı sosu etlerin üzerine gezdirin. Patatesli et yemeğini önceden ısıtılmış 180 dereceli fırına verin."
Fırında Patlıcanlı Tavuk İncik,ana yemek,tavuk incik bostan patlıcanı zeytinyağı kekik kimyon kırmızı toz biber tuz domates yeşil biber,"Derin bir kaba 6 adet tavuk inciği koyun. Üzerine hafifçe çıkacak kadar zeytinyağı dökün. Ardından tuz, az miktarlarda kimyon ve kekik ekleyip, iyice harmanlayın. Bu şekilde yarım saat buzdolabında dinlenmeye bırakın. Daha sonra 1 adet orta boy bostan patlıcanı alacalı soyun. Çok kalın ve ince olmayacak şekilde halkalar halinde kesin. Küçük bir kaba 1 küçük çay bardağı zeytinyağı koyun. Üzerine de az miktar kırmızı toz biber ve tuz serpiştirip, karıştırın. Kestiğiniz patlıcanları arkalı önlü yağlı karışıma bulayıp, fırın kabı içine dizin. Önceden ısıtılmış 180 derece fırına verip, üzerleri kızarana kadar pişirin. Kızaran patlıcanları fırından çıkartıp, üzerlerine 6 adet tavuk inciği dizin. Tavuk inciklerin üzerlerini domates ve biber dilimleri ile süsleyin. Önceden ısıtılmış 180 derece fırına verin. Tavuk etlerin üzerleri kızarana kadar yaklaşık 25 dakika pişirin. Fırında patlıcanlı tavuk incik piştikten sonra sıcak olarak servis edebilirsiniz."
Fırında Salçalı Biftek,ana yemek,biftek zeytinyağı tuz kimyon domates salçası su kekik,"Bifteği genişçe orta boy bir kap içine alın. Üzerlerine 1 çay bardağı zeytinyağı, az miktar tuz ve kimyon ekleyip, eliniz ile harmanlayın. Etleri 1-2 saat kadar marine edin. Genişçe bir tavayı ocak üzerine alıp, kızdırın. Kızgın tava içine marine ettiğiniz etleri koyup, her iki tarafı mühürleyin. Her iki tarafı yaklaşık 4 er dakika kadar kısa bir süre pişirin. Sos için, hafifçe derin bir kap içine yarım yemek kaşığı domates salçası koyun. Üzerine 1 su bardağından iki parmak az su döküp, salçayı iyice ezin. Daha sonra az miktar tuz ve kekik ekleyip, karıştırın. Mühürlediğiniz etleri orta boy bir fırın kabı içine koyun. Üzerlerine hazırladığınız salçalı sosu dökün. Kabın üzerini alimünyum folya ile kapatın. Önceden ısıtılmış 180 derece fırına verin. Yaklaşık 25-30 dakika kadar pişirin. Daha sonra alimünyum folyayı kaldırıp, 5-10 dakika kadar daha pişirin."
Fırında Salçalı Patates Kızartması,ana yemek,patates zeytinyağı domates salçası kırmızı pul biber kekik tuz su,"Patateslerin kabuklarını soyup, yıkayın. Köstekler halinde kesin. Derin bir kap içine kestiğiniz patatesleri koyun. Üzerine zeytinyağı, domates salçası, kırmızı pul biber, kekik ve tuz ekleyin. Eliniz ile iyice harmanlayın. Salça soslu patatesleri fırın kabına koyup, yayın. Fırın kabının tabanına su dökün. Önceden ısıtılmış 190 derece fırına verin. Patatesler yumuşayıp, üzerleri kızarana kadar pişirin."
Fırında Sarımsaklı Ekmek,atıştırmalık,ekmek tere yağı kaşar peynir sarımsak maydanoz,"2 diş sarımsağın kabuğunu soyup, ince ince doğrayın. Küçük bir kaba 2 yemek kaşığı tereyağ koyun. Üzerine doğranmış sarımsakları ekleyip, karıştırın. Daha sonra ekmek dilimlerinin üzerine sarımsaklı tereyağı karışımından sürün. Son olarak ekmek dilimlerinin üzerine rendelenmiş kaşar peynir ve ince ince doğranmış 1 tutam maydanoz serpiştirin. Önceden ısıtılmış 180 dereceli fırına verin. Üzerleri kızarana kadar pişirin. Pişen sarımsaklı ekmek dilimlerini fırından çıkartın. Sıcak ya da soğuk olarak servis edebilirsiniz."
Fırında Soslu Kuzu Pirzola,ana yemek,kuzu pirzola kekik kimyon tereyağı domates salçası ılık su arpacık soğan sıvıyağ tuz,"Bir kabın içerisine 4 adet kuzu pirzola koyun. Üzerine tuz, kekik ve kimyon serpiştirin. Tüm malzemeleri eliniz ile iyice harmanlayın. Geniş bir tava içine 1 çay bardağı sıvıyağ koyup, kızdırın. Yağın içine harmanladığınız pirzolaları ekleyin. Tavanın kapağını kapatıp, pirzolaların her iki tarafını da pişirin. Fırın kabının tabanını bir miktar tereyağ ile yağlayın. Pişen kuzu pirzolaları fırın kabının içine dizin. Bir kaba 1 tatlı kasığı salça, 1 su bardağı ılık su ve az miktar kekik koyup, iyice karıştırın. Hazırladığınız sosu, pişen pirzolaların üzerine dökün. İsteğe göre aralarına 4 adet arpacık soğan da ekleyebilirsiniz. Fırın kabın üzerini alüminyum folyo ile kapatın. Önceden ısıtılmış 180 dereceli fırına verin. Yaklaşık 25 dk kadar pişirin. Pişen soslu kuzu pirzolayı fırından çıkartın. Alüminyum folyoyu açın. Fırında soslu kuzu pirzolayı sıcak olarak servis edebilirsiniz."
Fırında Susamlı Patates Kızartması,ana yemek,patates susam zeytinyağı tuz kırmızı pul biber kekik,"Patateslerin kabuklarını soyun ve yıkayın. Elma dilimi şeklinde kesin. Kestiğiniz patatesleri derin bir kap içine koyun. Üzerine zeytinyağı, tuz, kırmızı pul biber, kekik ve susam koyun. Eliniz ile iyice harmanlayın. Susamlı patatesleri yağlı kağıt serili fırın tepsisi içine dizin. Önceden ısıtılmış 190 derece fırına verin. Üzerleri kızarana kadar yaklaşık 25 dakika pişirin."
Fırında Tavuklu Sebzeli Güveç,ana yemek,tavuk göğsü kabak patlıcan patates domates yeşil biber soğan sarımsak zeytinyağı domates salçası tuz karabiber rendelenmiş kaşar peynir,"1 adet kabak, 1 adet patlıcan, 1 adet patates ve 1 adet domatesin kabuğunu soyup, küpler halinde doğrayın. 3 adet yeşil biberi de çok ince olmayacak şekilde doğrayın. Diğer yandan geniş bir tencere içine yarım çay bardağı zeytinyağını koyun. Üzerine 500 gr kuşbaşı doğranmış tavuk etlerini ve ince ince doğranmış 1 adet soğanı ekleyip, 2-3 dakika kavurun. Daha sonra doğranmış biberleri, domatesleri ve 1 yemek kaşığı domates salçasını ekleyip, 1-2 dakika daha kavurun. Ardından sırayla doğranmış kabakları, patatesleri, patlıcanları ve 7-8 diş sarımsağı bütün olarak koyup, eliniz ile hafifçe yayın. Son olarak yemeğin üzerine tuz ve karabiber serpiştirin. 1-1,5 su bardağı kadar ılık su ekleyip, kaynamaya bırakın. Yemeğiniz kaynadıktan sonra ocağın altını kısın. Sebzeler yumuşayana kadar yaklaşık 25-30 dakika kadar pişirin. Hazırladığınız tavuklu sebze yemeğini güveç kaplarına paylaştırın. Üzerlerine rendelenmiş kaşar peynir serpiştirin. Tavuklu sebzeli güveç kaplarını önceden ısıtılmış 180 derecelik fırına verin. Yaklaşık 7-8 dakika kadar pişirin."
Fırında Taze Fasulye Graten,ana yemek,taze fasulye soğan kırmızı biber tuz Beşamel Sos İçin: süt Beşamel Sos İçin: un Beşamel Sos İçin: tereyağı Üzeri İçin: Kaşar peynir,"500 gr taze fasulyenin baş kısımlarını kesip, temizleyin. Her bir fasulyeyi ortadan ikiye bölün. Tuzlu su içinde yumuşayana kadar haşlayın. Beşamel sosu hazırlayın. Beşamel sos için; orta boy bir tencere içine yarım yemek kaşığı tereyağ koyup, eritin. Üzerine 1,5 yemek kaşığı un ekleyip, 1 dakika kadar kavurun. Daha sonra 1,5 su bardağı sütü azar azar döküp, unun topaklanmaması için hızlı bir şekilde karıştırın. Beşamel sos koyulaşıncaya kadar kısık ateşte 2-3 dakika kadar kaynatın. Son olarak az miktar tuz ve karabiber ekleyip, ocaktan alın. Haşladığınız taze fasulyelerin suyunu süzüp, bir kaba alın. Üzerine minik küpler halinde doğradığınız 1 adet küçük boy soğan ve 1 adet kırmızı biberi ekleyip, karıştırın. Daha sonra hazırladığınız beşamel sosun yarısını fasulyelerin üzerine döküp, tekrar karıştırın. Beşamelli fasulyeli karışımı yağlanmış orta boy bir fırın kabı içine koyun. Kalan beşamel sosu da üzerine döküp, yayın. Son olarak fasulyeli graten üzerine rendelenmiş kaşar peynir ya da kaşar peynir dilimleri yerleştirin. Önceden ısıtılmış 180 derece fırına verin. Üzeri kızarana kadar yaklaşık 25 dakika pişirin. Fırında taze fasulye graten piştikten sonra 40 dakika kadar dinlenmeye bırakın. Daha sonra dilimleyerek, ılık servis edebilirsiniz."
Fırında Tereyağlı Acılı Közlenmiş Mısır,atıştırmalık,taze süt mısırı tere yağı acı pul biber kırmızı toz biber karabiber tuz,"Mısırların kabuklarını soyup, püsküllerini iyice temizleyin. Karıştırma kabına, 1 yemek kaşığı tereyağını koyun. Üzerine acı pul biber, kırmızı toz biber, karabiber ve tuz ekleyip, kaşık yardımı ile güzelce karıştırın. Temizlediğiniz süt mısırlarını fırın kabına dizin. Üzerine hazırladığınız tereyağlı acılı sosu bir kaşık yardımı ile sürün. Mısırların alt üst tüm yüzeylerine karışımın sürüldüğünden emin olun. Fırını 180 dereceye ayarlayıp, ızgara bölümünü yakın. Hazırladığınız fırın tepsinindeki tereyağlı acılı süt mısırları fırına sürün. 15 dakika bir mısırları çevirerek, mısırların renkleri dönene kadar közlemeye devam edin."
Fırında Yumurtalı Ekmek,kahvaltı,ekmek yumurta susam çörek otu kekik kırmızı toz biber tuz,"Geniş bir kaba 2 adet yumurta kırın. Üzerine az miktar tuz ve baharatlar ekleyin. 1 çay kaşığı susam ve 1 çay kaşığı çörek otu da koyup, iyice çırpın. Daha sonra ekmekleri yumurtalı karışıma bulayın. Hafif yağlanmış fırın kabı içine dizin. Hazırladığınız yumurtalı ekmek dilimlerini önceden ısıtılmış 180 dereceli fırına verin. Üzerleri kızarana kadar pişirin."
Karışık Tortilla Pizza,ana yemek,tortilla ekmeği domates salçası biber salçası kaşar peynir domates yeşil biber mantar sucuk tuz karabiber kekik fesleğen zeytinyağ,"Küçük bir kaba yarım tatlı kaşığı domates ve biber salçası koyun. Üzerine zeytinyağ, tuz, karabiber, kekik ve fesleğen ekleyip, iyice karıştırın. 1 adet tortillayı tezgahın üzerine koyun. Üzerine salçalı sosu fırça yardımı ile sürün. Kaşar peyniri tortillanın üzerine serpiştirin. Daha sonra doğranmış 1 adet yeşil biber, 5 dilim domates ve 7 dilim sucuk yerleştirin. Son olarak 1 adet mantar dilimleri koyup, kaşar peynir serpiştirin. Hazırladığınız karışık tortilla pizzayı önceden ısıtılmış fırına verip, pişirin. Pişen karışık tortilla pizzayı fırından çıkartın. Pizza bıçağı ile dilimleyerek, sıcak olarak servis edebilirsiniz."
Kırmızı Biberli Ekmek Pizzası,ana yemek,baston ekmek rendelenmiş kaşar peynir kırmızı biber zeytinyağı sumak,"1 adet baston ekmeği keskin bıçak ile dörde bölün. 1 adet kırmızı biberi ince ince dilimleyin. İlk olarak bir dilim ekmeğin üzerine 3 yemek kaşığı zeytinyağı sürün. Kırmızı biber dilimlerini ekmeğin üzerine yerleştirin. Biberlerin üzerine rendelenmiş kaşar peynir serpiştirin. Fırın kabına koyup, önceden ısıtılmış fırına verin. 7-8 dakika pişirin. Hazırladığınız kırmızı biberli ekmek pizzasını servis tabağına alıp, sıcak olarak servis edebilirsiniz."
Kıymalı Krep Böreği,ana yemek,kıyma soğan sivri biber zeytinyağı tuz karabiber süt un yumurta tereayağı,"Krepleri hazırlayın. Geniş bir tavaya ince ince doğranmış soğanları koyun. Üzerine az miktar sıvıyağ döküp, 1-2 dakika kavurun. Daha sonra kıymayı ekleyin. Sürekli karıştırarak, 2 dakika kavurun. Ardından doğranmış biberleri, tuz ve karabiber koyup, 3 dakika daha kavurun. Beşamel sosu hazırlayın. Yuvarlak bir borcama az miktar beşamel sos sürün. Ardından kreplerden birini sosun üzerine koyun. Krep üzerine beşamel sos sürün. Kıymalı harç ve rendelenmiş kaşar peynir serpiştirin. Tekrar krep koyup, aynı işlemi krepler bitene kadar yapın. Son krepin üzerine kalan beşamel sosu dökün. Rendelenmiş kaşar peynir serpiştirin. Hazırladığınız kıymalı krep böreğini önceden ısıtılmış 180 derecelik fırına verin. Üzeri kızarana kadar pişirin."
Kıymalı Rulo Lazanya,ana yemek,lazanya yaprağı kıyma soğan domates yeşil biber tuz karabiber tereyağı un süt rendelenmiş kaşar peyniri,"Geniş bir tava içine ince ince doğranmış 1 adet soğanı koyun. Üzerine 3 yemek kaşığı zeytinyağı ekleyip, 1 dakika kadar kavurun. Daha sonra 350 gr kıymayı ekleyip, sürekli karıştırarak, 5 dakika pişirin. Kıymanın üzerine ince ince doğranmış 1 adet domatesi ve 1 adet yeşil biberi koyup, 10 dakika kadar pişirin. Kıymalı harcınız piştikten sonra tuz ve karabiberi ekleyin. Karıştırıp, ocaktan alın. Diğer yandan geniş bir tencere içine su dökün. Üzerine az miktar tuz ekleyip, kaynamaya bırakın. Kaynayan su içine az miktarlarda lazanya yapraklarını koyup, yumuşayana kadar haşlayın. Ardından sıcak sudan alıp, soğuk sudan geçirin ve süzmeye bırakın. Diğer yandan kıymalı rulo lazanyaların üzeri için beşamel sos hazırlayın. Haşlanan lazanya yapraklarından birini tezgah üzerine serin. İlk olarak üzerlerine hazırladığınız beşamel sosdan sürün. Uç kısmına 1 yemek kaşığı dolusu kıymalı harçtan koyup, sıkmadan rulo şeklinde sarın. Lazanya yaprakları bitene kadar aynı işlemi uygulayın. Hazırladığınız kıymalı rulo lazanyaları yağlanmış fırın kabı içine dizin. Üzerlerine kalan beşamel sosdan sürün. Rendelenmiş kaşar peyniri serpiştirin. Önceden ısıtılmış 180 derecelik fırına verin. Üzerleri kızarana kadar yaklaşık 15 dakika pişirin."
Köfteli Kürdan Kebabı,ana yemek,kıyma patlıcan galeta unu soğan maydanoz tuz karabiber kekik kimyon kırmızı toz biber domates çerliston biber biber salçası zeytinyağı sarımsak,"Patlıcanları alacalı olarak soyun. Patlıcanları yarım cm kalınlığında uzunlamasına kesin. Dilimlediğiniz patlıcanları tuzlu su içinde 30 dk kadar bekletin. Köfte harcını hazırlamak için, derin bir kaba 250 gr kıyma koyun. Üzerine 1 adet rendelenmiş soğan, ince ince kıyılmış 3 tutam maydanoz ve 1 yemek kaşığı galeta unu ilave edin. Tuz, kekik, kimyon, kırmızı toz biber ve karabiber de ekleyip, elinizle iyice harmanlayın. Yoğurduğunuz köfte harcından ceviz büyüklüğünde parçalar alıp, elinizde yuvarlayıp, köfte şeklini verin. Hazırladığınız köfteleri fırın tepsisine dizin. Önceden ısıtılmış 200 dereceli fırında 25-30 dk kadar, köfteler kızarana kadar pişirin. Tuzlu suda bekletip, acı suyu çıkan patlıcanları bol su ile durulayıp, kurulayın. Kızartma tavasına, patlıcanları kızartmaya yetecek kadar sıvıyağ döküp, kızdırın. Dilimlediğiniz patlıcanları orta ateşte hafif pembeleşinceye kadar kızartın. Kızaran patlıcanları, fazla yağını almak için kağıt havlu serilmiş bir tabağa alın. Kürdan kebabın şekli için, kızartılmış patlıcan dilimlerinden iki tanesini artı şeklinde üst üste koyun. Tam ortasına fırında pişen köftelerden bir tane koyup, patlıcanları köftenin üzerine kapatıp ters çevirin. Son olarak ters çevirdiğiniz patlıcanlı köftenin üzerine bir kürdan batırın. Hazırladığınız kürdanlı köfteli patlıcanları, domates ve çerliston biber ile de süsleyerek, fırın kabına (borcam) dizin. Önceden ısıtılmış 200 dereceli fırına verip bir süre daha pişirin. Kürdan kebabı domates sosu için; 2 adet domatesi rendeleyin. Küçük bir tavaya alıp, üzerine rendelenmiş 1 diş sarımsak ekleyin. 1 tatlı kaşığı biber salçası ve 1 yemek kaşığı zeytinyağ ilave edip, koyu bir kıvam olana kadar pişirin. Köfteli kürdan kebabı piştikten sonra fırından alıp, servis tabaklarına koyun. Tabakların kenarlarına hazırladığınız domatesli sostan da dökerek, sıcak olarak servis edebilirsiniz."
Közlenmiş Kırmızı Biber Dondurucuda Nasıl Saklanır,ana yemek,kırmızı biber buzdolabı poşeti,"Kırmızı biberleri yıkayıp, iyice kurulayın. Daha sonra yağlı kağıt serilmiş fırın tepsisine dizin. Önceden ısıtılmış 200 dereceli fırına verin. Yaklaşık 30-35 dakika fırında ara ara ters yüz ederek, közleyin. Közlenen biberleri fırından alıp, ılımaya bırakın. Daha sonra kabuklarını parçalamadan soyun. Saplarını çıkarın. Boylamasına bıçak ile bir çizik atarak, iç çekirdeklerini temizleyin. Közlenen biberleri daha kolay soyulması için, sıcakken bir poşete koyun. Poşetin ağzını sıkıca kapatın. Soğuyana kadar bekletin. Temizlediğiniz kırmızı biberleri kullanacağınız kadar poşetlere koyun. Poşetin havasını alıp, dibinden düğüm atın. Daha sonra dondurucuya kaldırın."
Ispanaklı Lazanya,ana yemek,lazanya yaprağı ıspanak soğan sarımsak kültür mantarı sıvı krema tere yağı un tuz,"Lazanya yaprakları için ön haşlama yapılmayacak. Ama isteğe bağlı olarak 1-2 dakika haşlamanız yeterlidir. Ispanaklı harç için; yarım kilo ıspanağı ayıklayıp, ince ince doğrayın. Bol su içinde iyice yıkayıp, süzmeye bırakın. Daha sonra  1 adet soğan ve 2 diş sarımsağın kabuğunu soyup, ince ince doğrayın. 7 adet orta boy kültür mantarını da temizleyip, ince ince doğrayın. Diğer tarafta geniş ve derin bir tencere içine ince ince doğradığınız soğanları koyun. Üzerine 3 yemek kaşığı zeytinyağı ekleyip, 2 dakika kadar kavurun. Ardından ince ince doğradığınız sarımsakları koyup, 1 dakika kadar daha kavurun. Daha sonra doğradığınız mantarları ekleyip, kavurmaya devam edin. Mantarlar kavrulmaya başlayınca doğranmış ıspanakları koyup, tencerenin kapağını kapatın. 2 dakika sonra tencerenin kapağını açıp, karıştırın. Üzerlerine 1 yemek kaşığı tereyağı ve damak tadınıza göre tuz ekleyip, 2-3 kere karıştırın. Ispanaklar iyice söndükten sonra üzerlerine 1 kutu sıvı krema ve 1 yemek kaşığı un koyup, hafif kıvam alana kadar pişirin. Hazırladığınız karışımın kıvamı biraz sulu olacaktır. Sulu olsun ki lazanya yaprakları rahatça ıslanabilsin. Daha sonra küçük kare borcamın tabanına biraz ıspanaklı karışımdan koyup, yayın. 2 adet lazanya yaprağını sosun üzerine yanyana olacak şekilde yerleştirin. Lazanyaların üzerine de her tarafını ıslayacak şekilde kremalı ıspanak karışımından döküp, yayın. Ardından rendelenmiş kaşar peynir serpiştirin. Yeniden lazanya yaprakları koyun. Ispanaklı kremalı sos + rendelenmiş kaşar peynir + lazanya bu şekilde dizmeye devam edin. Lazanya yaprakları bitene kadar devam edin. En üste ıspanaklı sosu döktükten sonra bolca rendelenmiş kaşar peynir serpiştirin. Önceden ısıtılmış 190 derece fırına verin. Üzeri kızarana kadar yaklaşık 20 dakika pişirin. Kremalı ıspanaklı lazanya piştikten sonra fırından çıkartıp, 10 dakika kadar dinlenmeye bırakın. Daha sonra dilimleyerek, servis edebilirsiniz."
Lazanya,ana yemek,lazanya yaprağı kıyma soğan yeşil biber sarımsak domates domates salçası zeytinyağı su tuz karabiber tereyağı un süt kaşar peynir,"Kıymalı harcı hazırlayın. Lazanya yaprakları için ön haşlama yapılmayacak. Kıymalı harç için; geniş bir tava içine 1 adet ince ince doğranmış soğan, 2 adet ince ince doğranmış yeşil biber, 2 diş rendelenmiş sarımsak ve 4 yemek kaşığı zeytinyağı ekleyip, 2 dakika kadar kavurun. Ardından tavaya 400 gr kıyma koyup, kıymanın rengi dönene kadar sürekli karıştırarak, pişirin. Daha sonra kıymanın üzerine 2 adet orta boy küpler halinde doğranmış domates, 1 çay kaşığı domates salçası, 1 çay bardağı kadar su, tuz ve karabiber koyun. Beşamel sos için; orta boy bir tencere içine 2 yemek kaşığı tereyağı koyup, eritin. Eriyen yağın üzerine 3 yemek kaşığı un ekleyip, 1-2 dakika kadar kavurun. Ardından 3 buçuk su bardağı sütü azar azar dökün. Sosu devamlı karıştırarak, kaynayana kadar pişirin. Beşamel sosu döküp, rendelenmiş kaşar peynir ya da kaşar peynir dilimleri koyup, önceden ısıtılmış 190 derece fırına verin. Üzeri kızarana kadar pişirin."
Mantarlı Ekmek Dilimleri,atıştırmalık,ekmek dilimi mantar çeri domatesi yeşil biber kırmızı biber kaşar peynir ketçap kekik rendelenmiş kaşar peynir,"Mantarları temizleyip, dilimleyin. Yeşil biberleri ve kırmızı biberi ince ince doğrayın. Çeri domatesleri 2-3 parçaya kesin. Ketçap ve kekiği karıştırın. Ekmek dilimlerinin üzerine ketçap karışımını sürün. Kaşar peynir dilimlerini yerleştirin. Mantarları, biberleri ve domatesleri koyun. Rendelenmiş kaşar peynir serpiştirin. Fırında 6-7 dakika pişirin."
Maydanozlu Tortilla Pizza,ana yemek,tortilla ekmeği domates salçası biber salçası rendelenmiş kaşar peynir beyaz peynir domates dilimleri maydanoz zeytinyağı tuz karabiber kekik fesleğen,"İlk olarak küçük bir kaba domates ve biber salçasını koyun. Üzerine zeytinyağı, tuz, karabiber, kekik ve fesleğen ekleyip, iyice karıştırın. Tortillayı tezgahın üzerine koyun. Üzerine salçalı sosu fırça yardımı ile sürün. Daha sonra rendelenmiş kaşar peynir serpiştirin. Dilimlenmiş domates dilimlerini ve beyaz peynir parçalarını yerleştirin. Hazırladığınız peynirli tortilla pizzayı önceden ısıtılmış fırına verin. Peynirler tamamen eriyene kadar pişirin. Pişen peynirli tortilla pizzayı fırından çıkartın. Üzerine ince ince doğranmış maydanoz serpiştirin. Dilimleyerek, sıcak olarak servis edebilirsiniz."
Pekmezli Taze Soğanlı Antrikot,ana yemek,antrikot pekmez taze soğan süt zeytinyağı kimyon kekik kırmızı toz biber,"Antrikot etini yıkayıp, suyunu süzün. Antrikot etlerini süt ile marine edin. Geniş bir döküm tavayı ocağa koyup, kızdırın. Eti tavaya düzgünce koyun. Yüksek ateşte eti 4 dk boyunca ellemeden mühürlenmesini bekleyin. Diğer tarafını çevirin. Aynı sürede tekrar mühürlenmesini sağlayın. Mühürlenen etin her iki tarafına fırça yardımı ile 2 yemek kaşığı pekmez sürün. Mühürlenen eti hafif yağlanmış fırın kabına koyun. Önceden ısıtılmış 180 dereceli fırına verip, 35-40 dk kadar pişirin. Pişen pekmezli antrikotu fırından çıkartın. Servis tabağına koyun. Üzerine 1 sap ince ince doğranmış taze soğan serpiştirip, servis edebilirsiniz."
Salamlı ve Kuru Domatesli Ekmek Pizzası,ana yemek,baston ekmek salam kaşar peynir yoğurt kuru domates,"1 adet baston ekmeğini keskin bıçak ile dörde bölün. 3 dilim salamı jülyen şeklinde kesin. 3 adet kuru domatesi de minik minik doğrayın. İlk olarak bir dilim ekmeğin üzerine yarım yemek kaşığı yoğurt sürün. Kaşar peynir dilimlerini ekmeğin üzerine yerleştirin. Peynirlerin üzerine doğranmış salamları yerleştirin. Üzerine rendelenmiş kaşar peynir serpiştirin. Son olarak doğranmış kuru domatesleri yerleştirin. Fırın kabına koyup, önceden ısıtılmış fırına verin. 7-8 dakika pişirin."
Sütlü Patates,ana yemek,patates süt sarımsak sumak kırmızı toz biber zeytinyağı tuz karabiber rendelenmiş kaşar peynir,"Patateslerin kabuğunu soyup, yıkayın. Kalın olmayacak şekilde halkalar halinde kesin. Geniş bir kaba 1 su bardağı süt koyun. Üzerine 1 tatlı kaşığı silme sumak, 1 tatlı kaşığı kırmızı toz biber, 2 yemek kaşığı zeytinyağı, 2 diş rendelenmiş sarımsak, az miktar karabiber ve tuz ekleyip, iyice karıştırın. Sütlü karışımın içine dilimlediğiniz patatesleri koyup, eliniz ile iyice harmanlayın. Kare ya da dikdörtgen bir orta boy fırın kabı içine patatesleri sütü ile birlikte koyun. Eliniz ile eşit bir şekilde bastırarak, yayın. Önceden ısıtılmış 180 derece fırına verin. Üzeri hafifçe kızarana kadar yaklaşık 35 dakika kadar pişirin. Sütlü patates piştikten sonra fırından çıkartın. Üzerine bolca rendelenmiş kaşar peynir serpiştirin. Tekrar fırına verip, üzeri kızarana kadar pişirin. Sütlü patates piştikten sonra fırından alıp, 5 dakika dinlenmeye bırakın. Ardından dilimleyerek, servis edebilirsiniz."
Kabak Sinkonta,ana yemek,kabak kuru soğan sarımsak zeytinyağı taze nane taze soğan kuru nane karabiber kırmızı pul biber tuz domates salçası un elma sirkesi su,"Kabakları yıkayıp, kurulayın. Kabuklarını soymadan çok kalın ve ince olmayacak şekilde halkalar halinde dilimlere ayırın. Dilimlediğiniz kabakları derin bir kap içine alın. Üzerine 1 çay bardağı kadar zeytinyağı dökün. Kabakların üzerine damak tadınıza göre tuz, 1 tatlı kaşığı kuru nane, 1 tatlı kaşığı karabiber ve 1 tatlı kaşığı kırmızı pul biber ekleyin. Eliniz ile iyice karıştırın. Soğanları söğüş olarak doğrayıp, eliniz ile biraz ovuşturun. Soğanların üzerine yarım demet ince ince doğranmış taze nane, 4 diş ince ince doğranmış sarımsak ve 3 dal ince ince doğranmış taze soğanı ekleyip, karıştırın. Baharatladığınız kabakları orta boy bir fırın kabı içine koyup, yayın. Kabakların üzerine doğradığınız soğan ve nane karışımını eşit bir şekilde yayın. Sosu için; bir kap içine 1 buçuk yemek kaşığı domates salçası, 1 yemek kaşığı elma sirkesi, 1 yemek kaşığı dolusu un ve 1 su bardağından biraz fazla su ekleyin. Tüm malzemeyi tel çırpıcı ile iyice karıştırın. Sosu yemeğin her yerine gelecek şekilde gezdirerek, dökün. Sosun her yere eşit bir şekilde gelmesine özen gösterin. Önceden ısıtılmış 180 derece fırına verin. Yaklaşık 1 saat kadar pişirin."
Mualla Yemeği,ana yemek,patlıcan yeşil mercimek domates soğan kırmızı kapya biber sarımsak domates salçası zeytinyağı nar ekşisi su tuz kuru nane kırmızı pul biber,"Patlıcanları alacalı soyup, 3 parçaya bölün. Dilimlediğiniz patlıcanları derin bir kap içine koyun. Acılığını alması için üzerlerine 1 tatlı kaşığı tuz serpiştirin ve üzerilerini geçecek kadar su dökün. 20-25 dakika kadar bekletip, ardından suyunu süzün. Yeşil mercimekleri küçük bir tencere içine koyun. Üzerini geçecek kadar su döküp, ocak üzerine alın. Kara suyunun çıkması için 5 dakika kaynatın. Ardından suyunu süzün. Domates, soğan ve sarımsağı küçük küçük doğrayın. Kırmızı kapya biberi de çok küçük olmayacak şekilde doğrayın. Derin bir kap içine suyunu süzdüğünüz yeşil mercimekleri koyun. Üzerine doğranmış soğanları ekleyin. Kaba doğranmış kırmızı biber, sarımsak ve domatesleri koyun. 1 tatlı kaşığı dolusu domates salçası ekleyin. Damak tadınıza göre kırmızı pul biber ve kuru nane koyun. 1 tatlı kaşığı nar ekşisi, 1 tatlı kaşığı tuz ve 1 küçük çay bardağı zeytinyağı ekleyin. Kaptaki tüm malzemeleri güzelce karıştırın. Orta boy geniş bir tencere içine mercimekli harcın üçte birini koyup, güzelce yayın. Harcın üzerine patlıcan dilimlerinin yarısını dizin. Ardından patlıcanların üzerine tekrardan mercimekli harçtan koyup, güzelce yayın. Harcın üzerine kalan patlıcan dilimlerini dizin. Üzerlerine mercimekli harcın tamamını koyup, güzelce yayın. Son olarak hazırladığınız yemeğin kenar kısmından 1 su bardağından 1-2 parmak az olacak şekilde su dökün. Tencereyi ocak üzerine alın. Tencerenin kapağını kapatıp, kaynamaya bırakın. Kaynadıktan sonra kısık ateş üzerinde yemek suyunu çekip, mercimek ve patlıcanlar yumuşayana kadar yaklaşık 50 dakika pişirin."
Barbunya Pilaki,ana yemek,taze barbunya patates havuç soğan domates sarımsak zeytinyağı domates salçası su toz şeker tuz karabiber,"Barbunyayı 15 dakika kadar haşlayıp, ardından suyunu süzün. Diğer sebzeleri doğrayın. Soğanı zeytinyağında kavurun. Domates salçası ekleyin. Patates, havuç, sarımsak ve domates ekleyin. Barbunyayı, şekeri, tuz ve karabiberi ekleyin. Su ekleyin ve 30-35 dakika pişirin."
Taze Bakla Yemeği,ana yemek,taze bakla soğan zeytinyağı domates salçası toz şeker sıcak su karabiber tuz limon suyu un,"Baklanın uç kısımlarını kesip, kılçığını ayıklayın. Baklaları 3-4 parçaya bölün. Baklaları un ve limon suyu ile karıştırın. Tencereye zeytinyağı döküp, soğanı kavurun. Domates salçası ekleyip, kavurun. Baklaları ekleyip, 1 dakika kavurun. Şeker, tuz ve sıcak su ekleyip, karıştırın. Kaynadıktan sonra kapağını kapatıp, 35 dakika pişirin."
Bezelyeli Enginar Yemeği,ana yemek,taze bezelye çanak enginar soğan zeytinyağı toz şeker limon suyu sıcak su tuz dereotu taze soğan,"Soğanı ince ince doğrayın. Enginar çanaklarını 6 eşit parçaya bölün ve limon ile ovalayın. Tencereye zeytinyağı döküp, ısıtın. Doğradığınız soğanları ekleyip, 2 dakika kavurun. Enginarları ekleyip, 3 dakika kavurun. Bezelye, tuz, limon suyu ve toz şeker ekleyip, karıştırın. Sıcak su döküp, kaynamaya bırakın. Kısık ateş üzerinde 25 dakika pişirin. Üzerine dereotu ve taze soğan ekleyip, karıştırın."
Domatesli Patlıcan Yemeği,ana yemek,patlıcan yeşil sivri biber kuru soğan domates sarımsak zeytinyağı kesme şeker tuz maydanoz,"Patlıcanları alacalı soyun, uzunlamasına ortadan ikiye kesin, her patlıcan dilimini de uzunlamasına 3 e bölüp, 2-3 parmak genişliğinde dilimleyin. Dilimlediğiniz patlıcanları tuzlu su içinde yaklaşık 20 dakika kadar bekletin. Suyunu süzüp, iyice kurulayın. Soğanı, yeşil sivri biberi ve sarımsağı küçük küçük doğrayın. Domatesin kabuğunu soyup, ince ince doğrayın. Geniş bir tencere içine yarım çay bardağı zeytinyağı dökün. Yağın üzerine doğradığınız soğan, sarımsak ve biberleri koyup, 2-3 dakika kadar kavurun. Ardından tencereye 1 adet kesme şeker ekleyip, soğan, sarımsak ve biberler hafifçe yumuşayana kadar ara ara karıştırarak kavurun. Daha sonra tencereye patlıcanları koyun. Patlıcanların çiğliğinin gitmesi için orta ateş üzerinde 2-3 dakika kavurun. Gerekirse zeytinyağı ekleyebilirsiniz. Ardından tencerenin kapağını kapatıp, patlıcanları 5-6 dakika kadar da ara ara ezmeden hafifçe karıştırarak, kendi halinde kavrulmaya bırakın. Kavrulan patlıcanların üzerine damak tadınıza göre tuz ekleyip, hafifçe karıştırın. Üzerlerine ince ince doğradığınız domatesleri güzelce yayıp, kaynamaya bırakın. Daha sonra kısık ateş üzerinde domates ve patlıcanlar güzelce yumuşayana kadar yaklaşık 30 dakika kadar pişirin. Domatesli patlıcan yemeği piştikten sonra ocağın altını kapatıp, oda ısısında soğumaya bırakın. Daha sonra üzerine 1 tutam ince ince doğranmış maydanoz serpiştirip, servis edebilirsiniz."
Kabak Çintmesi,ana yemek,kabak domates soğan sarımsak domates ya da biber salçası zeytinyağı dereotu tuz,"Kabakları yıkayın ve küçük küpler halinde doğrayın. Soğanı, domatesi ve sarımsağı ince ince doğrayın. Tencereye zeytinyağı dökün ve ısıtın. Soğanı koyun ve 2 dakika kavurun. Domates salçası ekleyin ve kokusu çıkana kadar kavurun. Kabakları ekleyin ve 3-4 dakika kavurun. Domates ve sarımsak ekleyin, tuz ilave edin ve karıştırın. Kapağını kapatın ve kabaklar yumuşayana kadar pişirin."
Lahana Bifteği,ana yemek,lahana zeytinyağı kırmızı pul biber sarımsak tozu karabiber kimyon tuz yoğurt tahin sarımsak maydanoz,"Lahana dilimleyin Lahanaları fırın tepsisine yerleştirin Sos malzemelerini karıştırın Lahanaların üzerine sosu sürün Fırında pişirin Üzeri için yoğurt, tahin, sarımsak ve maydanozu karıştırın Servis yapın"
Mısır Tempura,atıştırmalık,konserve mısır maden suyu yumurta un mısır unu tuz karabiber sıvı yağ,"Mısırları süzgeçte süzün. Mısırları bezle kurulayın. Mısırlara un ekleyin ve karıştırın. Yumurta, mısır unu, tuz ve karabiberi karıştırın. Maden suyunu azar azar ekleyin. Mısırları karışıma ekleyin. Tavada sıvı yağ kızdırın. Mısır tempura karışımından kaşıkla alın ve kızdırın. Her iki tarafı altın sarısı rengini alınca çıkarın."
Patlıcan Silkme,ana yemek,kemer patlıcan yeşil biber domates sarımsak soğan zeytinyağı tuz maydanoz,"Patlıcanları alacalı soyun. Patlıcanları parmak kalınlığında ve uzunluğunda doğrayın. Patlıcanları tuzlu su içinde 15-20 dakika bekletin. Patlıcanların suyunu süzüp, birkaç su ile yıkayın. Yeşil biberin çekirdek kısmını temizleyip, doğrayın. Sarımsağın kabuğunu soyup, küçük küçük kesin. Soğanı ay şeklinde doğrayın. Tencereye soğan, biber, domates ve sarımsakları koyun. Patlıcanları tencereye yerleştirin. Tuz ve zeytinyağı ekleyin. Kapağını kapatıp, kısık ateş üzerinde 15-20 dakika pişirin. Tencereyi silkeleyerek karıştırın. Patlıcanlar yumuşayana kadar pişirin. Oda ısısında soğumaya bırakın. Üzerine maydanoz serpiştirip, servis edin."
Yelpaze Kabak Kızartması,ana yemek,kabak yumurta galeta unu mısır unu tuz sıvı yağ yoğurt sarımsak,"Kabakları yıkayıp, kurulayın. Kabakların baş kısımlarını kesmeden sadece uç kısımlarını kesin. Her bir kabağı uzunlamasına ortadan ikiye bölün. İkiye kestiğiniz kabakların her birini, yine baş kısımlarına dokunmadan, uzunlamasına şeritler halinde kesin. Kabağınızı bir de yatay olarak kesip, ince şeritler elde edin. Yumurtaları yayvan bir tabak içine kırın. Üzerine 1 çay kaşığı kadar tuz ekleyip, iyice çırpın. Galeta unu, mısır unu ve 1 tutam tuz koyup, güzelce karıştırın. Hazırladığınız yelpaze kabakları öncelikle arkalı önlü çırptığınız yumurtaya bulayın. Ardından da arkalı önlü mısır ununa bulayın. Yelpaze kabakları kızgın yağ içine koyun. Arkalı önlü güzelce kızarana kadar pişirin. Kızaran kabakları havlu kağıt serili bir tabak üzerine alıp, fazla yağının süzülmesini sağlayın. 1-2 diş rendelenmiş sarımsak ile 1 su bardağı yoğurdu iyice çırpın. Ardından kabakların üzerine döküp, servis edebilirsiniz."
Domatesli Kabak Yemeği,ana yemek,kabak domates soğan sarımsak zeytinyağı tuz karabiber kırmızı pul biber dereotu,"Kabakları yıkayıp, kurulayın ve jülyen şeklinde doğrayın. Tencereye zeytinyağı dökün ve soğan ile sarımsağı 1 dakika kavurun. Kabakları ekleyin ve 3-4 dakika kavurun. Domatesleri ekleyin ve tuz ile karabiber ekleyin. Tencerenin kapağını kapatıp, kaynamaya bırakın. Kısık ateş üzerinde kabaklar yumuşayana kadar pişirin. Yemeği ılımaya bırakın ve dereotu serpiştirin."
Düğmeli Kereviz,ana yemek,kereviz havuç soğan zeytinyağı portakal suyu toz şeker tuz kereviz yaprağı,"Kerevizlerin kabuğunu soyup, yıkayın. Kerevizlerin orta kısmını bir havucun yerleşebileceği şekilde oyarak çıkarın. Havucu kerevizin ortasına yerleştirdikten sonra açıkta kalan havuçları kesip, halkalar halinde kesin. Havuçlu kerevizi bıçak yardımı ile 1 cm kalınlığında olacak şekilde halkalar halinde kesip, kararmaması için limonlu su içine koyun. Geniş bir tencerenin içine yarım çay bardağı zeytinyağının yarısını dökün. Yağın üzerine 1 adet küçük boy soğanı yarım ay şeklinde kesip, yayın. Düğmeli kerevizleri limonlu su içinden alıp, soğanların üzerine dizin. Tencerede boş olan kısımlara kestiğiniz havuçları koyun. Ardından düğmeli kerevizlerin üzerine kalan zeytinyağını gezdirin. Damak tadınıza göre tuz ve 1 tatlı kaşığı toz şeker serpiştirin. Son olarak 1 su bardağı taze sıkılmış portakal suyu dökün. Tencerenin kapağını kapatıp, kaynamaya bırakın. Kaynadıktan sonra orta ateş üzerinde kereviz ve havuçlar yumuşayana kadar pişirin. Zeytinyağlı düğmeli kereviz yemeği piştikten sonra üzerine 1 tutam ince ince doğranmış kereviz yaprağı serpiştirip, tencere içerisinde soğumaya bırakın."
Fasulye Diblesi,ana yemek,taze fasulye soğan pirinç domates zeytinyağı sıcak su tuz tereçağı,"Taze fasulye diblesi yapımı için; yarım kilo taze fasulyenin uç kısımlarını kesip, varsa kılçıklarını ayıklayın. Ardından fasulyeleri 1 cm kalınlığında olacak şekilde doğrayın. 1 adet orta boy soğanı da ince ince kesin. Daha sonra geniş bir tencere içine 6-7 yemek kaşığı zeytinyağı dökün. Yağın üzerine ince ince doğradığınız soğanı ekleyip, 2-3 dakika kavurun. Ardından kavrulan soğanın üzerine 2 adet orta boy minik küpler halinde doğranmış domatesi ve doğradığınız fasulyeleri koyup, güzelce karıştırın. Daha sonra tencerenin kapağını kapatıp, kısık ateş üzerinde fasulyenin rengi değişene kadar ara ara karıştırarak kavurun. Fasulyelerin rengi değiştikten sonra üzerlerine önceden yıkayıp, süzdüğünüz yarım su bardağı pirinci ekleyin. Damak tadınıza göre tuz ve 1 buçuk su bardağı sıcak su koyun. Tencerenin dip kısmına inmeden üst tarafından doğru hafifçe karıştırın. Ardından tencerenin kapağını kapatıp, kısık ateş üzerinde fasulye ve pirinçler yumuşayıp, suyunu çekene kadar pişirin. Son olarak 1 yemek kaşığı kadar tereyağı küçük bir tava içinde kızdırın. Taze fasulye diblesi piştikten sonra üzerine kızdırdığınız tereyağını gezdirerek, dökün. Güzelce karıştırıp, sıcak olarak servis edebilirsiniz."
Havuçlu Taze Fasulye Borani,ana yemek,taze fasulye havuç soğan zeytinyağı su yoğurt sarımsak tuz,"Taze fasulyeyi ayıklayıp, uzunlamasına ortadan ikiye kesin. İkiye kestiğiniz fasulyeleri de kendi aralarında ortadan ikiye kesin. Havucu taze fasulyelerin boyutunda olacak şekilde orta kalınlıkta doğrayın. Soğanı ay şeklinde doğrayın. Geniş bir tencere içine biraz doğranmış taze fasulye koyup, yayın. Fasulyelerin üzerine doğranmış biraz havuç ve soğan koyun. Sebzelerin üzerine damak tadınıza göre tuz serpiştirin. 5 yemek kaşığı zeytinyağı ve 1 su bardağı kadar su dökün. Tencereyi ocak üzerine alıp, kaynamaya bırakın. Kaynadıktan sonra kısık ateş üzerinde fasulye ve havuçlar yumuşayana kadar pişirin. Bir kase içine 2 su bardağı yoğurt, biraz tuz ve 2 diş rendelenmiş sarımsak koyup, iyice çırpın. Havuçlu taze fasulye piştikten servis tabağına alıp, güzelce yayın. Üzerine hazırladığınız yoğurt sosunu döküp, kırmızı pul biber serpiştirin."
İç Bakla Yemeği,ana yemek,iç bakla soğan havuç zeytinyağı domates salçası su tuz dereotu,"İç baklaları yıkayın. Tencereye zeytinyağı döküp, ısıtın. Soğanı ekleyin ve 1-2 dakika karıştırarak kavurun. Havucu ekleyin ve 1-2 dakika daha kavurun. Domates salçası ekleyin ve kokusu çıkana kadar karıştırın. İç baklaları ekleyin ve 1 dakika kavurun. Sıcak su ve tuz ekleyin, karıştırın. Kaynamaya bırakın, 30 dakika pişirin. Pişince ocaktan alın, ılımaya bırakın. Üzerine dereotu serpiştirip servis edin."
Kabak Borani,ana yemek,bal kabağı kuru soğan sarımsak zeytinyağı kırmızı kapya biber kurutulmuş acı biber su kırmızı toz biber tuz yoğurt,"Kabuğu soyulmuş bal kabağını çok küçük ve ince olmayacak şekilde dilimleyin. Dilimlediğiniz bal kabaklarını dikdörtgen ya da yuvarlak bir fırın kabı içine koyun. Kabakların üzerine 3-4 adet küçük boy soğanı jülyen şeklinde doğrayın. Daha sonra fırın kabının üzerine 1 adet büyük boy iri küpler halinde doğranmış kırmızı kapya biber, 3 adet kurutulmuş acı biber ve 5 diş küçük küçük doğranmış sarımsak ekleyin. Son olarak kabakların üzerine yarım çay bardağı zeytinyağı, damak tadınıza göre tuz, kırmızı toz biber ve 1 küçük çay bardağı su koyun. Tüm malzemeyi eliniz ile iyice harmanlayın. Hazırladığınız kabak boraniyi önceden ısıtılmış 180 derece fırına verin. Yaklaşık 40-45 dakika kadar pişirin. Bal kabağı borani piştikten sonra fırından çıkartıp, ılımaya bırakın. Daha sonra üzerine 1 buçuk su bardağı çırpılmış yoğurt döküp, servis edebilirsiniz."
Kabak Spagetti,ana yemek,kabak zeytinyağı tuz domates salçası domates sarımsak su karabiber kırmızı pul biber,Kabakları doğrayın. Tencereye zeytinyağı ve kabakları koyun. Sosu hazırlayın. Sosu kabakların üzerine dökün. 2 dakika daha pişirin.
Kereviz Mücveri,atıştırmalık,kereviz havuç yumurta un taze soğan maydanoz tuz karabiber kimyon sıvı yağ,"Havuç ve kerevizin kabuğunu soyup, rendeleyin. Taze soğan ve maydanozu ince ince doğrayın. Rendelenmiş havuç ve kerevizi çukur bir kap içine koyun. Üzerine yumurta kırın. İnce ince doğranmış taze soğan, maydanoz, damak tadınıza göre tuz, biraz kimyon ve karabiber koyup, karıştırın. Kerevizli harcın üzerine un azar azar ekleyin. Kaşık yardımı ile karıştırın. Geniş bir tava içine sıvı yağ koyup, hafifçe kızdırın. Kereviz mücveri karışımından 1 yemek kaşığı alıp, yağın içine koyun. Üzerlerine hafifçe bastırın. Mücverlerin her iki tarafını pişirin."
Kıymalı Pırasa Yemeği,ana yemek,kıyma pırasa havuç domates salçası zeytinyağı pirinç tuz,"Geniş bir tencere içine 5 yemek kaşığı zeytinyağı koyun. Üzerine 150 gr kıyma ekleyin. Kıymayı sürekli karıştırarak, pişirin. Pişen kıymanın üzerine 1 tatlı kaşığı domates salçası koyup, 1 dakika kavurun. Daha sonra tencereye doğranmış havuçları ekleyip, 2 dakika daha kavurun. Son olarak tencere içine kestiğiniz pırasaları koyup, 2-3 kere karıştırın. Kıymalı pırasa yemeğinin üzerine hafifçe çıkacak kadar sıcak su, 1 yemek kaşığı pirinç ve damak tadınıza göre tuz ekleyip, karıştırın. Tencerenin kapağını kapatıp, kaynamaya bırakın. Kaynadıktan sonra ocağın altını kısın. Pırasa ve havuçlar yumuşayana kadar pişirin. Kıymalı pırasa yemeği piştikten sonra ocaktan alıp, 5 dakika dinlenmeye bırakın. Daha sonra sıcak olarak servis edebilirsiniz."
Kremalı Sebzeli Makarna,ana yemek,makarna soğan havuç kabak kapya biber sarımsak sıvı krema zeytinyağı tuz karabiber,"Soğanı ay şeklinde ince ince doğrayın. Kabak, havuç ve kapya biberi orta incelikte jülyen şeklinde doğrayın. Sarımsağı ince ince doğrayın. Tencereye su koyup kaynatın, makarnayı haşlayın. Geniş bir tencereye zeytinyağı döküp, soğanları kavurun. Havuçları ekleyip, 3-4 dakika pişirin. Kabakları ekleyip, 1 dakika karıştırın. Kapya biber ve sarımsakları ekleyip, tuz ve karabiber ile karıştırın. Sıvı krema döküp, orta kısık ateş üzerinde pişirin. Haşlanmış makarnayı sosun üzerine ekleyip, karıştırın."
Mercimekli Pırasa Yemeği,ana yemek,pırasa yeşil mercimek zeytinyağı pilavlık bulgur portakal limon suyu sıcak su tuz,"Mercimekleri 1 su bardağı kaynar su ile bekletin. Pırasayı temizleyip, halkalar halinde doğrayın. Mercimeklerin suyunu süzün. Tencereye zeytinyağı döküp, mercimekleri ekleyin. Mercimekleri 1-2 dakika kavurun. Doğranmış pırasaları ve bulgur koyup, kavurmaya devam edin. Portakal ve limon suyunu sıkıp, sıcak su ve tuz ekleyin. Tencerenin kapağını kapatıp, kaynamaya bırakın. Kaynadıktan sonra kısık ateş üzerinde 25 dakika pişirin. 15-20 dakika dinlendirdikten sonra servis edin."
Patates Püreli Mantar Sote,ana yemek,patates süt tere yağı rendelenmiş kaşar peynir tuz karabiber mantar soğan yeşil biber kırmızı kapya biber domates sarımsak zeytinyağı kekik kırmızı pul biber kırmızı toz biber,"Patatesleri soyup, küçük küçük dilimleyin. Derin bir tencere içinde yumuşayana kadar haşlayın. Mantarları temizleyip, çok küçük olmayacak şekilde dilimleyin. Soğanı ay şeklinde ince ince doğrayın. Biberleri ve domatesi de ince ince doğrayın. Geniş bir tava içine zeytinyağı döküp, ısıtın. Isınan yağın üzerine doğranmış soğanı koyup, 2-3 dakika sürekli karıştırarak, kavurun. Mantarları ve sarımsakları ekleyin. Mantarlar suyunu salıp, hafifçe çekene kadar sürekli karıştırarak, pişirin. Mantarların üzerine doğranmış biberleri koyup, 1 dakika sürekli karıştırarak, kavurmaya devam edin. Son olarak tavaya doğranmış domates, damak tadınıza göre tuz, karabiber, kekik, kırmızı toz biber ve kırmızı pul biber koyun. Domates ve biberleri çok fazla öldürmeden ara ara karıştırarak, pişirin. Haşladığınız patatesin suyunu iyice süzüp, derin bir kaba koyun. Patates sıcakken üzerine tere yağı, süt, rendelenmiş kaşar peynir, damak tadınıza göre tuz ve karabiber ekleyin. Patatesli harcı pürüzsüz bir kıvam alana kadar iyice ezin. Hazırladığınız patates püresini yağlanmış orta büyüklükteki bir fırın kabı içine koyup, eşit bir şekilde yayın. Patates püresinin üzerine de hazırladığınız mantar soteyi eşit bir şekilde yayın. Son olarak püreli mantar sotenin üzerine rendelenmiş kaşar peynir serpiştirin. Önceden ısıtılmış 180 derece fırına verin. Üzeri hafifçe kızarana kadar pişirin."
Patlıcan Yemeği,ana yemek,patlıcan yeşil biber kuru soğan domates domates salçası zeytinyağı toz şeker tuz,"2 adet orta boy domatesin kabuğunu soyup, minik küpler halinde kesin. 1 adet kuru soğanı ince ince doğrayın. 3 adet yeşil biberinde çekirdeğini temizleyip, çok küçük olmayacak şekilde doğrayın. Geniş ve derin bir tencere içine yarım çay bardağı kadar zeytinyağı dökün. Üzerine ince ince doğradığınız soğanı ekleyip, 2 dakika kavurun. Kavrulan soğanın üzerine 1 tatlı kaşığı domates salçası koyun. Salçanın kokusu çıkana kadar yaklaşık 1 dakika kavurun. Kavrulan salçanın üzerine patlıcanları ekleyin. 1-2 dakika kadar karıştırarak, pişirin. Patlıcanların üzerine doğranmış biber, domates, damak tadınıza göre tuz, 1 tatlı kaşığı toz şeker ve 1 çay bardağı kadar su ekleyin. Tenceredeki tüm malzemeleri karıştırın. Tencerenin kapağını kapatıp, suyunu hafifçe çekene kadar pişirin. Patlıcanları parçalamamak için ara ara dikkatlice karıştırın ya da tencereyi sallayarak karışmasını sağlayın. Patlıcan yemeği piştikten sonra ocağın altını kapatıp, oda ısısında soğumaya bırakın. Daha sonra servis edebilirsiniz."
Pirinçli Domates Yemeği,ana yemek,domates soğan yeşil biber sarımsak pirinç domates salçası zeytinyağı tuz kırmızı pulbiber kuru nane,"Orta boy derin bir tencere içine 5 yemek kaşığı zeytinyağı koyun. Yağın üzerine 2 adet orta boy ince ince doğranmış soğan ekleyip, 2 dakika kavurun. Kavrulan soğanların üzerine 2 adet küçük küçük doğranmış yeşil biberi koyup, 2 dakika daha kavurun. Daha sonra tencereye 1 yemek kaşığı domates salçası ekleyip, hafifçe kokusu çıkana kadar kavurun. 4 adet orta boy minik küpler halinde doğranmış domatesi ve 2 diş ince ince doğranmış sarımsağı da koyup, 3-4 kere karıştırın. Ardından domateslerin üzerini hafifçe geçecek kadar sıcak su dökün. Tencerenin kapağını kapatıp, kaynamaya bırakın. Yemeği 1 dakika kadar daha kaynatıp, üzerine yarım su bardağı yıkanmış pirinci ekleyin. Yemeği güzelce karıştırıp, tencerenin kapağını kapatın. Domatesli pirinç yemeğini kısık ateş üzerinde ara ara karıştırarak, pirinçler yumuşayana kadar pişirin. Piştikten sonra damak tadınıza göre tuz, kırmızı pul biber ve kuru nane ekleyin. Yemeği güzelce karıştırıp, yaklaşık 10-15 dakika kadar dinlenmeye bırakın."
Pirpirim Aşı,ana yemek,semizotu haşlanmış nohut bulgur soğan domates salçası tozz biber zeytinyağı sıcak su sumak ekşisi tuz,"Semizotunu ayıklayıp, bol su içinde iyice yıkayın. Ardından bıçak yardımı ile ince ince doğrayın. Orta boy geniş bir tencere içine 4-5 yemek kaşığı zeytinyağı dökün. Üzerine 1 adet ince ince doğranmış soğan ekleyip, 2-3 dakika kadar kavurun. Kavrulmuş soğanın üzerine 1 yemek kaşığı tepeleme domates salçası koyun. Salçanın kokusu çıkana kadar kavurun. 1 tatlı kaşığı toz biber de koyup, tekrar karıştırın. Salçayı kavurduktan sonra tencereye doğranmış semizotlarını koyun. Semizotlarının rengi değişene kadar pişirin. Daha sonra tencereye 3 su bardağı kadar sıcak su ve 1 çay bardağından 1 parmak az kalın bulguru ekleyip, karıştırın. Tencerenin kapağını kapatıp, bulgurlar yumuşayana kadar kısık ateşte pişirin. Bulgurlar piştikten sonra tencereye 1 su bardağı haşlanmış nohut ve damak tadınıza göre tuz ekleyin. 2-3 dakika kadar daha pişirip, tencereyi ocaktan alın. Hazırladığınız pirpirim aşını 10 dakika kadar dinlenmeye bırakın. Daha sonra sıcak ya da ılık olarak servis edebilirsiniz."
Portakallı Brüksel Lahanası,ana yemek,brüksel lahanası soğan havuç zeytinyağı portakal suyu su tuz,"Dış yapraklarını temizleyip, baş kısımlarını hafifçe kesin. Sirkeli su içinde yarım saat kadar bekletip, suyunu süzün. Brüksel lahanalarını uzunlamasına ortadan ikiye bölün. Soğanı ay şeklinde ince ince doğrayın. Havucu halkalar halinde doğrayın. Tencereye zeytinyağı döküp, ısıtın. Isınan yağın üzerine doğranmış soğanı ekleyip, 2-3 dakika kavurun. Kavrulan soğanın üzerine doğranmış havuçları koyun. Havuçları da soğanlar ile birlikte 2 dakika kadar daha kavurun. Tencereye brüksel lahanalarını ekleyin. Yarım su bardağından biraz fazla taze sıkılmış portakal suyu, yarım su bardağı su ve damak tadınıza göre tuz koyun. Tüm malzemeleri güzelce karıştırıp, kaynamaya bırakın. Kaynadıktan sonra kısık ateş üzerinde lahanalar yumuşayana kadar pişirin. Portakallı zeytinyağlı brüksel lahanası piştikten sonra ocak üzerinden alıp, soğumaya bırakın."
Rendelenmiş Patates Kızartması,atıştırmalık,patates yumurta kaşar peynir un kırmızı pul biber karabiber tuz,"Patateslerin kabuğunu soyup, yıkayın. Patatesleri rendenin kalın tarafı ile rendeleyin. Rendelediğiniz patateslerin suyunu iyice sıkıp, derin bir kaba alın. Rendelediğiniz patateslerin üzerine 1 adet yumurta kırın. Yarım çay kaşığı karabiber, 1 çay kaşığı tuz, 1 çay kaşığı kırmızı pul biber ve 1 yemek kaşığı un ekleyin. Damak tadınıza göre tuz miktarını ve baharatları çoğaltabilirsiniz. Son olarak kaba 1 su bardağı rendelenmiş kaşar peynir koyun. Tüm malzemeleri kaşık yardımı ile iyice karıştırın. Orta büyüklükte geniş bir tava içine yeteri miktarda sıvı yağ döküp, kızdırın. Rendelenmiş patatesli karışımdan 1 yemek kaşığı alıp, yağın içine koyun. Üzerlerine biraz bastırıp, yayılmasını sağlayın. Alt tarafları kızarana kadar pişirin. Alt tarafları kızardıktan sonra ters çevirip, diğer yüzünü de kızartın. Ardından kızaran rendelenmiş çıtır patatesleri havlu kağıt serili tabak üzerine alıp, fazla yağının süzülmesini sağlayın."
Semizotu Mücveri,ana yemek,semizotu kabak yumurta taze soğan dereotu maydanoz taze nane un beyaz peynir kabartma tozu tuz karabiber sıvı yağ,"1 demet semizotunu temizleyip, bol su içinde iyice yıkayın. Suyunu süzüp, güzelce kurulayın. Semizotlarını, 3 sap taze soğan, 2-3 tutam dereotu, 2 -3 tutam maydanoz ve 3 dal taze naneyi bıçak yardımı ile ince ince doğrayın. Doğradığınız yeşillikleri derin bir kap içine koyun. 1 adet orta boy kabağı rendeleyin. Rendelediğiniz kabağın suyunu iyice sıkıp, yeşilliklerin üzerine ekleyin. Malzemelerin üzerine 2 adet yumurta kırın. 80 gr kadar beyaz peyniri de eliniz ile parçalayarak koyun. Son olarak malzemelerin üzerine 3 yemek kaşığı un, 1 tatlı kaşığı kabartma tozu, damak tadınıza göre tuz ve karabiber koyun. Kaptaki malzemelerin iyice karışmasını sağlayın. Geniş bir tava içine tavanın tabanını kapatacak kadar sıvı yağ koyup, kızdırın. Semizotu mücveri karışımından 1 yemek kaşığı alıp, yağın içine koyun. Üzerlerine hafifçe bastırıp, alt tarafı kızarana kadar pişirin. Alt tarafı kızaran mücverleri ters çevirip, diğer tarafının da güzelce kızarmasını sağlayın."
Taze Börülce Borani,ana yemek,taze börülce orta boy soğan büyük diş sarımsak zeytinyağı tuz yoğurt kırmızı toz biber,"Taze börülcelerin uç kısımlarını kesip, kılçıklarını ayıklayın. Börülceleri büyüklüklerine göre 2 ya da 3 parçaya kesip, yıkayın. Derin bir tencere içine börülceleri haşlayacak kadar su döküp, kaynamaya bırakın. Kaynayan suyun içine börülceleri ve biraz tuz koyun, karıştırın. Börülceleri yumuşayana kadar ara ara karıştırarak haşlayın. Haşladığınız börülcelerin suyunu süzün. Orta boy geniş bir tencere içine zeytinyağı döküp, ısıtın. Isınan yağın üzerine ince ince doğranmış soğan ve sarımsak koyun, kavurun. Kavrulan soğanların üzerine haşlayıp, suyunu süzdüğünüz börülceleri ekleyin. Damak tadınıza göre tuz koyup, güzelce karıştırın. Tencerenin kapağını kapatın, kısık ateş üzerinde ara ara karıştırarak 6-7 dakika daha pişirin. Pişen taze börülceyi ocaktan alıp, kenarda soğumaya bırakın. Yoğurt sosu için yoğurt, rendelenmiş sarımsak ve tuz koyup, karıştırın. Küçük bir sos tavası içine zeytinyağı koyun, üzerine kırmızı toz biber ekleyip, kızdırın. Pişirdiğiniz taze börülceleri servis tabağına koyup, güzelce yayın. Üzerine sarımsaklı yoğurdu gezdirerek dökün, kızdırdığınız yağlı toz biberi dökün."
Unsuz Pırasa Böreği,ana yemek,pırasa havuç yumurta yoğurt mısır unu zeytinyağı tuz karabiber rendelenmiş kaşar peynir çörek otu,"Pırasaları temizleyip, yıkayın ve orta incelikle doğrayın. Havuçları rendenin iri tarafı ile rendeleyin. Doğranmış pırasa ve rendelenmiş havuçları tavaya koyun, zeytinyağı döküp, pırasa ve havuçlar yumuşayana kadar kavurun. Yumurta, yoğurt, mısır unu, tuz ve karabiberi karıştırın. Soğuyan pırasalı karışımı yumurtalı karışımla karıştırın. Karışımı fırın kabına dökün, üzerini rendelenmiş kaşar peynir ve çörek otu ile süsleyin. 180 derece fırında 30 dakika pişirin."
Yeşil Mercimekli Semizotu Yemeği,ana yemek,semizotu soğan sarımsak yeşil mercimek bulgur domates salçası zeytinyağı su tuz,"Yeşil mercimeği küçük bir tencere içine koyun. Üzerini geçecek kadar su dökün. Mercimeği çok dağılmadan yumuşayana kadar haşlayın. Semizotunu ayıklayıp, bol su içerisinde iyice yıkayın. Ardından bıçak yardımı ile iri parçalar halinde kesin. Soğan ve sarımsağı ince ince doğrayın. Geniş bir tencere içine doğranmış soğan ve sarımsağı koyup, üzerine 5 yemek kaşığı zeytinyağı dökün. Soğanları 3 dakika sürekli karıştırarak, kavurun. Tencereye 1 yemek kaşığı domates salçası koyup, kokusu çıkana kadar kavurmaya devam edin. Salçayı kavurduktan sonra haşlayıp suyunu süzdüğünüz mercimeği ve 2 yemek kaşığı yıkanmış bulguru koyup, güzelce karıştırın. Doğranmış semizotlarını ekleyip, tekrar karıştırın. Son olarak damak tadınıza göre tuz ve semizotlarının üzerlerine çıkmayacak kadar sıcak su döküp, karıştırın. Tencerenin kapağını kapatıp, kaynamaya bırakın. Kaynadıktan sonra kısık ateş üzerinde bulgurlar pişene kadar pişirin."
Yunan Usulü Kabak Kızartması,atıştırmalık,kabak un maden suyu tuz sıvı yağ,"Kabakların kabuğunu hafifçe alacalı soyup, yıkayın. Kabakları halkalar halinde olabildiğince ince ince kesin. Orta boy derin bir kaba un ve tuz ekleyip, karıştırın. Unlu karışımın üzerine maden suyunu azar azar dökün. Boza kıvamına yakın bir kıvam elde edene kadar tel çırpıcı yardımı ile iyice karıştırın. Genişçe bir tava içine sıvı yağ koyup, kızdırın. Kabak dilimlerini hazırladığınız sosa bulayın. Sosa buladığınız kabak dilimlerini kızgın yağ içinde arkalı önlü güzelce kızartın. Kızaran kabakları havlu kağıt serili servis tabağına alıp, fazla yağının süzülmesini sağlayın."
Zeytinyağlı Bezelye,ana yemek,taze bezelye soğan havuç sarımsak zeytinyağı limon suyu sıcak su tuz dereotu,"Orta boy geniş bir tencere içine 5-6 yemek kaşığı zeytinyağı döküp, ısıtın. Isınan yağın üzerine 1 adet orta boy ince ince doğranmış soğan ekleyin. Soğanı 1-2 dakika kadar sürekli karıştırarak, kavurun. Kavrulan soğanın üzerine 1 adet orta boy küçük küpler şeklinde doğranmış havuç ve 2 diş ince ince doğranmış sarımsak koyun. Havucu ve sarımsağı soğanlar ile birlikte 1-2 dakika kadar daha kavurmaya devam edin. Daha sonra tencereye 400 gr taze bezelye ekleyip, 1 dakika kadar daha kavurun. Ardından zeytinyağlı bezelyenin üzerine yarım limon suyu ve damak tadınıza göre tuz koyun. Son olarak tencereye 1 buçuk su bardağı sıcak su döküp, karıştırın. Ardından kaynamaya bırakın. Yemeğiniz kaynadıktan sonra kısık ateş üzerinde bezelyeler yumuşayana kadar yaklaşık 25-30 dakika pişirin. Pişme süresi bezelyelerin sertliğine göre değişkenlik gösterebilir. Bu nedenle yemeği pişirirken kontrollü bir şekilde pişirin. Gerekirse su ilave edebilirsiniz. Zeytinyağlı taze bezelye yemeği piştikten sonra ocak üzerinden alıp, oda ısısında soğumaya bırakın. Daha sonra üzerine 2 tutam ince ince doğranmış dereotu serpiştirip, servis edebilirsiniz. İsteğe göre servis esnasında yemeğin üzerine tekrardan limon suyu ve zeytinyağı dökebilirsiniz."
Bal Kabağı Sinkonta,ana yemek,bal kabağı kuru soğan sarımsak zeytinyağı limon suyu sirke su un tuz karabiber kırmızı pul biber,Bal kabağını soyup dilimleyin. Soğan ve sarımsağı doğrayın. Fırın kabının tabanına soğan ve sarımsakları yayın. Bal kabaklarını soğanların üzerine yerleştirin. Sinkonta sosu için gerekli malzemeleri karıştırın. Sosu bal kabaklarının üzerine gezdirin. Fırın kabını yağlı kağıt ile kapatıp fırına verin. 45 dakika pişirin. Yağlı kağıdı alın ve tekrar fırına verin. 15 dakika daha pişirin.
Barbunyalı Bezelye Yemeği,ana yemek,taze barbunya iç bezelye havuç soğan domates sarımsak zeytinyağı domates salçası toz şeker tuz,"Barbunyalı bezelye yemeği yapımında; öncelikle 2 su bardağı ayıklanmış taze barbunyayı orta boy derin bir tencere içine koyup, üzerini geçecek kadar su dökün. Barbunyayı 15 dakika kadar haşlayıp, ardından suyunu süzün. Diğer tarafta 1 adet orta boy soğan, 2 diş sarımsak ve 1 adet orta boy domatesi ince ince doğrayın. 1 adet orta boy havucu da çok büyük olmayacak şekilde doğrayın. Geniş bir tencere içine yarım küçük çay bardağı kadar zeytinyağı dökün. Üzerine doğranmış soğanı koyup, 2 dakika kavurun. Ardından tencereye doğranmış havuçları ve doğranmış sarımsakları ekleyip, 2-3 dakika sürekli karıştırarak kavurun. Daha sonra tencereye 1 yemek kaşığı kadar domates salçası ekleyip, kokusu çıkana kadar kavurun. Salçayı kavurduktan sonra tencereye doğranmış domatesi koyun. Domatesler hafifçe yumuşayana kadar 1-2 dakika daha kavurmaya devam edin. Daha sonra tencereye önceden haşlayıp, suyunu süzdüğünüz taze barbunyayı, 1 buçuk su bardağı iç bezelye, 1 tatlı kaşığı toz şeker ve damak tadınıza göre tuz koyun. Tüm malzemeleri güzelce karıştırın. Son olarak sebzelerin üzerini geçecek kadar ılık su döküp, karıştırın. Tencerenin kapağını kapatıp, kaynamaya bırakın. Kaynadıktan sonra ocağın altını kısın. Kısık ateş üzerinde sebzeler dağılmadan güzelce yumuşayana kadar 30 dakika pişirin."
Borani,salata,ıspanak sarimsak soğan zeytinyağı yoğurt tuz kırmızı pul biber,"İki demet ıspanağı ayıklayıp, iyice yıkayın. Bıçak yardımı ile ince ince doğrayın. Derin ve geniş bir tencere içine 3 yemek kaşığı zeytinyağı koyup, ısıtın. Yağın üzerine 1 adet orta boy ince ince doğranmış soğan ve 1 diş ince ince doğranmış sarımsak ekleyip, 2 dakika kavurun. Daha sonra tencereye doğradığınız ıspanakları koyun. Damak tadınıza göre tuz ekleyin. Ispanakları ara ara karıştırarak, yumuşayana kadar pişirin. Ispanak piştikten sonra ocaktan alıp, ılımaya bırakın. Daha sonra ıspanağın suyunu sıkın. Ya da süzgeç içine koyup, kaşık ile sürekli bastırarak, suyunun süzülmesini sağlayın. Suyunu süzdüğünüz ıspanakları bir kaba koyun. Üzerine 4 yemek kaşığı kadar yoğurt, isteğe göre 1 diş rendelenmiş sarımsak ve damak tadınıza göre tuz ekleyin. Tüm malzemeyi kaşık yardımı ile güzelce karıştırın. Hazırladığınız boraniyi servis tabağına alın. Küçük bir tava içine 3-4 yemek kaşığı zeytinyağı koyun. Üzerine 1 çay kaşığı kadar kırmızı pul biber ekleyip, hafifçe kızdırın. Kızdırdığınız pul biberli yağ karışımını borani üzerine döküp, servis edebilirsiniz."
Brokoli Yemeği ve Brokoli Mücver,ana yemek,brokoli yumurta un kaşar peynir tuz karabiber sıvıyağ soğan havuç patates sarımsak zeytinyağı domates salçası limon suyu şeker,"Brokoliyi dallarına ayırın ve yıkayın. Soğan, sarımsak, patates ve havucu doğrayın. Tencereye zeytinyağı dökün ve ısıtın. Soğanı kavurun. Patates, havuç ve sarımsağı ekleyin ve kavurun. Domates salçası ekleyin ve kavurun. Suyu dökün ve tuz, şeker ekleyin. Sebzeleri pişirin. Brokolileri ekleyin ve pişirin. Brokoli mücver karışımını hazırlayın. Mücverleri kızartın."
Bütün Mantar Kavurması,ana yemek,orta boy kültür mantarı soğan sarımsak tereyağı zeytinyağı maydanoz tuz karabiber kırmızı pul biber,"400 gr orta boy kültür mantarın kabuğunu soyup, nemli bir bez ile temizleyin. 1 adet orta boy soğanı da ince ince doğrayın. Orta boy bir tavaya 3 yemek kaşığı zeytinyağı koyup, ısıtın. Yağın üzerine doğradığınız soğanı ekleyin. Soğanı hafifçe yumuşayana kadar sürekli karıştırarak, kavurun. Kavurduğunuz soğanın üzerine 1 yemek kaşığı kadar tereyağı koyup, güzelce karıştırın. Daha sonra tavaya mantarları ekleyin. Mantarları renk değiştirene kadar sürekli karıştırarak kavurun. Mantarları renk değiştirdikten sonra üzerine 2 diş ince ince doğranmış sarımsak, damak tadınıza göre tuz ve karabiber koyup, karıştırın. Mantarların rengi hafifçe karamelize olana kadar orta ateş üzerinde sürekli karıştırarak, pişirmeye devam edin. Son olarak 1 tutam ince ince doğranmış maydanoz ve biraz kırmızı pul biber serpiştirip, 1-2 kere karıştırın."
Domatesli Fasulye Kızartması,ana yemek,ince taze fasulye orta boy domates sarımsak zeytinyağı tuz yoğurt sarımsak,"Fasulyelerin uç kısımlarını kesin ve kılçıklarını ayıklayın. Fasulyeleri yıkayıp, kağıt havlu ile kurulayın. Sarımsakları küçük dilimleyin. Domateslerin kabuğunu soyup, küpler şeklinde doğrayın. Zeytinyağını ısıtın ve fasulyeleri ekleyin. Fasulyeleri kızarana kadar karıştırarak pişirin. Sarımsakları ve domatesleri ekleyin. Tuz ekleyin ve domatesler yumuşayana kadar pişirin. Yoğurt ve sarımsağı çırpın. Domatesli fasulye kızartmasını sarımsaklı yoğurt ile servis edin."
Etli Bezelye Yemeği,ana yemek,taze bezelye kuşbaşı et patates havuç soğan domates salçası zeytinyağı sıcak su tuz karabiber,"Küçük bir tencere içine zeytinyağı döküp, iyice ısıtın. Yağın üzerine kuşbaşı doğranmış et koyun. Etin rengi değişene kadar sürekli karıştırarak, kavurun. Ardından etin üzerini geçecek kadar sıcak su dökün. Etler hafifçe suyunu çekip, yumuşayana kadar pişirin. Diğer tarafta soğanı ince ince doğrayın. Patates ve havucun kabuğunu soyup, küçük küpler şeklinde doğrayın. Geniş bir tencere içine zeytinyağı döküp, ısıtın. Yağın üzerine doğranmış soğanları koyup, 2 dakika sürekli karıştırarak, kavurun. Kavrulan soğanların üzerine domates salçası ekleyin. Salçanın kokusu çıkana kadar 1 dakika sürekli karıştırarak, kavurun. Daha sonra tencerenin içine doğranmış patatesleri, havuçları ve pişen etleri koyun. Tüm sebzeleri ve etleri 2 dakika daha sürekli karıştırarak, kavurun. Son olarak tencereye taze bezelye ekleyin. Bezelyeleri de diğer malzemeler ile birlikte birkaç kez karıştırın. Daha sonra tencereye sıcak su, tuz ve karabiber koyup, karıştırın. Ardından kaynamaya bırakın. Etli bezelye yemeği kaynadıktan sonra kısık ateş üzerinde yaklaşık 30 dakika kadar pişirin."
Fırında Baharatlı Karnabahar,ana yemek,karnabahar zeytinyağı kırmızı toz biber sarımsak tozu kırmızı pul biber kekik zerdeçal karabiber tuz,Karnabaharın dallarını ayırın ve yıkayın. Karnabaharın üzerine baharatlar ve zeytinyağı ekleyin. Karnabaharları baharatlar ile birlikte karıştırın. Karnabaharları yağlı kağıt serili fırın tepsisi içine dizin. Fırında 190 derece de 25 dakika pişirin.
Fırında Brüksel Lahanası,ana yemek,brüksel lahanası sarımsak zeytinyağı kırmızı pul biber kırmızı toz biber karabiber tuz,"Yarım kilo brüksel lahanasının dış yapraklarını temizleyin. Baş kısımlarını çok derine inmeden hafifçe kesin. Brüksel lahanalarını uzunlamasına ortadan ikiye kesin. Sosu için; küçük bir kaba 2 diş rendelenmiş sarımsak, 1 çay kaşığı kırmızı pul biber, 1 çay kaşığı kırmızı toz biber, yarım çay kaşığı karabiber ve yarım çay kaşığı tuz koyun. Üzerine 3-4 yemek kaşığı zeytinyağı döküp, sosu iyice karıştırın. Kestiğiniz brüksel lahanalarını orta büyüklükte bir kaba koyun. Üzerine hazırladığınız sosu dökün. Sosu brüksel lahanalarının her yerine gelecek şekilde eliniz ile güzelce harmanlayın. Soslu brüksel lahanalarını iç kısımları alt tarafa gelecek şekilde fırın tepsisi içine dizin. Önceden ısıtılmış 190 derece fırına verin. Üzeri hafifçe kızarana kadar yaklaşık 20 dakika kadar kontrollü bir şekilde pişirin."
Fırında Çıtır Kabak,ana yemek,kabak yumurta galeta unu mısır unu un tuz,"Kabakları yıkayıp, kurulayın. Uç ve baş kısımlarını kesin. Kabakları parmak uzunluğunda ve çok kalın olmayacak şekilde dilimlere ayırın. Galeta unu, mısır unu ve tuz karışımı hazırlayın. Yumurtaları çırpın. Kabak dilimlerini una, yumurtaya ve galeta unlu karışıma bulayın. Kabak dilimlerini yağlı kağıt serili fırın tepsisi içine dizin. Fırında 20 dakika kadar pişirin."
Fırında İstiridye Mantarı,ana yemek,istiridye mantarı sarımsak zeytinyağı tere yağı rendelenmiş kaşar peyniri kekik karabiber tuz,"Istiridye mantarını temizleyip, yıkayın. Ardından iyice süzüp, temiz bir bez ile kurulayın. Mantarları jülyen şeklinde kesin. Ya da eliniz ile de koparabilirsiniz. Orta boy bir fırın kabının tabanını biraz yağlayın. Kabı yağladıktan sonra mantarları yerleştirin. Istiridye mantarların üzerine 3 diş ince ince doğranmış sarımsağı serpiştirin. Ardından 3 yemek kaşığı zeytinyağı gezdirin. Damak tadınıza göre tuz, karabiber ve biraz kekik serpiştirin. Son olarak mantarların üzerine 1 yemek kaşığı kadar tereyağı küçük küçük parçalar şeklinde ekleyin. Hazırladığınız istiridye mantarını önceden ısıtılmış 180 derece fırına verin. Yaklaşık 30 dakika kadar pişirin. Daha sonra pişen mantarı fırından alıp, üzerine rendelenmiş kaşar peynir serpiştirin. Istiridye mantarını tekrar fırına verin. Peynirlerin üzeri kızarana kadar pişirin."
Fırında Peynirli Pırasa,ana yemek,pırasa yumurta mısır unu süt sıvıyağ beyaz peynir maydanoz dereotu kabartma tozu tuz,"Derin bir kap içine 2 adet yumurta kırıp, iyice çırpın. Üzerine 1 çay bardağı süt ve 1 çay bardağı sıvı yağ dökün. Ardından 2 çay bardağı mısır unu, 1 paket kabartma tozu ve 1 tatlı kaşığı kadar tuz ekleyin. Tüm malzemeyi çırpıcı ile iyice çırpın. Daha sonra kaba 1 su bardağı minik doğranmış beyaz peynir, 1 tutam maydanoz ve 1 tutam dereotunu ince ince doğrayıp, ekleyin. Malzemeleri tekrar karıştırın. Son olarak karışımın içine soğuyan pırasaları koyup, iyice karıştırın. Tuz miktarını peynirin tuz oranına göre ayarlayabilirsiniz. Daha sonra orta boy bir fırın kabı içini yağlayıp, biraz mısır unu serpiştirin. Hazırladığınız peynirli pırasa karışımını kabın içine döküp, yayın. Üzerine bolca çörek otu serpiştirin. Önceden ısıtılmış 180 derece fırına verin. Üzeri kızarana kadar yaklaşık 20 dakika pişirin. Fırında peynirli pırasa piştikten sonra 5 dakika ılımaya bırakın. Daha sonra dilimleyerek, servis edebilirsiniz."
Fırında Sebze Kızartması,ana yemek,patlıcan patates kabak havuç kırmızı kapya biber çerliston biber zeytinyağı tuz karabiber kırmızı pul biber domates sarımsak sıvı yağ,"Sebzelerin kabuklarını soyun ve küpler halinde doğrayın. Biberlerin çekirdek kısımlarını temizleyip, doğrayın. Sebzeleri bir kaba koyun ve üzerine tuz, karabiber, kırmızı pul biber ve zeytinyağı ekleyin. Malzemeleri iyice karıştırın. Borcam tepsiye yağlı kağıt serin ve sebzeli karışımı üzerine koyun. Fırında 180 derece de 45 dakika kadar pişirin. Domates sosu için sarımsak ve rendelenmiş domatesi kavurun. Domates sosuna tuz ekleyin ve 1 dakika kadar daha pişirin. Fırında sebze kızartmasını servis tabağına koyun ve üzerine domates sosunu dökün."
Fırında Sebzeli Tavuk Sote,ana yemek,tavuk göğsü patates soğan çerliston biber kırmızı kapya biber domates zeytinyağı kimyon kekik kırmızı toz biber tuz domates salçası su,"Patates, soğan ve domatesleri soyup, kuşbaşı doğrayın. Biberleri de aynı şekilde doğrayın. Tavuk etlerini büyük yuvarlak borcam kabına koyun. Etlerin üzerine doğranmış soğan ve patatesleri koyun. Ardından kaba doğranmış biberleri ve domatesleri ekleyin. Damak tadınıza göre kimyon, kekik, kırmızı toz biber, tuz ve yarım çay bardağı zeytinyağı koyun. Baharatların ve yağın tavuklu sebzeli harca eşit bir şekilde dağılması için eliniz ile iyice harmanlayın. Domates salçası ile sıcak suyu karıştırın. Salçalı sosu sebzeli tavuğun üzerine gezdirip, tekrardan iyice karıştırın. Fırın kabının üzerine yağlı kağıt serin. Önceden ısıtılmış 190 derece fırına verin. Yaklaşık 40 dakika kadar pişirin. Süre sonunda fırın kabının üzerindeki yağlı kağıdı alın. Sebzeli tavuk yemeğini tekrar fırına verip, üzeri hafifçe kızarana kadar pişirin."
Fırında Sütlü Karnabahar,ana yemek,küçük boy karnabahar süt zeytinyağı tuz karabiber kırmızı toz biber rendelenmiş kaşar peynir,"1 adet küçük boy karnabaharı dallarına ayırıp, yıkayın. Karnabaharları derin bir tencere içine koyun. Üzerlerini geçecek kadar su döküp, kaynamaya bırakın. Kaynadıktan sonra hafifçe yumuşayana kadar yaklaşık 6 dakika haşlayıp, suyunu iyice süzün. Bir kase içine 1 buçuk su bardağı kadar süt dökün. Sütün üzerine 4 yemek kaşığı zeytinyağı, 1 tatlı kaşığı tuz, 1 çay kaşığı karabiber ve 1 çay kaşığı kırmızı toz biber ekleyin. Tüm malzemeleri çırpıcı yardımı ile iyice karıştırın. Haşlayıp, suyunu iyice süzdüğünüz karnabaharları yağlanmış orta boy bir fırın kabı içine yerleştirin. Karnabaharların üzerine hazırladığınız sütlü karışımı dökün. Önceden ısıtılmış 180 derece fırına verin. Sütünü hafifçe çekip, karnabaharlar iyice yumuşayana kadar yaklaşık 25 dakika pişirin. Karnabaharlar iyice yumuşadıktan sonra üzerine bolca rendelenmiş kaşar peynir serpiştirin. Tekrar fırına verip, üzeri güzelce kızarana kadar pişirmeye devam edin. Fırında sütlü karnabahar piştikten sonra 5 dakika dinlenmeye bırakın. Daha sonra servis edebilirsiniz."
Havuçlu Kabak Kavurması,ana yemek,kabak kuru soğan havuç zeytinyağı tuz yoğurt dereotu sarımsak kırık ceviz kırmızı toz biber,"Kabak, havuç ve soğanı doğrayın. Soğanları zeytinyağında kavurun. Havuçları ekleyin. Kabakları ekleyin. Tuz ekleyin. Yoğurtlu karışımı hazırlayın. Cevizli yağ sosunu hazırlayın. Servis edin."
Ispanak Tarator,salata,ıspanak sarımsak soğan zeytinyağı yoğurt tuz,"Ispanakları bol su içinde iyice yıkayın. Ispanakları ince ince doğrayın. Soğan ve sarımsağı ince ince doğrayın. Tencereye zeytinyağı koyup, soğan ve sarımsağı kavurun. Ispanakları tencereye ekleyin ve 1-2 dakika bekleyin. Ispanakları birkaç kez karıştırın ve 2-3 dakika daha pişirin. Ispanakları süzgeç içine koyup, suyunun süzülmesini sağlayın. Ispanağı bir kap içine alın ve üzerine yoğurt, sarımsak ve tuz ekleyin. Ispanaklı harcı güzelce karıştırın. Servis tabağı içine koyup, yayın ve kırmızı pul biber serpiştirin."
Kapuska Yemeği,ana yemek,beyaz lahana soğan sarımsak domates salçası tereyağı zeytinyağı pirinç sıcak su pul biber karabiber tuz,"Beyaz lahanayı temizleyip, bıçak yardımı ile çok ince ve kalın olmayacak şekilde doğrayın. Geniş bir tencere içine tereyağı ve zeytinyağı koyup, ısıtın. Isınan yağın üzerine ince ince doğranmış soğan ekleyin. Soğanı güzelce yumuşayana kadar kavurun. Kavrulan soğanın üzerine domates salçası ve sarımsak koyun. Salçanın ve sarımsağın kokusu çıkana kadar kavurun. Tencereye doğranmış lahanaları koyun. Tencerenin kapağını kapatın. Orta kısık ateş üzerinde lahanalar suyunu salana kadar yaklaşık 5-6 dakika pişirin. Tencerenin kapağını açıp, tüm malzemeleri güzelce karıştırın. Tencereye pirinç, tuz, karabiber ve pul biber ekleyip, karıştırın. Yemeğin üzerine sıcak su döküp, tekrar güzelce karıştırın. Tencerenin kapağını kapatıp, kaynamaya bırakın. Yemeğiniz kaynadıktan sonra kısık ateş üzerinde lahanalar ve pirinçler güzelce yumuşayana kadar pişirin."
Karnabahar Böreği,ana yemek,karnabahar yumurta süt zeytinyağı taze soğan maydanoz tuz kimyon kırmızı pulbiber karabiber un kabartma tozu rendelenmiş kaşar peynir,"Karnabaharı küçük küçük dallarına ayırın. Bol suda iyice yıkayıp, kurulayın. Orta boy geniş bir tava içine karnabaharları üst üste gelmeyecek şekilde yan yana dizin. Karnabaharların üzerine az miktar sıvı yağ ve çok az miktarda su dökün. Tavanın kapağını kapatıp, karnabaharları orta ateş üzerinde arkalı önlü hafifçe kızarana kadar pişirin. Diğer tarafta karnabaharın sosu için; çukur bir kap içine 2 adet yumurta kırın. Üzerine yarım çay bardağı süt ve 2 yemek kaşığı zeytinyağı dökün. 1 çay kaşığı tuz, 1 çay kaşığı kimyon, yarım çay kaşığı pulbiber, 1 çay kaşığı karabiber, 1 yemek kaşığı un ve 1 çay kaşığı kabartma tozu koyup, tel çırpıcı yardımı ile iyice karıştırın. Daha sonra sosun içine 2 sap ince ince doğranmış taze soğan ve 2 tutam ince ince doğranmış maydanoz ekleyin. Tüm malzemeleri tekrar iyice karıştırın. Hazırladığınız sosu pişen karnabaharların üzerine eşit bir şekilde gezdirerek, dökün. Tavanın kapağını kapatıp, karnabahar böreğini kısık  ateş üzerinde pişmeye bırakın. Karnabahar böreği piştikten sonra üzerine rendelenmiş kaşar serpiştirip, tekrar tavanın kapağını kapatın. Kaşar peynirler iyice eriyene kadar bekleyin. Karnabahar böreği piştikten sonra servis tabağına alın. 5 dakika kadar dinlenmeye bırakın. Ardından dilimleyerek, servis edebilirsiniz."
Karnabahar Kızartması,ana yemek,karnabahar soda yumurta un nişasta tuz karabiber sıvıyağ,"Karnabaharın saplarını biraz kesin. Dallarına ayırıp, yıkayın. Ayıkladığınız karnabaharları derin bir tencere içine koyun. Üzerine çıkacak kadar su ve biraz tuz ekleyip, karnabaharları hafifçe haşlayın. Haşladıktan sonra suyunu süzüp, soğumaya bırakın. Diğer tarafta derin bir kap içine 2 adet yumurta kırın. Yumurtaların üzerine 1 şişe soda döküp, iyice çırpın. Ardından kaba 1 çay bardağı nişasta, 1 su bardağı dolusu un, 1 tatlı kaşığı tuz ve 1 çay kaşığı karabiber ekleyin. Tüm malzemeleri tel çırpıcı ile iyice karıştırın. Daha sonra karnabaharları hazırladığınız sodalı karışıma bulayın. Ardından kızgın yağ içinde arkalı önlü kızartın. Kızaran karnabaharları havlu kağıt serili servis tabağı üzerine alıp, yağlarının süzülmesini sağlayın."
Karnabahar Pane,ana yemek,karnabahar yumurta yoğurt zeytinyağı galeta unu un kırmızı pul biber kimyon karabiber zerdeçal tuz,"Karnabaharı küçük dallarına ayırıp yıkayın. Orta boy derin bir tencere içine su döküp, kaynamaya bırakın. Kaynayan suyun içine biraz tuz ve karnabaharları koyup, 6 dakika kadar haşlayın. Haşladıktan sonra suyunu iyice süzüp, soğumaya bırakın. Pane sosu için; bir kap içine 2 adet yumurta kırın. Üzerine 1 yemek kaşığı yoğurt, 4 yemek kaşığı zeytinyağı, 2 yemek kaşığı galeta unu ve 1 yemek kaşığı un koyun. Ardından kaba 1 çay kaşığı kırmızı pul biber, 0.5 çay kaşığı kimyon, 0.5 çay kaşığı karabiber, 0.25 çay kaşığı zerdeçal ve damak tadınıza göre tuz ekleyin. Tüm sos malzemelerini tel çırpıcı yardımı ile iyice karıştırın. Haşlayıp, suyunu iyice süzdüğünüz karnabaharları önce tek tek pane sosuna batırıp, fazla olan sosunu süzün. Ardından karnabahar paneleri yağlı kağıt serili fırın tepsisi içine dizin. Önceden ısıtılmış 200 derece fırına verip, üzeri kızarana kadar yaklaşık 20 dakika pişirin."
Kereviz Yemeği,ana yemek,kereviz patates havuç soğan zeytinyağı portakal suyu limon suyu toz şeker tuz dereotu,"Geniş bir tencere içine yarım çay bardağı zeytinyağı koyun. Üzerine ince ince doğranmış soğanı ekleyip, 1 dakika kavurun. Ardından halkalar halinde doğradığınız havuçları koyup, 2 dakika kadar daha kavurun. Küpler halinde doğradığınız patates ve kerevizleri de ekleyip, 3-4 kere karıştırın. Kereviz yemeğinin üzerine 2 adet taze sıkılmış portakal suyu, 1 adet küçük boy limon suyu, sebzelerin üzerine hafifçe çıkacak kadar su, biraz tuz ve 2 yemek kaşığı kadar toz şeker koyup, karıştırın. Tencerenin kapağını kapatıp, orta ateş üzerinde sebzeler yumuşayana kadar pişirin. Kereviz yemeği piştikten sonra ocaktan alıp, soğumaya bırakın. Soğuyan kereviz yemeğinin üzerine 1 tutam ince ince doğranmış dereotu ya da kereviz yaprağı serpiştirip, servis edebilirsiniz."
Kıymalı Kereviz Yemeği,ana yemek,kıyma kereviz kuru soğan patates havuç sarimsak domates salçası zeytinyağı tuz kekik karabiber,"1 adet kuru soğanı ve 2 diş sarımsağı ince ince doğrayın. 1 adet orta boy patates, 2 adet havuç ve 1 adet orta boy kerevizin kabuğunu soyup, çok küçük olmayacak şekilde küpler halinde kesin. Doğradığınız kerevizleri kararmaması için limonlu su içinde bekletin. Geniş bir tencere içine 4 yemek kaşığı zeytinyağı koyup, ısıtın. Yağın üzerine 200 gr kıyma koyun. Kıymanın rengi değişene kadar sürekli kavurun. Ardından kavrulan kıymanın üzerine doğranmış soğanı koyup, 5 dakika kadar daha kavurun. Daha sonra tencereye doğranmış havuçları ekleyip, 2 dakika daha kavurmaya devam edin. 1 yemek kaşığı domates salçası da koyup, 1 dakika kavurun. Son olarak tencereye doğranmış patates ve kerevizleri ekleyin. Damak tadınıza göre tuz, karabiber ve kekik koyup, 2-3 kere karıştırın. Ardından sebzelerin üzerine hafifçe çıkacak kadar sıcak su döküp, karıştırın. Tencerenin kapağını kapatıp, kaynamaya bırakın. Kıymalı kereviz yemeği kaynamaya başladıktan sonra, ocağın altını kısın. Sebzeler yumuşayana kadar pişirin. Hazırladığınız kıymalı kereviz yemeğini 5 dakika kadar dinlenmeye bırakın. Daha sonra servis edebilirsiniz."
Közlenmiş Patlıcan Yemeği,ana yemek,patlıcan kırmızı kapya biber kuru soğan sarımsak zeytinyağı karabiber kırmızı pul biber tuz,"Patlıcanları ve biberleri közleyin. Közlenen patlıcan ve biberleri soyun ve doğrayın. Soğan ve sarımsakları kavurun. Patlıcan ve biberleri tencereye ekleyin. Tuz, karabiber ve kırmızı pul biber ekleyin. Kısık ateş üzerinde pişirin. Servis tabağına alın ve sarımsaklı yoğurt ile süsleyin."
Lahana Kavurması,ana yemek,beyaz lahana domates salçası zeytinyağı tere yağı kapya biber soğan havuç sarımsak kırmızı pul biber karabiber tuz,"Lahana kavurması yapımı için; ilk olarak 1 kilo beyaz lahanayı güzelce yıkayıp, suyunu süzün. Bıçak yardımı ile uzun şeritler halinde ince ince doğrayın. Ardından 1 adet büyük boy soğan ve 2 diş sarımsağı ince ince doğrayın. 1 adet orta boy havucu rendenin iri tarafı ile rendeleyin. 1 adet kapya biberi de küçük küçük doğrayın. Geniş bir tencere içine 4 yemek kaşığı zeytinyağı ve 1 yemek kaşığı tereyağı koyup, ısıtın. Yağın üzerine doğranmış soğanı ekleyip, hafifçe yumuşayana kadar sürekli karıştırarak kavurun. Kavurduğunuz soğanın üzerine rendelenmiş havuç, doğranmış kapya biber ve doğranmış sarımsakları ekleyin. Tüm sebzeleri 1 dakika kadar daha sürekli karıştırarak kavurun. Ardından sebzelerin üzerine 1 buçuk yemek kaşığı domates salçası koyun. Salçanın kokusu çıkana kadar sürekli karıştırarak, kavurun. Daha sonra tencereye doğranmış lahanaları koyun. Ardından tencerenin kapağını kapatın. Lahanalar suyunu salana kadar orta kısık ateş üzerinde yaklaşık 6-7 dakika pişirin. Süre sonunda tencerenin kapağını açıp, lahanaları güzelce karıştırın. Damak tadınıza göre tuz, karabiber ve kırmızı pul biber ekleyip, tekrardan güzelce karıştırın. Ardından tencerenin kapağını kapatın ve lahanalar suyunu çekip, yumuşayana kadar kısık ateş üzerinde ara ara karıştırarak pişirmeye devam edin."
Lahana Yemeği,ana yemek,Lahana Soğan Sivri Biber Domates Sarımsak Domates Salçası Tereyağı Zeytinyağı Sıcak Su Tuz Karabiber Kırmızı Pul Biber,"Lahana'yı bıçak yardımı ile çok kalın ve ince olmayacak şekilde doğrayın. Geniş bir tencere içine 1 yemek kaşığı tereyağı ve 3 yemek kaşığı zeytinyağı koyup, ısıtın. Isınan yağın üzerine 1 adet orta boy ince ince doğranmış soğan ve 2 adet ince ince doğranmış sivri biberi koyun. Soğan ve biberleri ara ara karıştırarak, 3 dakika kavurun. Ardından tencereye 1 adet orta boy minik küpler halinde doğranmış domates, 1 yemek kaşığı domates salçası, ve 2 diş ince ince doğranmış sarımsak koyun. Domatesler çok hafif yumuşayana kadar 2-3 dakika kavurun. Daha sonra tencereye doğranmış beyaz lahanayı, damak tadınıza göre tuz, karabiber ve kırmızı pul biber koyun. Son olarak lahananın üzerine 2-3 su bardağı sıcak su döküp, karıştırın. Ardından yemeği kaynamaya bırakın. Kaynadıktan sonra kısık ateş üzerinde lahanalar güzelce yumuşayana kadar yaklaşık 35-40 dakika pişirin."
Mantar Kızartması,ana yemek,kültür mantarı yumurta galeta unu tuz sıvı yağ,"Mantarların kabuğunu soyup, hafifçe nemli bir bez ile temizleyin. Bir kase içine 1 adet yumurta kırın. Başka bir kase içine galeta unu koyun. Yumurtanın ve galeta ununun içine biraz tuz ekleyip, iyice karıştırın. Temizlediğiniz mantarları önce arkalı önlü yumurtaya bulayın. Yumurtaya buladıktan sonra arkalı önlü galeta ununa bulayın. Mantarları galeta ununa buladıktan sonra kolaylık açısından bir tabak üzerine dizin. Galeta unlu mantarları kızgın yağ içine koyup, arkalı önlü kızartın. Kızaran mantarları havlu kağıt serili servis tabağı üzerine alıp, fazla yağının süzülmesini sağlayın."
Mantarlı Karnabahar Kavurması,ana yemek,küçük boy karnabahar kültür mantarı soğan havuç sarımsak zeytinyağı tuz yoğurt kırmızı toz biber,"Karnabaharı küçük küçük dallarına ayırıp, güzelce yıkayın. Mantarları dış kabuğunu soyup, nemli bir bez ile temizleyin. Mantarları çok küçük olmayacak şekilde dilimleyin. Orta boy geniş bir tava içine zeytinyağı döküp, ısıtın. Isınan yağın üzerine havuç ve soğan ekleyin. Soğan ve havucu yaklaşık 3 dakika sürekli karıştırarak kavurun. Tencereye karnabaharları koyup, güzelce karıştırın. Kısık ateş üzerinde karnabaharları hafifçe yumuşayana kadar ara ara karıştırarak, kavurun. Yumuşayan karnabaharların üzerine sarımsak, doğranmış mantarlar ve damak tadınıza göre tuz koyun. Mantarlar yumuşayana kadar ara ara karıştırarak, kavurmaya devam edin. Ocak üzerinden alıp, ılımaya bırakın. Bir kase içine yoğurt ve damak tadınıza göre tuz koyup, iyice çırpın. Küçük bir sos tavası içine zeytinyağı ve kırmızı toz biber koyup, hafifçe kızdırın. Hazırladığınız mantarlı karnabahar kavurmasını yayvan bir tabak içine koyun. Üzerine çırpılmış yoğurt ve kızdırdığınız sosu döküp, servis edebilirsiniz."
Mantar Mezesi,atıştırmalık,küçük boy kültür mantarı orta boy soğan sarımsak zeytinyağı tereyağı maydanoz tuz karabiber kekik kırmızı pul biber kırmızı toz biber süzmeyoğurt,"Mantarların kabuklarını soyun. Mantarları nemli bir bez ile temizleyin. Mantarların sap kısımlarını kesin. Mantarları doğramadan bütün olarak bırakın. Soğanı yarım ay şeklinde doğrayın. Soğanı zeytinyağında kavurun. Tereyağını soğana ekleyin. Mantarları tavaya ekleyin. Sarımsakları mantarların üzerine serpiştirin. Mantarları baharatlarla birlikte karıştırın. Yoğurt sosu için yoğurt, sarımsak ve tuz karıştırın. Yoğurt sosunu servis tabağının tabanına dökün. Mantarlı karışımı yoğurdun üzerine koyun."
Mercimekli Kabak Yemeği,ana yemek,kabak yeşil mercimek soğan sarımsak domates salçası zeytinyağı limon suyu tuz,"Mercimekleri küçük bir tencere içine koyun. Üzerini geçecek kadar kaynar su dökün. Siyah suyu çıkana kadar yaklaşık 5 dakika pişirin. Kabağı orta büyüklükte küpler şeklinde doğrayın. Geniş bir tencere içine zeytinyağı döküp, ısıtın. Isınan yağın üzerine soğanı koyup, 2-3 dakika kavurun. Kavrulan soğanın üzerine domates salçası ve sarımsak ekleyin. Salçanın ve sarımsağın kokusu çıkana kadar kavurun. Ardından tencereye doğradığınız kabakları ekleyin. Kabakları da 2 dakika kadar ara ara karıştırarak, kavurun. Daha sonra kabakların üzerine yeşil mercimeği ekleyin. Son olarak hafifçe üzerlerine gelecek şekilde sıcak su dökün. Damak tadınıza göre tuz ekleyip, karıştırın. Ardından kaynamaya bırakın. Kaynadıktan sonra kısık ateş üzerinde kabak ve mercimekler yumuşayana kadar pişirin. Yemeğiniz piştikten sonra üzerine limon suyu döküp, güzelce karıştırın."
Mısır Unlu Karnabahar Kızartması,ana yemek,orta boy karnabahar yumurta süt un kırmızı toz biber karabiber kimyon tuz sıvı yağ mısır unu,"Karnabaharı küçük küçük dallarına ayırıp, yıkayın. Karnabaharları derin bir tencere içine koyun. Üzerine çıkacak kadar kaynar su döküp, biraz yumuşaması için 6-7 dakika kadar haşlayın. Haşladıktan sonra suyunu süzüp, soğumaya bırakın. Sosu için; bir kaba 1 adet yumurta kırın. Üzerine 1 çay bardağı süt döküp, tel çırpıcı yardımı ile iyice karıştırın. Ardından kaba 3 yemek kaşığı un, damak tadınıza göre tuz, karabiber, kimyon ve kırmızı pul biber koyun. Sosu pürüzsüz bir kıvam alana kadar tekrar iyice karıştırın. Ayrı bir kap içine de mısır unu koyun. Haşladığınız karnabaharları önce tek tek sütlü harca batırıp, fazla olan sosunu süzün. Ardından arkalı önlü mısır ununa bulayın. Mısır unlu karnabaharları kızgın yağ içinde arkalı önlü kızartın. Kızaran karnabaharları havlu kağıt serili tabak üzerine alıp, fazla yağının süzülmesini sağlayın."
Nohutlu Semizotu Yemeği,ana yemek,semizotu nohut pirinç soğan domates salçası zeytinyağı sıcak su tuz,Semizotlarının kök kısmına yakın saplarını temizleyin ve bol su içinde yıkayın. Semizotlarını süzün ve bıçak yardımı ile ince ince doğrayın. Geniş bir tencere içine zeytinyağı dökün ve ısıtın. Soğanı ekleyin ve 2-3 dakika kavurun. Domates salçası ekleyin ve salçanın kokusu çıkana kadar kavurun. Semizotlarını ekleyin ve 1-2 dakika kavurun. Pirinçleri ekleyin ve 2.5 su bardağı sıcak su dökün. Tencerenin kapağını kapatın ve kaynamaya bırakın. Kaynadıktan sonra kısık ateş üzerinde pirinçler hafifçe şişene kadar pişirin. Nohut ve tuz ekleyin ve 10 dakika daha pişirin.
Patates Graten,ana yemek,patates sıvı krema süt kırmızı toz biber kimyon sarımsak tuz karabiber rendelenmiş kaşar peynir,"Patateslerin kabuğunu soyup, yıkayın. Kalın olmayacak şekilde halkalar halinde dilimleyin. Geniş bir kap içine 1 paket sıvı krema ve 1 su bardağı süt koyup, tel çırpıcı yardımı ile iyice karıştırın. Karışımın üzerine 2 diş rendelenmiş sarımsak, 1 çay kaşığı kırmızı toz biber, 1 çay kaşığı kimyon, damak tadınıza göre tuz ve karabiber ekleyip, tekrar karıştırın. Kremalı karışımın içine dilimlediğiniz patatesleri koyup, eliniz ile iyice harmanlayın. Ardından kare ya da dikdörtgen bir orta boy fırın kabı içine kremalı patatesleri koyup, eliniz ile eşit bir şekilde yayın. Önceden ısıtılmış 180 derece fırına verin. Üzeri iyice kızarana kadar yaklaşık 45 dakika kadar pişirin. Patates graten piştikten sonra fırından çıkartın. Üzerine bolca rendelenmiş kaşar peynir serpiştirin. Peynirin üzerine de biraz kırmızı toz biber serpiştirip, tekrar fırına verin. Kaşar peynir hafifçe kızarana kadar pişirin. Patates graten piştikten sonra fırından alıp, 5 dakika dinlenmeye bırakın. Ardından dilimleyerek, servis edebilirsiniz."
Patlıcan Kızartması,ana yemek,patlıcan galeta unu un yumurta tuz sıvı yağ,"Patlıcanları yıkayıp, kabuğunu alacalı soyun. Patlıcanları halkalar halinde çok ince olmayacak şekilde dilimleyin. Galeta ununu ve unu karıştırın. Yumurtaları kırıp, çatal ya da tel çırpıcı yardımı ile iyice çırpın. Patlıcan dilimlerini öncelikle arkalı önlü una bulayın. Una buladıktan sonra çırpılmış yumurtaya arkalı önlü bulayın. Son olarak galeta ununa bulayın. Buladığınız patlıcan dilimlerini bir tabak üzerine dizin. Yumurtalı galeta unlu patlıcanları kızgın yağ içine koyup, arkalı önlü kızartın. Kızaran patlıcanları kağıt havlu serili bir tabak üzerine koyup, yağının süzülmesini sağlayın."
Pırasa Kavurması,ana yemek,pırasa havuç soğan sarımsak domates salçası zeytinyağı tuz yoğurt sarımsak,"Pırasayı ayıklayıp yıkayın. Pırasayı halkalar halinde doğrayın. Havucu halkalar halinde kesin. Tencereye zeytinyağı, soğan ve sarımsak koyup kavurun. Tencereye domates salçası koyup kavurun. Tencereye pırasa, havuç ve tuz koyup karıştırın. Tencerenin kapağını kapatıp pişirin. Yoğurt, sarımsak ve tuz ile sos hazırlayın. Pırasa kavurmasını servis tabağına alın ve üzerine sos dökün."
Sebze Spagetti,ana yemek,kabak havuç kırmızı kapya biber zeytinyağı tuz domates salçası domates sarımsak su kavrulmuş kıyma karabiber kırmızı pul biber,"Kabağın baş kısımlarını kesip, yıkayın. Kabakları jülyen sebze doğrayıcısı ya da kabuk soyacağı ile doğrayın. Havucun kabuğunu soyup, aynı şekilde doğrayın. Kırmızı kapya biberinin çekirdeğini temizleyip, bıçak yardımı ile ince uzun şeritler halinde doğrayın. Geniş bir tencere içine zeytinyağı dökün. Yağın üzerine doğradığınız havuçları koyup, 3-4 dakika kavurun. Kavrulan havuçların üzerine doğradığınız kabakları, kırmızı biberi ve biraz tuz ekleyin. Sebzeler yumuşayana kadar ara ara karıştırarak, 5 dakika kadar kavurun. Sosu için; orta boy bir tava içine zeytinyağı ve rendelenmiş sarımsak koyun. Sarımsağı kısa bir süre kavurun. Tavaya domates salçası ekleyip, hafifçe kokusu çıkana kadar kavurun. Tavaya rendelenmiş domates, su, tuz, karabiber, kırmızı pul biber ve kavrulmuş kıyma koyun. Sosu ara ara karıştırarak, 5-6 dakika pişirin. Kıymalı domates sosu piştikten sonra sebze spagettinin üzerine dökün. Sebze spagettiyi sosla beraber güzelce karıştırın. Hazırladığınız kıymalı sebze spagettiyi servis tabağına koyun. Üzerine çırpılmış yoğurt döküp, ince ince doğranmış dereotu serpiştirip, servis edebilirsiniz."
Tavada Brüksel Lahanası,ana yemek,brüksel lahanası zeytinyağı kırmızı pul biber kırmızı toz biber karabiber tuz sarımsak tozu,"Brüksel lahanalarının dış yapraklarını temizleyip, baş kısımlarını çok derine inmeden hafifçe kesin. Baş kısımlarını kökünden keserseniz yaprakları ayrılır. Daha sonra sirkeli su içinde yarım saat kadar bekletip, suyunu süzün. Suyunu süzdüğünüz brüksel lahanalarını uzunlamasına ortadan ikiye bölün. Ardından brüksel lahanalarını bir kap içine koyun. Üzerine 4-5 yemek kaşığı zeytinyağı dökün. Daha sonra 1 çay kaşığı kırmızı pul biber, 1 çay kaşığı kırmızı toz biber, yarım çay kaşığı karabiber ve yarım çay kaşığı tuz ekleyin. Brüksel lahanaları baharatları ve yağı ile birlikte elinizle güzelce harmanlayın. Son olarak geniş bir tava içine soslu brüksel lahanaları iç kısımları altta kalacak şekilde yan yana dizin. Tavanın kapağını kapatın. Orta kısık ateş üzerinde brüksel lahanaların alt tarafları hafifçe kızarana kadar pişirin. Daha sonra brüksel lahanalarını ters çevirip, üzerlerine yarım çay kaşığı kadar sarımsak tozu serpiştirin. Tekrar tavanın kapağını kapatıp, diğer yüzünün de kızarmasını sağlayın."
Tavuklu Pırasa Yemeği,ana yemek,kuşbaşı doğranmış tavuk eti orta boy pırasa orta boy havuç orta boy soğan domates salçası zeytinyağı tuz karabiber,"Pırasaların ilk katını soyup, yıkayın. Pırasaları 2 parmak kalınlığında kesin. Tencereye zeytinyağı dökün. Soğanı kavurun. Tavuk etini ekleyin ve pişirin. Havucu ekleyin ve kavurun. Pırasa ve domates salçasını ekleyin. Yemeği karıştırın ve su, tuz ve karabiber ekleyin. Tencerenin kapağını kapatıp, kaynamaya bırakın. Pırasa ve havuçlar yumuşayana kadar pişirin."
Tepside Kumpir,ana yemek,patates rendelenmiş kaşar peynir tereyağı tuz karabiber havuç haşlanmış bezelye haşlanmış mısır kornişon turşu ketçap mayonez,"Haşlanan havucu minik küpler halinde kesip, bir kap içine koyun. Havucun üzerine 1 buçuk çay bardağı haşlanmış bezelye, 1 buçuk çay bardağı haşlanmış mısır ve 4 adet küpler halinde doğranmış kornişon turşu ekleyin. Tüm harcı iyice karıştırın. Patatesleri iyice ezerek, püre haline getirin. Küçük yuvarlak borcam içine patatesli harcı koyup, eliniz ile eşit bir şekilde yayın. İyice ısınması için önceden ısıtılmış 190 derece fırına verin. Yaklaşık 5-6 dakika kadar ısınmasını sağlayın. Ardından patatesi fırından çıkartıp, üzerine hazırladığınız garnitürü yayın. Hazırladığınız tepside kumpirin üzerine ketçap ve mayonez döküp, hiç bekletmeden sıcak olarak servis edebilirsiniz."
Yoğurtlu Patates Mantısı,ana yemek,patates maydanoz tuz karabiber yoğurt sarımsak sıvı yağ domates salçası su,"İlk olarak 4 adet orta boy patatesi kabukları ile birlikte iyice yıkayın. Daha sonra kabuklarını soyun. Geniş bir kap içinde patatesleri püre ezicisi ya da çatal yardımı ile iyice ezin. Üzerine yarım demet ince ince doğranmış maydanoz, tuz, karabiber ve kırmızı pul biber ekleyin. Harcı eliniz ile karıştırın. Karışımın biraz soğumasını sağlayın ki şekli daha kolay verebilesiniz. Patatesli karışımdan mandalina büyüklüğünde parçalar alın. Elinizde yuvarlayıp, servis tabağına koyun. Yoğurtlu sos için; bir kap içine 1 kase yoğurt, 2 diş rendelenmiş sarımsak ve az miktar tuz ekleyip, iyice karıştırın. Yuvarladığınız patateslerin orta kısmını parmağınız ile hafifçe bastırarak, çanak şeklinde açın. Patates çanaklarının içini yoğurtlu sos ile doldurun. Son olarak küçük bir tava içine 3 yemek kaşığı zeytinyağı ve 1 tatlı kaşığı domates salçası koyun. Ocak üzerine alıp, biraz kavurun. Kavurma esnasında salçayı açmak için 2 yemek kaşığı kadar su ekleyin. Hazırladığınız yoğurtlu patates mantısının üzerine salçalı sosu paylaştırıp, servis edebilirsiniz."
Yufkasız Kabak Böreği,ana yemek,kabak yumurta dereotu kabartma tozu un karabiber kırmızı pul biber tuz kaşar peynir,"Derin bir kap içine 3 adet yumurta kırın. Yumurtaları tel çırpıcı yardımı ile iyice çırpın. Kaba 3 tutam ince ince doğranmış dereotu, 4 yemek kaşığı dolusu un, 1 paket kabartma tozu, 1 çay kaşığı tuz, damak tadınıza göre karabiber ve kırmızı pul biber koyun. Malzemeleri tel çırpıcı yardımı ile güzelce karıştırın. 4 adet küçük boy kabağı rendenin iri tarafı ile rendeleyin. Rendelenmiş kabakların suyunu eliniz ile iyice sıkıp, kabın içine ekleyin. Tüm malzemeleri spatula yardımı ile güzelce karıştırın. Hazırladığınız yufkasız kabak böreği harcını yağlı kağıt serili küçük dikdörtgen fırın kabı içine döküp, spatula yardımı ile güzelce yayın. Önceden ısıtılmış 190 derece fırına verin. Yaklaşık 20 dakika üzeri hafifçe kızarana kadar pişirin. Kabak böreği piştikten sonra fırından çıkartıp, üzerine rendelenmiş kaşar peynir serpiştirin. Tekrardan önceden ısıtılmış fırına verin. Üzeri kızarana kadar pişirin. Yufkasız kabak böreği piştikten sonra 5 dakika dinlenmeye bırakın. Ardından dilimleyerek, servis edebilirsiniz."
Zeytinyağlı Ayvalı Kereviz,ana yemek,kereviz ayva havuç soğan portakal limon suyu toz şeker zeytinyağı su tuz kereviz yaprağı,"Suyun içine 1 adet sıkılmış limon suyu ve limonun kendi kabuklarını ekleyip, karıştırın. 3 adet orta boy kerevizin kabuğunu soyup, orta büyüklükte küpler şeklinde doğrayın. 1 adet orta boy ayvanın kabuğunu soyup, orta büyüklükte dilimleyin. Doğradığınız kereviz ve ayvaları kararmamaları için başta hazırladığınız limonlu su içine koyun. Geniş bir tencere içine yarım çay bardağı kadar zeytinyağı koyun. Üzerine 1 adet orta boy ince ince doğranmış soğan ekleyip, 1 dakika kavurun. Ardından tencereye 2 adet orta boy küçük küpler şeklinde doğranmış havuçları koyun. Havuçları da 2 dakika kadar soğanlar ile birlikte kavurmaya devam edin. Daha sonra limonlu su içinde beklettiğiniz kereviz ve ayvaları alıp, tencere içine koyun. Diğer tarafta 1 adet portakal ve yarım limonun suyunu sıkın. Portakal ve limon suyunun üzerine 1 su bardağı su, damak tadınıza göre tuz ve 1 yemek kaşığı toz şeker ekleyip, iyice karıştırın. Ardından portakallı su karışımını yemeğin üzerine gezdirerek, dökün. Hazırladığınız portakallı ayvalı kereviz yemeğini kaynamaya bırakın. Kaynadıktan sonra kısık ateş üzerinde sebzeler güzelce yumuşayana kadar pişirin. Zeytinyağlı ayvalı kereviz yemeği piştikten sonra ocaktan alıp, oda ısısında soğumaya bırakın. Soğuduktan sonra üzerini 1 tutam ince ince doğranmış kereviz yaprağı ile süsleyerek, servis edebilirsiniz."
Zeytinyağlı Kabak Kavurması,ana yemek,kabak soğan havuç kırmızı kapya biber domates sarımsak zeytinyağı tuz kırmızı pul biber,"Kabakları alacalı soyup, küpler halinde doğrayın. Havucunu kabuğunu soyup, küpler halinde kesin. Soğan ve sarımsağı ince ince doğrayın. Kırmızı kapya biberi küçük küçük doğrayın. Geniş orta boy bir tencere içine zeytinyağı dökün. Üzerine doğranmış soğan ve sarımsakları koyup, 2 dakika kavurun. Ardından doğranmış havuç ve kırmızı kapya biberi ekleyin. Havuç ve biberi 2-3 dakika kadar kavurun. Daha sonra tencereye doğranmış kabakları koyup, karıştırın. Tencerenin kapağını kapatıp, 5 dakika ara ara karıştırarak kavurun. Kavrulan kabakların üzerine domates, tuz ve kırmızı pul biber koyup, karıştırın. Tencerenin kapağını kapatın. Kabaklar yumuşayana kadar pişirin. Zeytinyağlı kabak kavurması piştikten sonra ocaktan alıp, ılımaya bırakın. Üzerine dereotu serpiştirip, servis edebilirsiniz."
Zeytinyağlı Taze Fasulye Oturtma,ana yemek,taze fasulye domates soğan zeytinyağı su toz şeker tuz,"Taze fasulyeleri ayıklayıp temizleyin. Domateslerin kabuklarını soyup, minik küpler halinde kesin. Soğanların kabuklarını soyup, ince ince doğrayın. Taze fasulyeleri tam ortadan ikiye kesin. Tencerenin ortasına kestiğiniz yarım domatesi koyun. Taze fasulyeleri domatesin etrafına tek sıra halinde dizin. Hazırladığınız domatesli soğanlı sosun birazını fasulyelerin üzerine gezdirin. 1 sıra daha taze fasulye dizip, tekrar üzerine sos dökün. Bu şekilde 1 kere daha dizip, kalan sosun tamamını taze fasulyelerin üzerine dökün. Fasulyelerin üzerine bir tabak oturtup, ocak üzerine alın. Orta ateş üzerinde kaynamaya bırakın. Kaynadıktan sonra ocağın altını kısıp, 45-50 dakika kadar pişirin. Fasulyeler suyunu çekene kadar pişirmeye devam edin. Fasulyeler suyunu çektikten sonra ocaktan alıp, oda ısısında soğumaya bırakın. Daha sonra zeytinyağlı taze fasulyenin üzerine tabak kapatın. Dikkatli bir şekilde ters çevirin."
Börülce Kavurması,ana yemek,taze börülce zeytinyağı tere yağı soğan domates tuz,"Börülceyi ayıklayıp, yıkayın. Bıçak yardımı ile uzunluklarına göre 3-4 parçaya bölün. Su kaynadıktan sonra içine tuz ve taze börülceleri ekleyin. Börülceleri yumuşayana kadar haşlayın. Haşlanan taze börülcelerin suyunu süzün. Diğer tarafta orta boy geniş bir tencere içine yarım çay bardağı zeytinyağı ve 1 yemek kaşığı tereyağı koyup, ısıtın. Isınan yağın üzerine 1 adet ince ince doğranmış soğan ekleyin. Soğanı yaklaşık 5 dakika kadar kavurun. Kavrulan soğanın üzerine 1 adet orta boy küçük küpler halinde doğranmış domatesi koyun. Domatesler suyunu salıp, hafifçe çekene kadar kavurun. Daha sonra tencereye haşlanmış börülceleri ekleyin. Damak tadınıza göre tuz ve dilediğiniz baharatları koyup, 2-3 kere karıştırın. Tencerenin kapağını kapatıp, kısık ateş üzerinde ara ara karıştırarak, 6-7 dakika kadar pişirin."
Enginar Salatası,salata,enginar maydanoz dereotu kornişon turşu garnitür mısır kırmızı biber limon suyu sızma zeytinyağı tuz,"5 adet enginarı limonlu su içinde haşlayın. Haşlandıktan sonra suyunu süzün. Soğumaya bırakın. Soğuyan enginarları büyük küpler şeklinde kesin. Daha sonra kaba 3 tutam ince ince doğranmış maydanoz ve dereotunu koyun. 1 adet küçük küçük doğranmış kırmızı biber ve 4 adet küçük küçük doğranmış kornişon turşuyu koyun. Son olarak kaba damak tadınıza göre tuz, yarım limon suyu, 4-5 yemek kaşığı zeytinyağı ekleyip, enginar salatasını güzelce karıştırın. Hazırladığınız enginar salatasını servis tabağına koyup, servis edebilirsiniz."
Etli Terbiyeli Kereviz Yemeği,ana yemek,kereviz patates havuç kuşbaşı et zeytinyağı soğan tuz karabiber yumurta sarısı limon suyu,"Tencereye zeytinyağı dökün, soğanı ekleyin ve 2 dakika kavurun. Havuçları ve patatesleri ekleyin, 2 dakika daha kavurun. Kerevizleri ekleyin, üzerini geçecek kadar sıcak su koyun, kaynamaya bırakın. 10 dakika kaynadıktan sonra eti, tuz ve karabiberi ekleyin, karıştırın. Sebzeler yumuşayana kadar 15 dakika pişirin. Terbiye için yumurta sarısı ve limon suyunu karıştırın, yemeğin suyundan bir kepçe ekleyin, ılımasını sağlayın. Terbiyeyi azar azar dökün, hızlı bir şekilde karıştırın. 1-2 taşım kaynatın, ocağın altını kapatın."
Fırında Beşamel Soslu Karnabahar Graten,ana yemek,karnabahar tuz Beşamel Sos İçin Üzeri İçin,"1 adet orta boy karnabaharı dallarına ayırıp, iyice yıkayın. Daha sonra karnabaharları derin bir tencere içine alın. Üzerlerine çıkacak kadar su döküp, az miktar da tuz serpiştirin. Kaynamaya bırakın. Kaynadıktan sonra ocağın altını kısıp, 20 dakika kadar haşlayın. Karnabaharlar yumuşadıktan sonra sonra suyunu süzüp, kenara alın. Beşamel sos için; küçük bir tencereye 2 yemek kaşığı tereyağ koyup, eritin. Eriyen yağın üzerine 2 yemek kaşığı un ekleyin. Unun kokusu çıkana kadar yaklaşık 2 dakika kavurun. Daha sonra kavrulan unun üzerine 2 su bardağı kadar sütü azar azar döküp, unun topaklanmaması için sürekli karıştırın. Beşamel sos koyu bir kıvam alana kadar kısık ateş üzerinde pişirin. Son olarak tuz ve karabiberini de ekleyip, ocaktan alın. Haşladığınız karnabaharları orta boy bir fırın kabı içine dizin. Üzerine beşamel sosu gezdirerek, dökün. Sosun her yere eşit bir şekilde gelmesini sağlayın. Son olarak karnabaharların üzerine bolca rendelenmiş kaşar peynir serpiştirin. Küçük küçük parçalar halinde 1 tatlı kaşığı kadar tereyağı ekleyin. Önceden ısıtılmış 180 derece fırına verin. Üzeri kızarana kadar 10-12 dakika kadar pişirin."
Fırında Tereyağlı Patates Kızartması,ana yemek,patates tere yağı zeytinyağı tuz,"Patateslerin kabuğunu soyup, yıkayın. Patatesleri elma dilimi halinde dilimleyin. Patateslerin üzerine tuz serpiştirin. Patateslerin üzerine eritilmiş tereyağı ve zeytinyağı dökün. Patatesleri harmanlayın. Fırın kabı içine yağlı kağıt serin. Tereyağlı patatesleri fırın kabı içine yayın. Önceden ısıtılmış 190 derece fırına verin. Üzerleri kızarana kadar yaklaşık 25 dakika pişirin."
Havuçlu Kabak Mücver,atıştırmalık,kabak havuç yumurta maydanoz dereotu taze soğan un kabartma tozu tuz karabiber sıvı yağ,"Maydanoz, dereotu ve taze soğanı ince ince doğrayın. Kabakların kabuğunu soyup, rendenin iri tarafı ile rendeleyin. Havucun kabuğunu soyup, rendeleyin. Rendelediğiniz sebzelerin üzerine yumurta, yeşillikler, un, kabartma tozu, tuz ve karabiber ekleyin. Tüm mücver harcını kaşık yardımı ile iyice karıştırın. Geniş bir tava içine sıvı yağ koyup, kızdırın. Mücver harcı kaşık yardımı ile yağın içine koyup, alt tarafları kızarana kadar pişirin. Altları iyice kızaran mücverleri ters çevirip, diğer yüzlerini de kızartın. Mücverleri kağıt havlu serili tabağa koyup, fazla yağını çektirin."
Ispanaklı Havuç Tarator,ana yemek,ıspanak havuç yoğurt zeytinyağı sarımsak tuz ceviz kırmızı pul biber kırmızı toz biber,"1 demet ıspanağı ayıklayıp, ince ince doğrayın. Bol su içinde iyice yıkayıp, süzmeye bırakın. 4 adet orta boy havucun kabuğunu soyup, rendeleyin. Rendelediğiniz havuçları orta boy geniş bir tava içine koyun. Üzerine 3 yemek kaşığı zeytinyağı ekleyin. Orta ateş üzerinde yumuşayana kadar ara ara karıştırarak, pişirin. Havuçlar piştikten sonra üzerine doğranmış ıspanakları koyun. Ispanaklar suyunu çekene kadar sürekli karıştırarak, kavurun. Havuçlu ıspanaklı karışım piştikten sonra bir kap içine alıp, soğumaya bırakın. Soğuduktan sonra üzerine 1 su bardağı yoğurt, 1-2 diş rendelenmiş sarımsak ve damak tadınıza göre tuz ekleyip, güzelce karıştırın. Son olarak küçük bir sos tavası içine 3 yemek kaşığı orta dövülmüş ceviz koyun. Üzerine 3-4 yemek kaşığı zeytinyağı döküp, kısa bir süre kavurun. Ardından biraz pul biber ve kırmızı toz biber koyup, 2-3 kere çevirip, ocaktan alın. Hazırladığınız ıspanaklı havuç taratoru servis tabağına koyup, yayın. Üzerine cevizli yağ karışımını gezdirip, servis edebilirsiniz."
Kabak Mücver,atıştırmalık,kabak yumurta dereotu maydanoz un kabartma tozu tuz karabiber sıvıyağ,"Kabakların kabuğunu soyup, rendeleyin. Suyunu iyice sıkıp, karıştırma kabına alın. Rendelenmiş kabakların üzerine 2 adet yumurta kırın. Ardından 1 çay kaşığı kabartma tozu, 3 tutam ince ince doğranmış dereotu, 3 tutam ince ince doğranmış maydanoz ve 2-3 yemek kaşığı un ekleyin. Damak tadınıza göre tuz ve karabiber de koyun. Kabaklı harcı iyice karıştırın. Geniş bir tava içine sıvı yağ koyup, hafifçe kızdırın. Kabak mücveri karışımından 1 yemek kaşığı alıp, yağın içine koyun. Üzerlerine hafifçe bastırın. Mücverlerin her iki tarafını pişirin. Kabak mücveri piştikten sonra havlu kağıt serili bir tabak üzerine koyup, yağlarının süzülmesini sağlayın."
Kahvaltılık Tereyağlı Patates Kavurması,kahvaltı,patates tereyağı zeytinyağı maydanoz kekik kırmızı pul biber karabiber tuz,"Patatesleri haşlayın ve suyunu süzün. Patatesleri soğumaya bırakın. Patatesleri iri küpler halinde kesin. Tencereye tereyağı ve zeytinyağı koyun. Tereyağını eritin. Kekik, kırmızı pul biber, tuz ve karabiber koyup karıştırın. Doğranmış patatesleri tencereye koyun. Ara ara karıştırarak 1-2 dakika kadar kavurun. Üzerine maydanoz serpiştirip karıştırın."
Kibrit Patates Kızartması,atıştırmalık,patates sıvı yağ elma sirkesi tuz,"Patateslerin kabuğunu soyup, güzelce yıkayın. Patatesleri bıçak yardımı ile kibrit çöpü büyüklüğünde dilimleyin. Dilimlediğiniz patatesleri suyun içine koyup, güzelce karıştırın. Patatesleri suyun içinde 20 dakika kadar bekletin. Patateslerin suyunu süzüp, 1-2 sudan tekrar geçirin. Patatesleri kağıt havlu üzerine alıp, iyice kurumasını sağlayın. Patatesleri kızgın yağ içine koyun. Patatesleri 1-2 kere karıştırıp, altın rengi alana kadar 2-3 dakika kızartın."
Kremalı Kabak Graten,ana yemek,kabak sıvı krema sarımsak tuz karabiber kaşar peynir,"Kabakları alacalı soyup, yıkayın. Kabakları halkalar halinde dilimleyin. Dilimlediğiniz kabakları bir kap içine alın. Kabakların üzerine yarım paket sıvı krema, 1 çay kaşığı karabiber, 1 çay kaşığı tuz ve 1 diş rendelenmiş sarımsak ekleyin. Kabak dilimlerini, üzerine eklediğiniz malzemeler ile iyice karıştırın. Küçük bir fırın kabının tabanını az miktar yağlayın. Fırın kabının içine kremalı kabak harcını koyup, güzelce yayın. Kremalı kabak harcının üzerine rendelenmiş kaşar peynir serpiştirin. Önceden ısıtılmış 180 derece fırına verin. Üzeri iyice kızarana kadar yaklaşık 20 dakika kadar pişirin. Kremalı kabak graten piştikten sonra fırından alıp, 5 dakika kadar dinlenmeye bırakın. Ardından sıcak olarak servis edebilirsiniz."
Mantar Sosu ve Mantar Sote,ana yemek,kültür mantarı sıvı krema zeytinyağı tereyağı sarımsak maydanoz tuz karabiber soğan yeşil biber kapya biber rendelenmiş domates,"Mantarları soyup, dilimleyin. Sarımsak ve maydanozu doğrayın. Tereyağı ve zeytinyağını ısıtın. Sarımsakları kavurun. Mantarları ekleyin ve suyunu salıp çekene kadar pişirin. Krema, tuz ve karabiber ekleyin. Krema koyulaşana kadar pişirin. Maydanoz ekleyin ve karıştırın. Soğanı kavurun. Sarımsak ve biberleri ekleyin. Mantarları ekleyin ve suyunu salıp çekene kadar pişirin. Rendelenmiş domates, tuz ve karabiber ekleyin. 2 dakika kadar pişirin. Maydanoz serpiştirip servis edin."
Mısır Unlu Patlıcan Kızartması,ana yemek,patlıcan mısır unu tuz sıvı yağ,"4 adet orta boy patlıcanın kabuğunu soyun. Her bir patlıcanı uzunlamasına dörde bölün. Geniş bir tencere içine yeteri miktarda su koyup, kaynamaya bırakın. Su kaynadıktan sonra içine biraz tuz ve doğradığınız patlıcanları ekleyin. Patlıcanları yumuşayana kadar yaklaşık 10-12 dakika haşlayın. Patlıcanlar yumuşadıktan sonra suyunu iyice süzüp, soğumaya bırakın. Bir tabak üzerine 1 su bardağı kadar mısır unu ve mısır ununun üzerine damak tadınıza göre tuz ekleyip, karıştırın. Haşladığınız patlıcan dilimlerini arkalı önlü mısır ununa bulayın. Buladığınız mısır unlu patlıcanları bir tabak üzerine dizin. Mısır unlu patlıcanları kızgın yağ içinde arkalı önlü kızartın. Mısır unlu patlıcan kızartmasını kağıt havlu serili bir tabak üzerine koyup, yağının süzülmesini sağlayın."
Nohut Dürüm,ana yemek,Nohut Zeytinyağı Biber Salçası Kırmızı Toz Biber Karabiber Pul Biber Kimyon Tuz Soğan Maydanoz Limon Suyu Lavaş,"Akşamdan 2 su bardağı nohutu derin bir kap içine koyun. Üzerini hafifçe geçecek kadar su döküp, 1 gece bu şekilde bekletin. Ertesi gün nohutun bekletildiği suyu dökün. Tencereye koyup, tekrar üzerini örtecek kadar su dökün. Ocak üzerine alıp, kaynamaya bırakın. Kaynadıktan sonra kısık ateş üzerinde nohutlar iyice yumuşayıp, dağılana kadar pişirin. Haşladığınız nohutu bir kase içine koyun. Nohutlar henüz sıcakken çatal yardımı ile güzelce ezin. Daha sonra orta boy geniş bir tava içine 5 yemek kaşığı zeytinyağı dökün. Yağın üzerine 1 yemek kaşığı kadar biber salçası koyun. Salçanın hafifçe kokusu çıkana kadar kavurun. Kavrulan salçanın üzerine ezdiğiniz nohutları koyun. Ardından nohutun üzerine 1 çay kaşığı kırmızı toz biber, 1 çay kaşığı karabiber, 1 çay kaşığı pul biber, 1 çay kaşığı kimyon ve 1 çay kaşığı dolusu tuz ekleyin. Nohutu, salça ve baharatlar ile güzelce karıştırıp, ocaktan alın. Diğer tarafta 1 adet orta boy kırmızı soğanı ay şeklinde piyazlık doğrayın. Yarım demet maydanozu da çok ince olmayacak şekilde doğrayın. Soğanı ve maydanozu bir kap içine koyun. Üzerine yarım limon suyu, biraz zeytinyağı ve biraz tuz ekleyin. Soğanlı harcı eliniz ile hafifçe ovuşturarak, karıştırın. Son olarak lavaşları hafifçe ısıtıp, tezgah üzerine serin. Orta kısımlarına nohutlu karışımdan istediğiniz miktarda koyun. Nohutlu karışımın üzerine de soğan salatasından ekleyin. Bu aşamada isteğe göre doğranmış taze soğan, marul ve taze nane de kullanabilirsiniz. Lavaşı rulo şeklinde güzelce sarın. Malzemeler bitene kadar aynı işlemi tekrar edin. Hazırladığınız nohutlu dürümleri ortadan ikiye kesip, yanında ayran ile servis edebilirsiniz."
Patatesli Ispanak Yemeği,ana yemek,ıspanak patates soğan domates salçası zeytinyağı Kırmızı toz biber Karabiber Tuz,"yarım kilo ıspanağı ayıklayıp, bol su içerisinde iyice yıkayın. ıspanağı bıçak yardımı ile ince ince doğrayın. 1 adet orta boy soğanı da ince ince doğrayın. 1 adet orta boy patatesin kabuğunu soyup, küçük küpler halinde doğrayın. Geniş bir tencere içine doğranmış soğanı koyun. Üzerine 4-5 yemek kaşığı zeytinyağı dökün. Soğanları 3 dakika sürekli karıştırarak, kavurun. Ardından kavrulan soğanın üzerine 1 tatlı kaşığı domates salçası koyun. Salçanın kokusu çıkana kadar kavurmaya devam edin. Daha sonra kavrulan salçanın üzerine doğranmış patatesleri ekleyin. Patatesleri de 1-2 dakika ara ara karıştırarak, kavurun. Ardından tencereye doğranmış ıspanakları ekleyin. Ispanakları hafif sönene kadar karıştırın. Son olarak tencereye damak tadınıza göre tuz, karabiber, kırmızı toz biber ve ıspanakların üzerlerine hafifçe çıkacak kadar sıcak su döküp, karıştırın. Tencerenin kapağını kapatıp, kaynamaya bırakın. Kaynadıktan sonra kısık ateş üzerinde patatesler yumuşayana kadar pişirin. Patatesli ıspanak yemeği piştikten sonra ocaktan alıp, hafifçe ılımaya bırakın. Daha sonra servis edebilirsiniz."
Pirinçli Ispanak Yemeği,ana yemek,ıspanak soğan pirinç domates salçası zeytinyağı sıcak su tuz,"Ispanakları ayıklayın, yıkayın ve süzün. Ispanakları ince ince doğrayın. Tencereye zeytinyağı dökün, soğanı koyun ve 2-3 dakika karıştırarak kavurun. Domates salçası ekleyin ve kokusu çıkana kadar kavurun. Ispanakları koyun ve hafifçe sönene kadar karıştırın. Pirinç, tuz ve sıcak su ekleyin, karıştırın. Kapağı kapatıp kaynamaya bırakın, pirinçler şişene kadar pişirin."
Sebzeli Mantar Yemeği,ana yemek,kültür mantarı soğan kırmızı kapya biber yeşil biber havuç domates sarımsak zeytinyağı tuz karabiber kekik,"400 gr kültür mantarını temizleyip, çok küçük olmayacak şekilde dilimleyin. 1 adet küçük boy soğanı ve 1 diş sarımsağı ince ince doğrayın. 1 adet kırmızı kapya biber, 1 adet yeşil biber, 1 adet küçük boy havuç ve 1 adet domatesi küçük küçük doğrayın. Orta boy geniş bir tencere içine 4 yemek kaşığı zeytinyağı koyun. Üzerine doğranmış soğanı ekleyip, 2 dakika kavurun. Ardından tencereye doğranmış biberleri ve havuçları koyun. Ara ara karıştırarak, 3-4 dakika pişirin. Daha sonra doğranmış domatesi ve sarımsağı ekleyin. Tekrar ara ara karıştırarak, 3 dakika kadar pişirmeye devam edin. Son olarak tencereye doğranmış mantarları, damak tadınıza göre tuz, karabiber ve kekik koyun. Sebzeli mantar yemeğini 2 dakika kadar ara ara karıştırıp, kavurun. Daha sonra tencerenin kapağını kapatın. Kısık ateş üzerinde mantarlar suyunu hafifçe çekene kadar pişirin."
Semizotu Yemeği,ana yemek,semizotu soğan pirinç zeytinyağı domates salçası su tuz,"Semizotunu ayıklayıp, bol su içerisinde yıkayın. Semizotunu iri parçalar halinde kesin. Tencereye zeytinyağı, soğan ve domates salçası ekleyip kavurun. Semizotu, pirinç, tuz ve su ekleyip karıştırın. Tencerenin kapağını kapatıp, yemeği kaynamaya bırakın. Kaynadıktan sonra ocağın altını kısıp, 15-20 dakika kadar pişirin."
Sucuklu Kapuska Yemeği,ana yemek,lahana sucuk soğan havuç pirinç domates salçası acı biber salçası zeytinyağı sıcak su tuz karabiber,"Lahanayı ince ince doğrayın. Yıkayıp, süzün. Sucoğu minik küpler halinde doğrayın. Tencereye zeytinyağı koyun. Üzerine soğan ve havuç ekleyip, 2 dakika kavurun. Domates salçası ve biber salçası ekleyin. Salçayı 1 dakika kadar daha kavurun. Sucoğu koyun. Kepçe yardımı ile sucukları 4-5 kere karıştırın. Lahanaları koyun. Üzerine pirinç serpiştirin. Ardından sıcak su, tuz ve karabiberi de ekleyip, iyice karıştırın. Tencerenin kapağını kapatıp, kaynamaya bırakın. Kaynadıktan sonra kısık ateş üzerinde yaklaşık 35-40 dakika kadar pişirin."
Tavada Haşlanmış Patates Kızartması,ana yemek,patates zeytinyağı sarimsak tozu zerdeçal kırmızı toz biber kekik tuz,"Patatesleri soyup, yıkayın. Patatesleri orta boy derin bir tencere içine alın. Üzerlerine geçecek kadar su döküp, biraz tuz serpiştirin. Patatesleri dağılmayacak şekilde haşlayın. Haşlanmış patateslerin suyunu süzüp, soğumaya bırakın. Soğuduktan sonra patatesleri orta büyüklükte küpler halinde doğrayıp, bir kaba koyun. Küçük bir kase içine 5-6 yemek kaşığı zeytinyağı, damak tadınıza göre kırmızı toz biber, kekik, sarımsak tozu, zerdeçal (isteğe göre) ve tuz ekleyip, iyice karıştırın. Baharatlı yağlı karışımı patateslerin üzerine döküp, spatula yardımı ile güzelce karıştırın. Diğer tarafta yapışmaz geniş bir tava içine yağlı baharatlı patatesleri koyup, tavanın tabanına güzelce yayın. Patatesleri orta ateş üzerinde alt tarafları hafifçe kızarana kadar pişirin. Daha sonra patateslerin diğer tarafını da çevirip, kızarmasını sağlayın."
Taze Barbunya Yemeği,ana yemek,taze barbunya havuç soğan sarımsak zeytinyağı domates salçası toz şeker tuz,Taze barbunyayı haşlayın. Soğanı kavurun. Havuç ve sarımsağı ekleyip kavurun. Domates salçası ekleyip kavurun. Haşlanmış barbunyayı ve şeker ekleyip karıştırın. Kapağını kapatıp 20 dakika pişirin.
Kıymalı Karnabahar Yemeği,ana yemek,orta boy karnabahar kavrulmuş kıyma soğan sarımsak büyük boy havuç domates salçası zeytinyağı tuz karabiber,"Karnabaharı dallarına ayırıp, yıkayın. 1 adet büyük boy havucun kabuğunu soyup, halkalar halinde kesin. Tencereye 1 adet orta boy ince ince doğranmış soğan ve 2 diş ince ince doğranmış sarımsak koyun. Üzerine 4 yemek kaşığı zeytinyağı ekleyip, 1 dakika kadar kavurun. Daha sonra tencereye 250 gr kavrulmuş kıyma ekleyip, karıştırın. 1 yemek kaşığı kadar domates salçasını da ekleyip, 1 dakika kadar daha kavurun. Ardından tencereye doğranmış havuçları ekleyin. Son olarak dallarına ayırdığınız karnabaharları da koyun. Sebzelerin hizasına gelecek kadar sıcak su ekleyin. Tuz ve karabiberi de koyup, karıştırıp, kaynamaya bırakın. Hazırladığınız kıymalı karnabahar yemeğini yaklaşık 25-30 dakika kadar kısık ateş üzerinde pişirin."
Unlu Patlıcan Kızartması,ana yemek,patlıcan yumurta un kabartma tozu tuz sıvı yağ,"Patlıcanın kabuğunu alacalı soyun. 1 cm kalınlığında halkalar halinde kesin. Bir kaba 1 adet yumurta kırın. Üzerine damak tadınıza göre tuz, 2 yemek kaşığı un ve 1 çay kaşığı kabartma tozu ekleyin. Karışımı tel çırpıcı ile iyice çırpın. Kestiğiniz patlıcan dilimlerini unlu yumurtalı karışımın içine koyun. Patlıcan dilimlerini arkalı önlü karışıma bulayın. Buladığınız patlıcanları kızgın yağ içine koyun. Patlıcanları arkalı önlü kızartın."
Yeşil Mercimek Yemeği,ana yemek,yeşil mercimek domates salçası soğan sarımsak zeytinyağı sıcak su tuz karabiber kırmızı pul biber,"Mercimeğin üzerine 4 su bardağı su dökün. Mercimekler hafifçe yumuşayana kadar haşlayın. Haşlanan mercimeğin suyunu süzüp, 1-2 kere yıkayın. Tekrar aynı tencerenin içine yarım çay bardağı zeytinyağı koyun. Üzerine 1 adet ince ince doğranmış soğan ve 3 diş ince ince doğranmış sarımsak ekleyin. Soğan ve sarımsağı yaklaşık 2 dakika kavurun. Kavrulan soğan ve sarımsağın üzerine 2 yemek kaşığı domates salçası koyun. Salçanın hafifçe kokusu çıkana kadar sürekli karıştırarak, kavurun. Daha sonra tencereye haşladığınız yeşil mercimeği, damak tadınıza göre tuz, karabiber ve kırmızı pul biber ekleyip, karıştırın. Son olarak tencereye 3 buçuk su bardağı sıcak su döküp, tekrar karıştırın. Ardından yeşil mercimek yemeğini kaynamaya bırakın. Kaynadıktan sonra ocağın altını kısıp, mercimekler yumuşayana kadar pişirin. Yeşil mercimek yemeği piştikten sonra 5 dakika dinlenmeye bırakın. Daha sonra sıcak olarak servis edebilirsiniz."
Yoğurtlu Kabak Kızartması,ana yemek,kabak yoğurt sarimsak tereyağı dolusudomates salçası tuz sıvı yağ,"3 adet orta boy kabağı yıkayıp, çatal ile üzerine çizikler yapın. Kabakları halkalar halinde çok kalın ve çok ince olmayacak şekilde dilimleyin. Geniş derin bir tencere içine sıvı yağ koyup, kızdırın. Halkalar halinde dilimlediğiniz kabakları kızgın yağ içine koyup, arkalı önlü kızartın. Kızaran kabakları havlu kağıt serili bir tabak üzerine alıp, yağının süzülmesini sağlayın. Bir kase içine 1 buçuk su bardağı kadar yoğurt koyun. Yoğurdun üzerine 1 diş rendelenmiş sarımsak ve damak tadınıza göre tuz ekleyip, çırpıcı yardımı ile iyice çırpın. Kabakları yayvan bir servis tabağı üzerine güzelce dizin. Üzerine çırptığınız sarımsaklı yoğurdu gezdirerek, dökün. Küçük bir tava içine 1 yemek kaşığı tereyağı koyup, eritin. Eriyen yağın üzerine 1 tatlı kaşığı dolusu domates salçası koyun. Salçanın kokusu çıkana kadar yaklaşık 1 dakika kavurun. Hazırladığınız yoğurtlu kabak kızartmasının üzerine salçalı sosu döküp, servis edebilirsiniz."
Yoğurtlu Pırasa Kavurması,ana yemek,pırasa soğan sarımsak zeytinyağı su karabiber kırmızı pul biber tuz yoğurt tereyağı kırmızı toz biber,"Pırasayı ayıklayıp yıkayın. Pırasayı halkalar şeklinde doğrayın. Tencereye zeytinyağı, soğan ve sarımsak koyun. Soğan ve sarımsağı 2 dakika kavurun. Pırasa, tuz, karabiber ve kırmızı pul biber ekleyin. 1-2 dakika kavurun. Su dökün ve karıştırın. Tencerenin kapağını kapatın ve pırasalar yumuşayana kadar pişirin. Yoğurt ve tuz ekleyip çırpın. Pırasa kavurmasını servis tabağına alın. Üzerine yoğurt dökün. Tereyağında kızdırdığınız kırmızı toz biber ile süsleyin."
Yumurtalı Çiriş Otu Kavurması,ana yemek,çiriş otu soğan yumurta zeytinyağı tuz karabiber,"Çiriş otunun kök kısmında olan beyaz zar kısmını eliniz ile sıyırın. Uç kısımlarını biraz kesip, atın. Çiriş otlarını ince ince doğrayın. Çiriş otlarını bolca su içinde yıkayıp, süzün. Tava içine zeytinyağı döküp, ısıtın. Isınan yağın üzerine soğan koyup, 1-2 dakika sürekli karıştırarak, kavurun. Kavrulan soğanın üzerine çiriş otlarını ekleyin. Çiriş otlarını orta ateş üzerinde 4-5 dakika sürekli karıştırarak, kavurun. Tavanın kapağını kapatın. Çiriş otunu orta kısık ateş üzerinde iyice yumuşayıp, suyunu çekene kadar ara ara karıştırarak, pişirin. Çiriş otu piştikten sonra damak tadınıza göre tuz ve karabiber ekleyip, karıştırın. Son olarak çiriş otunun üzerinde boşluklar açın. Tavanın içindeki boşluklara yumurtaları tek tek kırın. Tavanın tekrar kapağını kapatıp, kısık ateş üzerinde yumurtaların pişmesini sağlayın."
Zeytinyağlı Karnabahar Yemeği,ana yemek,orta boy karnabahar büyük boy patates büyük boy havuç orta boy kuru soğan domates salçası zeytinyağı kesme şeker sıcak su tuz,"Geniş bir tencere içine yarım çay bardağı kadar zeytinyağı koyup, ısıtın. Yağın üzerine doğranmış soğanı koyup, 2 dakika kadar kavurun. Kavrulan soğanın üzerine küpler halinde doğranmış patates ve havucu ekleyip, 1 dakika kavurun. Daha sonra sebzelerin üzerine 1 yemek kaşığı domates salçası koyun. Salçanın hafifçe kokusu çıkana kadar kavurun. Ardından tencereye dallarına ayırdığınız karnabaharları, 1 adet kesme şeker ve damak tadınıza göre tuz koyun. Son olarak karnabaharların hafifçe üzerine gelecek kadar sıcak su dökün. Karıştırıp, kaynamaya bırakın. Kaynadıktan sonra kısık ateş üzerinde sebzeler yumuşayana kadar pişirin. Zeytinyağlı karnabahar yemeği piştikten sonra 15-20 dakika kadar dinlenmeye bırakın. Daha sonra servis edebilirsiniz."
Dondurucudan Çıkan Bamya Nasıl Pişirilir,ana yemek,dondurulmuş taze bamya kuru soğan zeytinyağı domates salçası limon suyu tuz,"Orta boy bir tencere içine 1 adet küçük boy ince ince doğranmış soğan koyun. Üzerine 4 yemek kaşığı zeytinyağı döküp, 2 dakika kadar kavurun. Kavrulan soğanın üzerine 1 çay kaşığı domates salçası koyun. Salçanın hafifçe kokusu çıkana kadar kavurun. Tencereye yarım limon suyu, damak tadınıza göre tuz ve yarım su bardağı kadar su döküp, kaynamaya bırakın. Kaynayan suyun içine dondurucudan çıkarttığınız bamyayı koyun. Tencerenin kapağını kapatıp, kısık ateş üzerinde, bamyayı hiç karıştırmadan, donmuş bamyanın buzu kendiliğinden çözülene kadar bekleyin. Yaklaşık 5 dakika kadar sonra tencerenin kapağını açıp, hafifçe karıştırın. Kısık ateş üzerinde bamyalar yumuşayana kadar pişirin."
Fırında Beşamel Soslu Karnabahar,ana yemek,karnabahar süt tuz tereçağ un süt karabiber kaşar peynir kırmızı toz biber tereçağ,"Karnabaharları dallarına ayırın ve derin bir tencereye koyun. Karnabaharların üzerine 4 yemek kaşığı süt ve üzerlerine çıkacak kadar su dökün, az miktar tuz serpiştirin. Karnabaharları orta ateş üzerinde hafifçe yumuşayana kadar yaklaşık 20 dakika haşlayın. Karnabaharlar yumuşadıktan sonra suyunu süzün. Beşamel sosu için tereçağı eritin, un ekleyin ve 2 dakika kavurun. Unun üzerine sütü azar azar dökün ve sürekli karıştırın. Beşamel sos koyulaşıncaya kadar kısık ateşte 2-3 dakika kaynatın. Tuz ve karabiber ekleyin. Haşladığınız karnabaharları orta boy bir fırın kabı içine dizin. Üzerine beşamel sosu dökün ve güzelce yayın. Karnabaharın üzerine bolca rendelenmiş kaşar peynir serpiştirin. Kaşar peynirlerin üzerine kırmızı toz biber serpiştirin. Küçük küçük parçalar halinde 1 tatlı kaşığı kadar tereyağı ekleyin. Önceden ısıtılmış 180 derece fırına verip, 10-15 dakika kadar pişirin."
Garnitürlü Kereviz Yemeği,ana yemek,kereviz garnitür soğan portakal suyu zeytinyağı toz şeker tuz,"Geniş bir tencere içine yarım çay bardağı zeytinyağı koyun. 1 adet küçük boy ince ince doğranmış soğan ekleyip, 2 dakika kadar kavurun. Ardından tencereye doğranmış kerevizleri de koyup, 1 dakika daha kavurun. Daha sonra tencereye 1 adet küçük boy suyu süzülmüş garnitürü ekleyin. Garnitürü kerevizler ile beraber 1-2 kere karıştırın. Son olarak tencereye 1 su bardağı portakal suyu, 1 yemek kaşığı silme toz şeker, damak tadınıza göre tuz ve sebzelerin üzerine hafifçe çıkacak kadar su ekleyip, karıştırın. Garnitürlü kereviz yemeğini kaynamaya bırakın. Kaynadıktan sonra ocağın altını kısın. Kerevizler yumuşayana kadar yaklaşık 25 dakika pişirin. Garnitürlü kereviz yemeği piştikten sonra ocaktan alıp, oda ısısında soğumaya bırakın. İsteğe göre üzerini ince ince doğranmış dereotu ile süsleyerek, servis edebilirsiniz."
Isırgan Otu Kavurması,ana yemek,ısırgan otu zeytinyağı soğan domates salçası pirinç sıcak su tuz yoğurt,"Isırgan otunu bol su içinde yıkayıp, süzmeye bırakın. Suyu süzülen ısırgan otlarını bıçak yardımı ile ince ince doğrayın. Tencere içine zeytinyağı döküp, ısıtın. Soğanı sürekli karıştırarak, 1-2 dakika kavurun. Kavrulan soğanların üzerine domates salçası ekleyin. Doğradığınız ısırgan otlarını tencere içine koyun. Otların üzerine pirinç serpiştirin. Isırgan otlarını 3-4 kere karıştırıp, damak tadınıza göre tuz ve yarım su bardağı kadar sıcak su ekleyin. Tencerenin kapağını kapatın. Kısık ateş üzerinde pirinçler şişene kadar pişirin. Isırgan otu kavurması piştikten sonra ocak üzerinden alıp, kenarda ılımaya bırakın. Üzerine 1 su bardağı çırpılmış yoğurt döküp, servis edebilirsiniz."
Kabak Yemeği,ana yemek,kabak soğan pirinç domates salçası zeytinyağı sıcak su dereotu tuz,"Orta boy geniş bir tencere içine 4-5 yemek kaşığı zeytinyağı koyun. Üzerine ince ince doğranmış soğanı ekleyip, 2 dakika kavurun. Ardından kavrulan soğanların üzerine 1 yemek kaşığı domates salçası ekleyin. Salçanın kokusu çıkana kadar yaklaşık 1 dakika kavurun. Daha sonra tencere içine dilimlediğiniz kabakları koyun. Kabakları ara ara karıştırarak, 5 dakika kadar kavurun. Ardından kabakların üzerine 2 yemek kaşığı pirinç ve damak tadınıza göre tuz koyun. Son olarak yemeğin üzerine 2 su bardağı kadar sıcak su döküp, karıştırın. Tencerenin kapağını kapatın. Kısık ateş üzerinde pirinçler şişip, kabaklar hafifçe yumuşayana kadar yaklaşık 20 dakika pişirin. Kabak yemeği piştikten sonra ocaktan alıp, ılımaya bırakın. Daha sonra üzerine 1 tutam ince ince doğranmış dereotu serpiştirip, yanında yoğurt ile servis edebilirsiniz."
Karamelize Mantar ve Karışık Sebzeli Mücver,ana yemek,küçük boy kültür mantarı orta boy soğan sarımsak tereyağı zeytinyağı limon suyu maydanoz tuz kekik orta boy kabak orta boy patates orta boy havuç yumurta dereotu taze soğan un kabartma tozu karabiber sıvıyağ,"Karamelize mantar için kültür mantarının kabuğunu soyup, nemli bir bez ile temizleyin. Orta boy soğanı minik minik doğrayın. Orta boy geniş bir tava içine tereyağı ve zeytinyağı koyup, ısıtın. Yağın üzerine doğranmış soğanı ekleyin ve yumuşayana kadar kavurun. Kavrulan soğanın üzerine mantarları ekleyin ve kararmamaları için üzerlerine limon suyu sıkın. Mantarların rengi karamelize olana kadar orta ateş üzerinde sürekli karıştırarak, pişirin. Mantarların karamelize olmasına yakın üzerine sarımsak ekleyin ve kısa bir süre daha kavurmaya devam edin. Yeterince karamelize olan mantarların üzerine tuz ve kekik ekleyip, karıştırın. Son olarak maydanoz serpiştirin ve 1-2 kere karıştırıp, ocak üzerinden alın. Karışık sebzeli mücver için kabak, patates ve havucun kabuklarını soyup, rendeleyin. Rendelenmiş sebzelerin üzerine yumurta, dereotu, maydanoz ve taze soğanı ekleyin. Ardından un, kabartma tozu, tuz ve karabiber de ekleyin ve tüm mücver harcını iyice karıştırın. Geniş bir tava içine sıvıyağ koyup, kızdırın ve karışık sebzeli mücver karışımından 1 yemek kaşığı alıp, yağın içine koyun. Üzerlerine hafifçe bastırın ve her iki tarafını iyice pişirin."
Kıymalı Bamya Yemeği,ana yemek,bamya kıyma kuru soğan domates dolusudomates salçası limon suyu zeytinyağı sıcak su tuz,"Bamyaların sap kısmında varsa kalın tüylerini temizleyin. Bamyaları bol suyla yıkayıp, kurulayın. Bamyaların sap kısımlarını bıçak ile sağdan sola doğru döndürerek, kesin. Tepe kısmını huni şeklinde çıkartın. Soğanı ince ince doğrayın ve 1-2 dakika kavurun. Soğanın üzerine kıyma ekleyip, suyunu salıp, çekene kadar kavurun. Kavrulmuş kıymanın üzerine domates salçası koyup, 1-2 dakika kavurun. Salçayı kavurduktan sonra domatesi de ekleyin. Kıymalı harcın üzerine ayıkladığınız bamyaları ve limon suyu koyun. Damak tadınıza göre tuz ve bamyaların hizasına gelecek kadar sıcak su dökün. Tencerenin kapağını kapatıp, bamyalar yumuşayana kadar pişirin."
Patates Sote ve Patlıcan Beğendi,ana yemek,patates kırmızı toz biber kekik tuz karabiber zeytinyağı süt un tereyağı konserve közlenmiş patlıcan rendelenmiş kaşar peynir,"Patatesleri soyup, yıkayın ve küp küp doğrayın. Baharatları ve yağı karıştırın. Patatesleri baharatlı sos ile harmanlayın. Patatesleri tavada pişirin. Tereyağını eritip, una ekleyin ve kavurun. Sütü azar azar dökün ve karıştırın. Koyu bir kıvam alana kadar pişirin. Patlıcan, tuz ve karabiberi ekleyin ve pişirin. Kaşar peynirini ekleyin ve erimesi için karıştırın."
Pazı Kavurması,ana yemek,pazı soğan zeytinyağı tuz karabiber kırmızı pul biber,"Pazı yaprağını iri iri doğrayın. Doğradığınız pazı yapraklarını bol su içinde iyice yıkayıp, süzmeye bırakın. Soğanları küçük küpler halinde doğrayın. Geniş bir tencereye zeytinyağı koyun. Doğradığınız soğanları ekleyip, 3-4 dakika yumuşayana kadar kavurun. Yumuşayan soğanların üzerine doğradığınız pazıları koyun. Pazılar suyunu çekene kadar ara ara karıştırarak, kavurun. Kavurduğunuz pazının üzerine damak tadınıza göre tuz, karabiber ve kırmızı pul biber ekleyip, karıştırın."
Terbiyeli Kereviz Yemeği,ana yemek,kereviz patates soğan havuç kesme şeker zeytinyağı kereviz yaprağı tuz yumurta sarısı limon suyu,"Derin bir tencere içine yarım çay bardağı zeytinyağı koyun. Üzerine 1 adet ince ince doğranmış soğan koyup, 2-3 dakika kadar kavurun. Ardından küpler halinde doğranmış havuçları da ekleyip, 2 dakika kavurun. Daha sonra tencereye doğradığınız kereviz ve patatesleri koyup, 1 dakika daha kavurmaya devam edin. Son olarak sebzelerin üzerine çıkacak kadar sıcak su dökün. Tuz ve 3 adet kesme şekeri koyup, orta ateş üzerinde pişmeye bırakın. Terbiyeli kereviz yemeğinin terbiyesi için; küçük bir kaba 1 adet yumurta sarısı ve 1 adet limon suyu koyun. Limon suyu ve yumurta sarısını iyice çırpın. Terbiyeli karışıma kaynayan yemeğin suyundan bir kepçe ekleyip, hızlı bir şekilde karıştırıp, ılımasını sağlayın. Pişen kereviz yemeğin içine terbiyeli karışımı azar azar döküp, hızlı bir şekilde karıştırın. Terbiyeli kereviz yemeğini sık sık karıştırarak, 1-2 taşım kaynatın. Son olarak terbiyeli kereviz yemeğinin üzerine 1 tutam ince ince doğranmış kereviz yaprağı koyup, karıştırın."
Yumurtalı Pırasa,ana yemek,pırasa soğan zeytinyağı yumurta Karabiber Kırmızı pul biber Tuz,"2 sap pırasayı ayıklayıp, iyice yıkayın. Ardından bıçak yardımı ile halkalar şeklinde ince ince doğrayın. Diğer tarafta orta boy geniş bir tencere içine 4 yemek kaşığı zeytinyağı dökün. Üzerine 1 adet orta boy ince ince doğranmış soğan koyup, 2-3 dakika kavurun. Kavrulan soğanın üzerine doğranmış pırasaları, damak tadınıza göre tuz, karabiber ve kırmızı pul biber koyun. 5 dakika kadar ara ara karıştırarak, kavurun. Ardından ocağın altını kısıp, tencerenin kapağını kapatın. Pırasalar yumuşayana kadar ara ara karıştırarak, pişirmeye devam edin. Daha sonra yumuşayan pırasaların üzerine 2 adet yumurta kırın.  Yumurtaları sürekli karıştırarak, pişirin. Hazırladığınız yumurtalı pırasayı sıcak olarak servis edebilirsiniz."
Ispanak Kökü Yemeği,ana yemek,ıspanak kökü soğan sarımsak bulgur zeytinyağı domates salçası su tuz karabiber,"Ispanak köklerini ayıklayıp, suda bekletin. Soğanı doğrayıp, zeytinyağında kavurun. Sarımsak ekleyip, kavurun. Domates salçası ekleyip, kavurun. Ispanak köklerini ekleyip, kapağı kapalı tencerede pişirin."
Kıymalı Karnabahar Graten,ana yemek,karnabahar kıyma soğan zeytinyağı dolusudomates salçası su maydanoz tuz karabiber kırmızı pul biber Beşamel Sos İçin: tereyağı un süt Üzeri İçin: rendelenmiş kaşar peynir,"1 adet orta boy karnabaharı çok küçük ve büyük olmayacak şekilde dallarına ayırıp, iyice yıkayın. Karnabaharları derin bir tencere içine koyun. Üzerlerini geçecek kadar su ve kokusunun çıkmaması için biraz süt dökün. Biraz da tuz ekleyip, dağılmayacak şekilde yumuşayana kadar haşlayın. Haşladıktan sonra suyunu süzüp, kenara alın. Diğer tarafta orta boy geniş bir tava içine 1 adet orta boy ince ince doğranmış soğan ve 4 yemek kaşığı zeytinyağı koyun. Soğanları 2 dakika kadar kavurun. Ardından kavrulan soğanların üzerine 200 gr kıyma ekleyin. Kıymayı sürekli karıştırarak, kavurun. Kavrulan kıymanın üzerine 1 tatlı kaşığı dolusu domates salçası, damak tadınıza göre tuz, karabiber ve kırmızı pul biber koyun. Salçanın kokusu çıkana kadar kavurun. Ardından kıymalı harcın üzerine 1 küçük çay bardağı su döküp, suyunu hafifçe çekene kadar pişirin. Piştikten sonra 1 tutam küçük küçük doğranmış maydanoz ekleyip, karıştırın. Beşamel sos için; orta boy bir tencere içine 2 yemek kaşığı tereyağı koyup, eritin. Eriyen yağın üzerine 2 yemek kaşığı un ekleyin. Unun hafifçe kokusu çıkana kadar kavurun. Kavrulan unun üzerine 2 su bardağı soğuk sütü azar azar döküp, topaklanma olmaması için hızlı bir şekilde karıştırın. Sosu hafifçe koyulaşana kadar pişirin. Pişen beşamel sosun üzerine damak tadınıza göre tuz ve karabiber ekleyip, karıştırın. Daha sonra haşlayıp, suyunu süzdüğünüz karnabaharları orta boy geniş bir fırın kabı içine koyup, yayın. Karnabaharların üzerine kıymalı harcı güzelce yayın. Son olarak hazırladığınız beşamel sosu kıymalı karnabaharın üzerine her yerine eşit gelecek şekilde dökün. Ardından bolca rendelenmiş kaşar peynir serpiştirin. Önceden ısıtılmış 190 derece fırına verin. Üzeri kızarana kadar 10-15 dakika pişirin. Fırında kıymalı karnabahar graten piştikten sonra 5 dakika dinlenmeye bırakın. Ardından dilimleyip, sıcak olarak servis edebilirsiniz."
Lübnan Köftesi,ana yemek,haşlanmış nohut orta boy soğan sarımsak maydanoz toz kişniş kimyon tuz karabiber un sıvı yağ süzmeyoğurt tahin limon suyu maydanoz,"2 su bardağı haşlanmış nohutu mutfak robotu içine koyun. 1 adet orta boy soğanı ve yarım demet maydanozu ince ince doğrayıp, nohutların üzerine ekleyin. 3 diş küçük küçük doğranmış sarımsak, 1 çay kaşığı toz kişniş, yarım çay kaşığı karabiber, 1 çay kaşığı kimyon ve 1 tatlı kaşığı silme tuz koyun. Tüm malzemeleri robottan iyice geçirin. Hazırladığınız nohutlu harcı bir kaba koyun. Üzerine 3-4 yemek kaşığı un ekleyin. Lübnan köfte harcını eliniz ile iyice yoğurun. Üzerini kapatıp, buzdolabında 45 dakika kadar dinlenmeye bırakın. Buzdolabında dinlenen köfte harcından ceviz büyüklüğünde parçalar alın. Elinizde yuvarlayıp, bir tabak üzerine dizin. Lübnan nohut köftesinin kolay pişmesi ve dağılmaması için derin ve dar bir tencere içine köftelerin gömülecekleri kadar sıvı yağ döküp, iyice kızdırın. Köfteleri dikkatli bir şekilde kızgın yağ içine koyup, güzelce kızartın. Nohut köfteleri kızardıktan sonra kağıt havlu serili bir tabak üzerine alın ve yağının süzülmesini sağlayın. Ardından yanında sosu ile servis edebilirsiniz."
Patates Köftesi,ana yemek,patates domates salçası galeta unu kırmızı pul biber sarımsak karabiber tuz maydanoz yumurta sıvıyağ,"Patatesler yumuşadıktan sonra suyunu süzün. Derin bir kap içine koyun. Çatal ya da püre ezicisi ile iyice ezip, soğumaya bırakın. Daha sonra ezdiğiniz patateslerin üzerine 1 yemek kaşığı domates salçası, 1 buçuk su bardağı galeta unu, 1 yemek kaşığı silme kırmızı pul biber, 2 diş rendelenmiş sarımsak, 1 çay kaşığı karabiber ve 1 yemek kaşığı kadar tuz ekleyin. Son olarak 2 tutam ince ince doğranmış maydanoz koyun. Köfte harcını eliniz ile iyice yoğurun. Hazırladığınız patatesli harçtan cevizden büyük parçalar alın. Avuç içerisinde yuvarlayın. Üzerine hafifçe bastırıp, yassılaştırın. Derin bir tava içine sıvı yağ koyup, ocak üzerinde kızdırın. 1 kaba 1 adet yumurta kırın. Üzerine biraz tuz ekleyip, iyice çırpın. Patates köftelerinin her iki tarafını yumurtaya bulayın. Kızgın yağ içinde arkalı önlü kızartın. Kızarmış olan köfteleri kağıt havlu serili tabak üzerine alıp, yağlarının süzülmesini sağlayın. Hazırladığınız patates köftesini sıcak ya da ılık olarak servis edebilirsiniz."
Patatesli Mantar Sote,ana yemek,kültür mantarı patates çerliston biber kırmızı kapya biber soğan sarımsak domates tere yağı zeytinyağı tuz karabiber kekik,"Patates kabuğunu soyup, küçük küpler halinde kesin. Çerliston ve kırmızı kapya biberin çekirdeğini temizleyip, küçük küçük doğrayın. Küçük boy soğanı, sarımsağı ve orta boy domatesi ince ince doğrayın. 400 gr kültür mantarı temizleyip, çok küçük olmayacak şekilde dilimleyin. Orta boy geniş bir tencere içine 1 yemek kaşığı kadar tereyağı ve 2 yemek kaşığı zeytinyağı koyun. Yağın üzerine ince ince doğranmış soğanı ekleyip, 1-2 dakika kadar kavurun. Ardından tencereye doğranmış kapya biber, çerliston biber ve patatesleri koyun. Ara ara karıştırarak, 3-4 dakika pişirin. Daha sonra doğranmış mantarları ve sarımsağı ekleyin. Ara ara karıştırarak, 2-3 dakika kadar pişirin. Son olarak tencereye doğranmış domatesi, damak tadınıza göre tuz, karabiber ve kekik koyun. Patatesli mantar soteyi ara ara karıştırıp, domatesler iyice yumuşayıp, suyunu hafifçe çekene kadar pişirin. Patatesli mantar sote piştikten sonra ocaktan alıp, 5 dakika kadar dinlenmeye bırakın. Daha sonra üzerini 1 tutam ince ince doğranmış maydanoz ile süsleyerek, servis edebilirsiniz."
Pirinçli Semizotu Yemeği,ana yemek,semizotu soğan domates salçası pirinç zeytinyağı sıcak su tuz,"1 demet semizotunu ayıklayıp, bol su içerisinde iyice yıkayın. Semizotlarını iri parçalar halinde kesin. Orta boy geniş bir tencere içine 4 yemek kaşığı zeytinyağı ve 1 adet orta boy ince ince doğranmış soğan koyun. Soğanları 2-3 dakika sürekli karıştırarak, kavurun. Kavrulan soğanların üzerine 1 yemek kaşığı domates salçası ekleyin. Salçayı kavurduktan sonra tencereye semizotlarını koyup, 2-3 kere karıştırın. Semizotların üzerine yarım küçük çay bardağı kadar yıkanmış pirinci serpiştirin. Damak tadınıza göre tuz ve 1 buçuk su bardağı sıcak su döküp, karıştırın. Tencerenin kapağını kapatıp, kaynamaya bırakın. Kaynadıktan sonra kısık ateş üzerinde pirinçler yumuşayıp, şişene kadar pişirin."
Galeta Unlu Patlıcan Kızartması,atıştırmalık,patlıcan galeta unu un yumurta tuz sıvı yağ,"Patlıcanları yıkayıp, kabuğunu alacalı soyun. Patlıcanları halkalar halinde dilimleyin. Patlıcan dilimlerini una bulayın. Patlıcan dilimlerini yumurtaya bulayın. Patlıcan dilimlerini galeta ununa bulayın. Patlıcan dilimlerini kızgın yağ içinde kızartın. Kızartılan patlıcanları kağıt havlu üzerine alın."
Köfteli Barbunya Yemeği,ana yemek,barbunya kırmızı kapya biber kuru soğan domates salçası zeytinyağı karabiber pulbiber tuz köftelik kıyma pulbiber karabiber kimyon kekik tuz,Barbunyaları haşlayın. Köfte harcını yoğurun. Köfteleri şekillendirin. Soğan ve biberi kavurun. Domates salçası ve baharatları ekleyin. Barbunyaları ekleyin. Köfteleri kızartın. Köfteleri yemeğe ekleyin.
Fırında Kıymalı Patates Püresi,ana yemek,patates süt tereyağı kaşar peynir tuz kıyma soğan havuç kırmızı biber yeşil biber sıvı yağ karabiber rendelenmiş kaşar peynir,"1 adet orta boy havucun kabuğunu soyup, minik küpler halinde kesin. 1 adet orta boy kırmızı kapya biber ve 1 adet yeşil biberi de küçük küçük kesin. Geniş bir tava içine 1 adet ince ince doğranmış soğan koyun. Üzerine 3 yemek kaşığı sıvı yağ ekleyip, 1 dakika kavurun. Ardından doğranmış havucu koyup, 2-3 dakika kadar daha kavurun. Daha sonra tencereye doğranmış biberleri koyun. 300 gr kıymayı da ekleyin. Kıymayı sürekli karıştırarak, suyunu salıp, çekene kadar pişirin. Pişen kıymalı harcın üzerine damak tadınıza göre tuz ve karabiber ekleyip, karıştırın. Daha sonra haşladığınız patateslerin suyunu iyice süzün. Sıcakken patateslerin üzerine 1 yemek kaşığı dolusu tereyağı, 2 yemek kaşığı rendelenmiş kaşar peynir ve 1 küçük çay bardağı süt koyun. Patatesleri püre ezicisi ya da çatal yardımı ile iyice ezin. Orta boy bir borcamın tabanına biraz tereyağı sürün. Patates püresinin yarısından fazlasını borcamın tabanına yayın. Üzerine rendelenmiş kaşar peynir serpiştirin. Ardından kıymalı harcı koyup, yayın. Kıymalı harcın üzerine biraz rendelenmiş kaşar peynir serpiştirin. Daha sonra da kalan patates püresini koyup, yayın. Kıymalı patates püresinin üzerine bolca rendelenmiş kaşar peynir serpiştirin. Önceden ısıtılmış 190 derece fırına verin. Üzeri iyice kızarana kadar pişirin. Fırında kıymalı patates püresi piştikten sonra 6-7 dakika kadar dinlenmeye bırakın. Daha sonra dilimleyerek, servis edebilirsiniz."
Taze Fasulye,ana yemek,taze fasulye soğan zeytinyağı domates kesme şeker tuz,"Taze fasulyelerin uç kısımlarını ve varsa kılçıklarını ayıklayın. Bıçak yardımı ile istediğiniz büyüklükte kesin. Yıkayıp, süzmeye bırakın. Geniş bir tencere içine yarım çay bardağı zeytinyağı koyun. Yağın üzerine 1 adet orta boy ince ince doğranmış soğan ekleyip, 1 dakika kavurun. Ardından fasulyeleri ekleyip, 2-3 dakika kadar kavurun. Taze fasulyelerin üzerine 1 su bardağı kadar sıcak su ekleyin. Damak tadınıza göre tuz ve 2-3 adet kesme şeker koyup, 1-2 kere karıştırın. Orta ateş üzerinde 10 dakika kadar pişirin. 2 adet orta boy domatesin kabuğunu soyup, minik küpler şeklinde doğrayın. Fasulyelerin üzerine doğranmış domatesleri ekleyin. Kepçe yardımı ile 1-2 karıştırın. Tencerenin kapağını kapatıp, fasulyeler iyice yumuşayana kadar yaklaşık 30 dakika kısık ateşte pişirin."
Kıymalı Sebze Kızartması,ana yemek,patlıcan kabak patates havuç kırmızı kapya biber yeşil biber sıvı yağ kıyma soğan domates biber salçası zeytinyağı tuz karabiber yoğurt sarımsak,"1 adet büyük boy kabak, patlıcan, patates ve havucun kabuğunu soyun. Yıkayıp, küçük küpler halinde kesin. 1 er adet büyük boy kırmızı kapya biber ve yeşil biberin de çekirdeklerini temizleyip, orta büyüklükte küpler halinde kesin. Doğradığınız sebzeleri kızgın yağ içinde kızartın. Kızaran sebzeleri havlu kağıt üzerine alıp, yağlarının süzülmesini sağlayın. Diğer tarafta kıymalı sosu hazırlayın. Orta boy bir tencere içine 1 adet küçük boy ince ince doğranmış soğan koyun. Üzerine 3 yemek kaşığı zeytinyağı ve 150 gr kıyma ekleyin. Kıymanın rengi değişene kadar sürekli karıştırarak, pişirin. Pişen kıymanın içine 1 adet orta boy ince ince doğranmış domates ve 1 tatlı kaşığı biber salçası ekleyip, domatesler iyice yumuşayana kadar pişirin. Son olarak kıymalı sosun içine damak tadınıza göre tuz ve karabiber koyup, karıştırın. Yoğurt sosu için; 1 buçuk su bardağı yoğurdu bir kaba koyun. Üzerine 1 diş rendelenmiş sarımsak ve biraz tuz koyun. Tel çırpıcı ile iyice çırpın. Kızarttığınız sebzelerin hepsini karıştırıp, servis tabağına yayın. Üzerine çırpılmış yoğurdu dökün. Yoğurdun üzerine de kıymalı sosu yayın. Hazırladığınız kıymalı sebze kızartmasının üzerine ince ince doğranmış maydanoz serpiştirip, servis edebilirsiniz."
Sebze Graten,ana yemek,karnabahar brokoli havuç patates bezelye tuz tereçağ un süt karabiber kaşar peynir,"Sebzelerin kabuklarını soyup, orta büyüklükte kesin. Sebzeleri derin bir tencereye koyun, üzerini geçecek kadar su ve biraz tuz ekleyip, yumuşayana kadar pişirin. Karnabahar ve brokoliyi küçük küçük dallarına ayırıp, derin bir tencereye koyun. Beşamel sos için tereyağını eritip, un ekleyin, kavurun. Sütü azar azar döküp, kıvam alana kadar pişirin. Sebzelerin suyunu süzün, fırın kabına sebzeleri koyun, beşamel sosu gezdirin, kaşar peynir serpiştirin. Fırında 15 dk pişirin."
Zeytinyağlı Girit Kabağı,ana yemek,Girit Kabağı Domates Soğan Kırmızı Kapya Biber Sarımsak Zeytinyağı Tuz,"3 adet orta boy girit kabağının tepelerini ve alt kısımlarını kesin. Yıkayıp, elma dilimi şeklinde 6 parçaya bölün. 2 adet orta boy domatesin kabuğunu soyup, minik küpler halinde doğrayın. 1 adet orta boy soğanı ay şeklinde dilimleyin. 1 adet kapya biberi de orta büyüklükte doğrayın. Orta büyüklükte geniş bir tencerenin içine yarım çay bardağı zeytinyağı dökün. Üzerine doğranmış soğan ve kapya biberi koyun. Soğan ve biberleri 2 dakika kadar kavurun. Dilimlediğiniz girit kabaklarını tencereye koyup, 1 dakika daha kavurun. Daha sonra kabakların üzerine doğranmış domatesleri ekleyin. 1 diş sarımsağı da küçük küçük kesip, koyun. Damak tadınıza göre tuz ve karabiber de ekleyip, 2-3 kere karıştırın. Tencerenin kapağını kapatıp, kaynamaya bırakın. Kaynadıktan sonra ocağın altını kısıp, ara ara kontrol ederek kabaklar yumuşayana kadar pişirin. Zeytinyağlı girit kabağı piştikten sonra ocaktan alıp, oda ısısında soğumaya bırakın. Soğuyan zeytinyağlı girit kabağının üzerine 1-2 tutam ince ince doğranmış dereotu serpiştirip, servis edebilirsiniz."
Bamya Kızartması,ana yemek,bamya un yumurta galeta unu tuz sıvı yağ,"Bamyaların sapını kısaltın. Orta boy bir tencere içine su ve tuz koyup, kaynamaya bırakın. Kaynayan suyun içine bamyaları ekleyip, 5 dakika haşlayın. Haşladığınız bamyaları süzgeçle alıp, hemen soğuk su içine koyun. 3 dakika kadar bekletin. Süzülmeye bırakın. 3 ayrı tabak alın. Birinci tabak içine un, ikinci tabağa yumurta ve tuz, son tabak içine galeta unu koyun. Bamyaları sırasıyla un, yumurta ve galeta ununa bulayın. Genişçe bir tava içine sıvı yağ koyup, kızdırın. Bamyaları kızgın yağ içinde arkalı önlü kızartın. Kızarttığınız bamyaları havlu kağıt serili tabağa alın."
Cevizli Mantar Kavurması,ana yemek,mantar soğan ceviz tereyağı limon suyu karabiber sumak tuz,"Mantarın kabuklarını ayıklayıp, nemli bir bez ile silin. Küpler halinde doğrayın. Geniş bir tavaya 1 yemek kaşığı tereyağ koyup, eritin. Üzerine 1 adet ince ince doğranmış soğan ekleyip, 2-3 dakika kavurun. Ardından 3 yemek kaşığı kırık ceviz koyup, 3 dakika kadar kavurun. Son olarak doğranmış mantarları ve 1 yemek kaşığı limon suyu ekleyip, 3-4 dakika pişirin. Pişen cevizli mantar kavurması üzerine tuz, karabiber ve sumak serpiştirip, karıştırın. Hazırladığınız cevizli mantar kavurmasını ocaktan alın."
Etli Kabak Yemeği,ana yemek,kuşbaşı et kabak domates soğan yeşil biber zeytinyağı tuz karabiber,"Derin bir tencere içine 250 gr kuşbaşı doğranmış et koyun. Etlerin üzerine çıkacak kadar su döküp, etler yumuşayana kadar pişirin. Diğer taraftan 2 adet kabağın kabuklarını alacalı soyup, orta büyüklükte doğrayın. Daha sonra pişen etlerin üzerine 4 yemek kaşığı zeytinyağ dökün. Üzerine ince ince doğranmış 1 adet soğan ve 2 adet yeşil biber de ekleyip, 2-3 dk kadar kavurun. Ardından küpler halinde doğranmış 2 adet domates ekleyip, karıştırın. Son olarak alacalı soyduğunuz kabakları ekleyin. Kabakların üzerine çıkacak kadar su, tuz ve karabiber ekleyip, yaklaşık 25 dk kadar pişirin."
Etsiz Kuru Fasulye,ana yemek,kuru fasulye soğan dolusudomates salçası zeytinyağı kesme şeker tuz,"1 su bardağı kuru fasulyeyi derin bir kaba koyun. Üzerine çıkacak kadar su ilave edip, 1 gece bekletin. Ertesi gün, şişen fasulyeleri tencereyle beraber ocağa alın. Kendi suyunda hafifçe yumuşayana kadar pişirin. Pişirme sırasında fasulyelerin suyu az gelirse su ilavesi yapabilirsiniz. Daha sonra suyunu süzüp, kenara alın. Diğer yandan geniş bir tencere içine 1 adet ince ince doğranmış soğan koyun. Üzerine yarım çay bardağı zeytinyağı ekleyip, 2 dakika kadar kavurun. Ardından 1 yemek kaşığı dolusu domates salçası da ilave edip, 2 dk kadar daha kavurun. Tencereye haşlanmış kuru fasulyeleri ekleyin. Üzerine çıkacak kadar sıcak su dökün. 1 adet kesme şeker ve tuz ekleyip, karıştırın. Tencerenin kapağını kapatın. Orta ateş üzerinde fasulyeler yumuşayana kadar yaklaşık 35-40 dk pişirin."
Fırında Elma Dilimli Patates,ana yemek,patates zeytinyağı tuz kekik kırmızı toz biber pul biber,"Patateslerin kabuklarını soyup, yıkayın. Patatesleri ortadan ikiye bölüp, elma dilimi şeklinde dilimleyin. Dilimlediğiniz patatesleri derin bir kap içine koyun. Üzerine zeytinyağı, damak tadınıza göre tuz, kırmızı toz biber, pul biber ve kekik koyup, eliniz ile iyice harmanlayın. Elma dilimli soslu patatesleri yağlı kağıt serili fırın tepsisi ya da teflon bir tepsi içine yerleştirin. Önceden ısıtılmış 190 derece fırına verin. Üzerleri kızarana kadar yaklaşık 30 dakika pişirin. Hazırladığınız fırında elma dilimli patates kızartmasını ketçap ve mayonez ile sıcak olarak servis edebilirsiniz."
Fırında Kıymalı Yumurtalı Patates,ana yemek,patates kavrulmuş kıyma yumurta rendelenmiş kaşar peynir tuz,"Patateslerin kabuklarını soyun. Küçük küpler halinde doğrayıp, kızgın yağ içinde kızartın. Kızaran patatesleri orta boy bir fırın kabı içine yayın. Üzerine kavrulmuş kıyma serpiştirin. Ayrı bir kap içine yumurtaları kırın. Yumurtaların içine tuz ekleyip, iyice çırpın. Çırptığınız yumurtayı patatesli kıymalı karışımının üzerine gezdirerek, dökün. Son olarak rendelenmiş kaşar peynir serpiştirin. Hazırladığınız kıymalı yumurtalı patatesi önceden ısıtılmış 180 derece fırına verin. Üzeri kızarana kadar yaklaşık 15 dakika pişirin. Fırında kıymalı yumurtalı patates piştikten sonra 5 dakika dinlenmeye bırakın. Daha sonra dilimleyerek, servis edebilirsiniz."
Fırında Patlıcan Nasıl Közlenir,atıştırmalık,Patlıcan,"Patlıcanları yıkayıp, iyice kurulayın. Patlıcanların birkaç yerine bıçak ile delikler açın. Yağlı kağıt serilmiş fırın tepsisine dizin. Önceden ısıtılmış 200 derecelik fırına verin. Ara ara teryüz ederek közleyin. Közlenmiş patlıcanları fırından alıp, ılımaya bırakın. Kabuklarını parçalamadan soyun. Küçük bir kaba soğuk su koyun ve elinizle patlıcanlara dokunmadan önce parmaklarınızı bu soğuk suya daldırıp, çıkartın. Fırında közlenmiş patlıcanları ince ince doğrayıp, salatalarda ve çorbalarda servis edebilirsiniz."
Fırında Sütlü Kaşarlı Patates,ana yemek,patates süt sarımsak sumak kırmızı toz biber zeytinyağı tuz karabiber kaşar peyniri,"Patateslerin kabuklarını soyun. Yarım parmak genişliğinde ince halkalar şeklinde kesin. Patateslerin kararmaması ve fazla nişastasını atması için bir süre suda bekletin. Derin bir karıştırma kabına 2 diş sarımsak rendeleyin. Üzerine kırmızı toz biber, sumak, tuz ve karabiber serpiştirin. Zeytinyağı ve sütü de ekleyip, tüm malzemeleri güzelce karıştırın. Hazırladığınız bu sütlü karışımın içine patatesleri koyun. Elinizle iyice karıştırın. İyice harmanladıktan sonra sütlü patatesleri orta boy bir borcama yayın ve üzerine hafifçe bastırın. Fırında sütlü patatesleri önceden ısıtılmış 170 derecelik fırına verip 40dk kadar pişirin. Ara ara kontrol ederek sütlerin yanmadığından emin olun. Fırında sütlü patatesleri pişmeye yakın fırından çıkartın. Üzerine kaşar peynir rendeleyin. Arzu ederseniz biraz sumak serpiştirin ve tekrar fırına verin. Kaşar peynirler eriyip, kızarana kadar (yaklaşık 5-10dk) fırında tutun. Fırında sütlü kaşarlı patatesler piştikten sonra fırından alıp, bir süre dinlendirin. Fırında sütlü kaşarlı patatesleri çok sıcak olmayacak şekilde servis edebilirsiniz."
Hellim Peynirli Patlıcan Kızartması,atıştırmalık,patlıcan hellim peyniri yumurta tuz karabiber sıvıyağ,"Patlıcanların kabuğunu alacalı soyun. Patlıcanları 1 cm aralıklarla halka şeklinde kesin. Bir kaba yumurta kırın, tuz ve karabiber ekleyip çırpın. Hellim peynirini orta büyüklükte kareler halinde kesin. Patlıcan dilimlerini bıçak ile kesin, aralarına hellim peyniri yerleştirin. Kızgın yağ içinde arkalı önlü kızartın. Sıcak veya ılık olarak servis edin."
Kabak Musakka,ana yemek,kabak kıyma soğan sarımsak yeşil biber domates domates salçası zeytinyağı su tuz karabiber,"Soğan ve sarımsağı ince ince doğrayın. Yeşil biberi küçük küçük kesin. Domatesleri minik küpler halinde doğrayın. Tencere içine soğanı koyun, zeytinyağı ekleyip 1 dakika kavurun. Yeşil biber ve sarımsağı da koyup 1 dakika daha kavurun. Kıymayı ekleyin, rengi dönene kadar sürekli karıştırarak kavurun. Domates ve domates salçası koyun, 5 dakika pişirin. Tuz ve karabiber ekleyip ocağın altını kapatın. Kabakları alacalı soyun, dilimleyin. Tencerenin içine kabakları dizin, kıymalı harcı yayın, su döküp kapağını kapatın. Kaynamaya bırakın, kısık ateş üzerinde 25 dakika pişirin."
Karışık Sebze Kızartması,ana yemek,patates kabak patlıcan havuç yeşil biber sıvıyağ domates sarımsak kesme şeker yoğurt tuz,"1 adet patlıcanı (alacalı), kabağı, havucu ve patatesin kabuklarını soyun. Parmak uzunluğunda olacak şekilde kesin. 5 adet biberi de aynı şekilde kesin. Derin bir tencere içine sıvıyağ koyup, kızdırın. Kızgın yağ içinde önce havucu, patatesi sonra kabak, patlıcanı ve biberleri ayrı ayrı kızartın. Domates Sosu İçin,2 adet domatesi ince ince doğrayın. Üzerine 1 diş ince ince doğranmış sarımsak, 2 adet kesme şeker ve tuz ekleyip, domatesler yumuşayana kadar pişirin. Kızarttığınız patates, havuç, biber, patlıcan ve kabağın yağını süzüp, servis tabağına aralarında boşluk olacak şekilde dizin. Domates sosu ve yoğurt ile süsleyin."
Kırmızı Biber Nasıl Közlenir,ana yemek,kırmızı biber,"Kırmızı biberleri yıkayıp, iyice kurulayın. Daha sonra yağlı kağıt serilmiş fırın tepsisine dizin. Önceden ısıtılmış 200 dereceli fırına verin. Yaklaşık 30-35 dakika fırında ara ara ters yüz ederek közleyin. Közlenen biberleri fırından alıp, ılımaya bırakın. Daha sonra kabuklarını parçalamadan soyun. Saplarını çıkarın. Boylamasına bıçak ile bir çizik atarak, iç çekirdeklerini temizleyin."
Kıymalı Kapuska Yemeği,ana yemek,lahana kıyma soğan havuç pirinç domates salçası acı biber salçası zeytinyağı sıcak su tuz karabiber,"Lahanayı ince ince doğrayın. Yıkayıp, süzün. Derin bir tencereye 3 yemek kaşığı zeytinyağ koyun. Üzerine 1 adet ince ince doğranmış soğan ve 1 adet küp küp doğranmış havuç ekleyin. 2 dakika kavurun. Daha sonra 250 gr kıyma koyun. Sürekli karıştırarak, pişirin. Ardından 1 yemek kaşığı domates salçası ekleyin. 1-2 dakika daha kavurun. Daha sonra tencereye doğranmış lahanaları koyun. Üzerine 3 yemek kaşığı pirinç serpiştirin. Son olarak su, tuz ve karabiberi de ekleyin. İyice karıştırın. Tencerenin kapağını kapatın. Kıymalı kapuska yemeğini yaklaşık 35-40 dakika kadar orta ateş üzerinde pişirin."
Kıymalı Semizotu Yemeği,ana yemek,semizotu soğan kıyma sarımsak zeytinyağı domates salçası su tuz,"1 demet semizotunu ayıklayın. Bol su içerisinde iyice yıkayıp, süzülmeye bırakın. Süzülen semizotlarını bıçak yardımı ile iri parçalar halinde kesin. Orta boy geniş bir tencere içine 3 yemek kaşığı  zeytinyağı koyun. Üzerine 1 adet orta boy ince ince doğranmış soğan, 1 diş ince ince doğranmış sarımsak ve 150 gr kıymayı ekleyin. Kıyma suyunu salıp, çekene kadar kavurun. Ardından 1 yemek kaşığı domates salçası koyup, 1 dakika daha kavurmaya devam edin. Daha sonra tencereye iri parçalar halinde kestiğiniz semizotlarını ekleyin. Damak tadınıza göre tuz ve 1 çay bardağı su ekleyip, 2-3 kere karıştırın. Tencerenin kapağını kapatıp, yemeği kaynamaya bırakın. Kaynadıktan sonra ocağın altını kısıp, 15 dakika  pişirin."
Kuru Fasulye,ana yemek,kuru fasulye dolusudomates salçası zeytinyağı soğan kesme şeker tuz,"Tencere içinde şişen fasulyelerin suyunu süzün. Üzerini geçecek kadar su koyup, ocağa alın. Yumuşayana kadar pişirin. Pişirme sırasında fasulyelerin suyu çok azalırsa, sıcak su ilavesi yapabilirsiniz. Daha sonra kuru fasulyelerin suyunu süzüp, kenara alın. Geniş bir tencere içine 1 adet ince ince doğranmış soğan koyun. Üzerine yarım çay bardağı zeytinyağı döküp, soğanlar hafif pembeleşinceye kadar (yaklaşık 2-3 dakika) kavurun. Ardından 1 yemek kaşığı dolusu domates salçası ekleyin. Soğan ile salçayı yaklaşık 2 dk kadar daha kavurmaya devam edin. Üzerine az önce haşlayıp, suyunu süzdüdüğünüz kuru fasulyeleri ekleyin. Üzerine çıkacak kadar sıcak su dökün. 1 adet kesme şeker ve az miktar tuz ekleyip, hafifçe karıştırın. Tencerenin kapağını kapatın. Orta ateş üzerinde kuru fasulyeler iyice yumuşayana kadar yaklaşık 35-40 dk pişirin."
Mısır Unlu Kabak Kızartması,ana yemek,kabak soda mısır unu tuz kırmızı pul biber sıvıyağ yoğurt dereotu,Kabakları yıkayın ve halkalar halinde kesin. Sodalı mısır unlu karışımı hazırlayın. Kabakları sosun içinde 10 dakika bekletin. Kabakları mısır ununa bulayıp kızartın. Yoğurt sosunu hazırlayın. Mısır unlu kabak kızartmasını yoğurt sos ile servis edin.
Mücver,ana yemek,orta boy kabak yumurta dereotu maydanoz un kabartma tozu tuz karabiber sıvıyağ,"2 adet orta boy kabağın kabuğunu soyun. Rendenin iri tarafı ile rendeleyin. Ardından suyunu iyice sıkıp, bir kap içine alın. Daha sonra rendelediğiniz kabakların üzerine 2 adet yumurta kırın. 1 çay kaşığı kabartma tozu, 3 tutam ince ince doğranmış dereotu, 3 tutam ince ince doğranmış maydanoz ve 2-3 yemek kaşığı kadar un ekleyin. Damak tadınıza göre tuz ve karabiber de koyup, iyice karıştırın. Diğer tarafta geniş bir tava içine sıvıyağ koyup, hafifçe kızdırın. Mücver karışımından 1 yemek kaşığı alıp, yağın içine koyun. Üzerlerine hafifçe bastırın. Arkalı önlü pişirin. Pişen mücverleri servis tabağına koyun. İlk ya da soğuk olarak yoğurt eşliğinde servis edebilirsiniz."
Patatesli Barbunya Yemeği,ana yemek,barbunya patates havuç soğan zeytinyağı domates salçası tuz,"Barbunyayı haşlayın. Patates, havuç ve soğanı doğrayın. Soğanı zeytinyağında kavurun. Patates ve havucu ekleyip kavurun. Domates salçası ekleyip kavurun. Barbunyayı ekleyip karıştırın. Kapağını kapatıp 20 dakika pişirin."
Patatesli Kabak Mücver,atıştırmalık,kabak patates yumurta dereotu maydanoz un tuz karabiber kırmızı pul biber sıvı yağ,"1 adet orta boy kabağın ve 1 adet orta boy patatesin kabuğunu soyup, rendeleyin. Suyunu iyice sıkıp, karıştırma kabına alın. Rendelenmiş kabak ve patatesin üzerine 2 adet küçük boy yumurta kırın. 1 tutam ince ince doğranmış dereotu, 1 tutam ince ince doğranmış maydanoz ve 2 yemek kaşığı un ekleyin. Damak tadınıza göre tuz, karabiber ve kırmızı pul biber koyup, iyice karıştırın. Geniş bir tava içine sıvı yağ koyup, hafifçe kızdırın. Patatesli kabak mücver karışımından 1 yemek kaşığı alıp, yağın içine koyun. Üzerlerine hafifçe bastırın. Her iki tarafını pişirin. Patatesli kabak mücver piştikten sonra servis tabağına koyun."
Patlıcanlı Mantar Sote,ana yemek,patlıcan mantar soğan kırmızı biber yeşil biber sarımsak zeytinyağı tuz,"Patlıcanı alacalı soyun. Küpler halinde kesin. Kızgın yağ içinde kızartın. Mantarları temizleyip, ince olmayacak şekilde doğrayın. Soğanı ve sarımsağı ince ince doğrayın. Tava içine zeytinyağı koyun. Soğanı ve sarımsağı ekleyip, 2 dakika kadar kavurun. Biberleri koyup, 2-3 dakika kadar daha kavurun. Mantarları da ekleyin. Suyunu salıp, çekene kadar pişirin. Kızarttığınız patlıcanları ve tuz ekleyin. Karıştırıp, ocaktan alın."
Pirinçli Kabak Yemeği,ana yemek,kabak soğan sivri biber pirinç sarımsak domates zeytinyağı sıcak su dereotu tuz karabiber,"1 adet soğanı ve 3 adet biberi yemeklik doğrayın. 1 adet domatesi minik küpler halinde doğrayın. 4 diş sarımsağı ince ince kıyın. 2 adet kabağın kabuğunu soyun. Orta büyüklükte doğrayın. Derin bir tencereye 4 yemek kaşığı zeytinyağ koyun. Üzerine doğranmış soğanları ve biberleri koyun. 3-4 dakika kavurun. Daha sonra doğranmış domatesleri ekleyip, 1-2 dakika kadar daha kavurun. Son olarak doğranmış kabakları, sarımsakları ve 2 yemek kaşığı yıkanmış pirinci ekleyin. Üzerine 1 su bardağı sıcak su dökün. Tuz ve karabiberi de ayarlayıp, 1 kere karıştırın. Daha sonra tencerenin kapağını kapatın. Kısık ateşte 35-40 dakika kadar pişirin. Pirinçli kabak yemeği piştikten sonra ocaktan alın. Soğumaya bırakın. Daha sonra pirinçli kabak yemeğinizin üzerine 4 tutam ince ince doğranmış dereotu serpiştirerek, servis edebilirsiniz."
Pirinçli Yeşil Domates Yemeği,ana yemek,yeşil domates kırmızı domates soğan yeşil biber tereyağı pirinç su tuz karabiber,"5 adet domatesi yıkayıp, saplarını koparın. Uzunlamına 4 ya da 6 parçaya bölün. Geniş orta boy bir tencere içine 1 yemek kaşığı tereyağı koyup, eritin. Üzerine ince ince doğranmış 1 adet soğanı ve 3 adet yeşil biberi ekleyip, 1-2 dakika kadar kavurun. Ardından ince ince doğranmış 1 adet domatesi koyup, 1 dakika kadar daha kavurun. Tencereye böldüğünüz yeşil domatesleri dizin. Üzerlerine 1 yemek kaşığı yıkanmış pirinci serpiştirin. Tuz, karabiber ve 1 çay bardağına yakın su ekleyin. Pirinçler şişip, yeşil domatesler hafifçe yumuşayana kadar pişirin. Pirinçli yeşil domates yemeği piştikten sonra ocaktan alıp, ılımaya bırakın."
Sebzeli Tavuk Sote,ana yemek,tavuk göğsü soğan sarımsak kabak mantar yeşil biber kırmızı biber zeytinyağı kimyon tuz,"Tavuk göğsünü kuşbaşı olarak doğrayın. Soğanı ve sarımsağı ince ince doğrayın. Küçük boy kırmızı biberi, 2 adet yeşil biberi ve 1 adet orta boy kabağı minik küpler halinde doğrayın. 5-6 adet mantarı orta kalınlıkta doğrayın. Geniş bir tencere içine doğradığınız soğan ve sarımsağı koyun. Üzerine 4 yemek kaşığı zeytinyağı döküp, 1 dakika kadar soteleyin. Ardından doğradığınız biberleri ve kabağı koyup, 1 dakika kadar daha soteleyin. Daha sonra tavaya tavuk etlerini ekleyin. Ara ara karıştırarak, 2 dakika soteleyin. Son olarak orta büyüklükte doğradığınız mantarları, tuz ve kimyon koyup, karıştırın. Tavanın kapağını kapatıp, tavuk eti ve sebzeler yumuşayana kadar pişirin."
Soğan Halkası,atıştırmalık,soğan soda un mısır nişastası yumurta tuz karabiber kırmızı toz biber galeta unu sıvı yağ,"Soğanların kabuklarını soyun ve yarım cm kalınlığında halkalar halinde kesin. Kestiğiniz soğanları kendi içlerinde de tek tek halkalara ayırın. Un, mısır nişastası, tuz, karabiber ve kırmızı toz biberi karıştırın. Karışıma yumurta ve soda ekleyin ve pürüzsüz bir kıvam alana kadar çırpın. Soğan halkalarını hazırladığınız sodalı karışıma bulayın. Ardından galeta ununa bulayıp, kızgın yağ içinde arkalı önlü kızartın. Kızaran soğan halkasını havlu kağıt serili servis tabağına alın."
Sütlü Kabak Kızartması,ana yemek,taze kabak yumurta süt sirke karbonat un tuz karabiber sıvıyağ yoğurt dereotu,"3 adet kabağı yıkayıp, alacalı soyun. İnce ince halkalar halinde kesin. Orta boy bir kap içine kabakları koyun. 2 çay bardağı süt ekleyip, kapağını kapatın. 1 saat buzdolabında bekletin. Daha sonra kabakları sütün içinden çıkarın. Süt olan kabın içine 1 adet yumurta, 1 yeme kaşığı sirke, 1 çay kaşığı karbonat, tuz, karabiber koyup, iyice çırpın. 6 yemek kaşığı unu azar azar ilave edip, krep hamuru kıvamına gelene kadar karıştırın. Genişçe bir tava içine sıvıyağ koyup, iyice ısıtın. Kabakları hazırladığınız sosun içine batırıp, kızgın yağ içinde kızartın. Kızaran kabakları servis tabağına alın. Diğer yandan üzeri için 1 kase yoğurdu iyice çırpın. Üzerine 2 tutam ince ince doğranmış dereotu koyup, karıştırın."
Taze Barbunya Derin Dondurucuda Nasıl Saklanır,atıştırmalık,Taze barbunya Buzdolabı poşeti,"Barbunyaları kabuklarından güzelce ayıklayın. Yıkamadan ve haşlamadan küçük boy olan buzdolabı poşetlerine birer yemeklik olarak doldurun. Poşetin havasını alıp, dibinden düğüm atın. Daha sonra taze barbunyaları poşete güzelce yayın. Poşetleri üst üste koyup, derin dondurucuya kaldırın. Derin dondurucudan çıkarttıktan sonra buzdolabında çözülmesini sağlayın."
Taze Sarımsak Nasıl Saklanır,atıştırmalık,Taze sarımsak Zeytinyağı ya da sıvıyağ 1 adet kavanoz,"Taze sarımsakları tek tek dişlerine ayırın. Bıçak ile kabuklarını soyun. Daha sonra iyice yıkayıp, kurulayın. Kabuğu soyulmuş taze sarımsakları bir kavanoza koyun. Son olarak taze sarımsakların üzerini örtecek kadar zeytinyağı ya da sıvıyağ dökün. Kavanozun kapağını sıkıca kapatıp, buzdolabında muhafaza edebilirsiniz."
Kıymalı Havuçlu Patates Yemeği,ana yemek,patates havuç kıyma yeşil biber domates salçası zeytinyağı tuz karabiber,"Patateslerin ve havucun kabuğunu soyun. Patatesleri orta büyüklükte küpler halinde kesin. Havucu halkalar şeklinde kesin. Yeşil biberleri 4-5 parçaya bölün. Geniş bir tencere içine 2 yemek kaşığı zeytinyağı koyun. Üzerine 1 yemek kaşığı domates salçası ekleyip, 1 dakika kadar kavurun. Daha sonra 6 yemek kaşığı kavrulmuş kıymayı koyup, karıştırın. Kıymanın üzerine doğranmış patatesleri, havuçları ve biberleri ekleyip, 1 dakika kadar kavurun. Ardından patateslerin üzerine hafifçe çıkacak kadar su dökün. Tuz ve karabiber ekleyip, karıştırın. Tencerenin kapağını kapatın. Orta ateş üzerinde patatesler yumuşayana kadar yaklaşık 25 dakika pişirin. Tencerede kıymalı havuçlu patates yemeği piştikten sonra ocaktan alıp, 5 dakika kadar dinlenmeye bırakın. Daha sonra sıcak olarak servis edebilirsiniz."
Yer Elması Yemeği,ana yemek,Yer Elması Havuç Soğan Patates Pirinç Zeytinyağı Toz Şeker Tuz,"Yer elmasının kabuklarını soyup, iyice yıkayın. 1 adet orta boy patates ve 1 adet orta boy havucun da kabuklarını soyun. Ardından hepsini orta büyüklükte doğrayın. Daha sonra orta boy bir tencere içine 1 adet ince ince doğranmış soğanı koyun. Üzerine küçük bir çay bardağı zeytinyağı ekleyip, 1 dakika kadar kavurun. Ardından doğranmış sebzeleri koyun. 1 dakika ara ara karıştırarak, kavurun. Son olarak sebzelerin üzerine yarım yemek kaşığı yıkanmış pirinci, tuz, 1 çay kaşığı toz şeker ve hafifçe sebzelerin üzerine çıkacak kadar su döküp, karıştırın. Tencerenin kapağını kapatıp, orta ateş üzerinde sebzeler yumuşayana kadar yaklaşık 20 dakika pişirin. Yer elması yemeği piştikten sonra ocaktan alıp, soğumaya bırakın. İsteğe göre zeytinyağlı yer elması yemeğinin üzerine ince ince doğranmış dereotu serpiştirip, servis edebilirsiniz."
Yumurtalı Pazı,ana yemek,pazı soğan zeytinyağı pirinç yumurta kırmızı pul biber tuz,"Pazı yaprakları iyice yıkayın. Daha sonra bıçak yardımı ile ince ince doğrayın. Geniş bir tavaya 1 adet ince ince doğranmış soğan ekleyin. Üzerine 1 yemek kaşığı zeytinyağ ekleyip, 2 dakika kadar kavurun. Ardından doğranmış pazıları koyun. Son olarak pazıların üzerine 1/2 yemek kaşığı pirinç serpiştirin. Az miktar su dökün. Tuzunu ayarlayıp, suyunu çekene kadar pişirin. Pazı piştikten yumurtaları kırmak için boşluklar açın. Ardından bu boşluklara 2 adet yumurta kırın. Tavanın kapağını kapatın. Yumurtaları istediğiniz kıvama gelene kadar kısık ateşte pişirin. Yumurtalı pazı piştikten sonra sıcak ya da ılık olarak servis edebilirsiniz."
Mandalinalı Kereviz Yemeği,ana yemek,kereviz soğan garnitür mandalina suyu zeytinyağı kesme şeker tuz dereotu,"Kerevizin kabuklarını soyup, küpler halinde doğrayın. Limonlu su içine koyun. Geniş bir tencereye 1 çay bardağı zeytinyağ koyun. Üzerine 1 adet ince ince doğranmış soğan ekleyip, 1 dakika kadar soteleyin. Doğranmış kerevizleri koyup, 1 dakika kavurun. Suyu süzülmüş garnitürleri ekleyin. 1-2 kere karıştırın. 1 su bardağı mandalina suyu, sıcak su, 2 adet kesme şeker ve tuz ekleyip, karıştırın. Hazırladığınız mandalinalı kereviz yemeğini kaynamaya bırakın. Kısık ateşte 30 dakika kadar pişirin. Soğumaya bırakın. Suyu ile beraber servis tabağına alıp, servis edebilirsiniz."
Girit Ezmesi,ana yemek,ezine beyaz peynir İzmir tulumu lor peyniri ceviz pirinç fıstık zeytinyağı kırmızı toz biber kekik fesleğen dereotu maydanoz,"Peynirleri çatal yardımı ile iyice ezip, birbirlerine karışmasını sağlayın. Peynirlerin üzerine 1-2 tutam ince ince doğranmış dereotu, 1-2 tutam ince ince doğranmış maydanoz, 1 çay kaşığı kırmızı toz biber, 1 çay kaşığı kekik ve 1 çay kaşığı fesleğen ekleyin. Karışıma 2-3 yemek kaşığı orta dövülmüş ceviz, 2 yemek kaşığı pirinç fıstık ve yarım çay bardağı zeytinyağı koyun. Tüm malzemelerin lezzetleri birbirine geçmesi için iyice karıştırın. Hazırladığınız girit ezmesini bir dondurma kaşığı yardımı ile şekil verip, servis tabağına güzelce koyun."
Cennet Çorbası,çorba,mısır unu tereyağı kuru soğan patates sarımsak tavuk suyu sıcak su tuz karabiber kırmızı toz biber,"Orta boy derin bir tencere içine 2 yemek kaşığı tereyağı koyup, eritin. Eriyen yağın üzerine 3 yemek kaşığı mısır unu ekleyin. Mısır ununu 3 dakika sürekli karıştırarak, kavurun. Daha sonra 1 adet orta boy patates, 1 adet orta boy soğan ve 1 diş sarımsağı orta büyüklükte kesin. Kestiğiniz patates, soğan ve sarımsağı kavrulan mısır ununun üzerine koyun. Sebzeleri 4-5 dakika kadar sürekli karıştırarak, kavurun. Kavrulan sebzelerin üzerine damak tadınıza göre tuz, karabiber ve 2 su bardağı tavuk suyu koyun. Ardından da 3 buçuk su bardağı sıcak su dökün. Sebzeler iyice yumuşayana kadar ara ara karıştırarak, pişirin. Patatesler yeterince yumuşadıktan sonra pürüzsüz bir kıvam alana kadar blenderdan geçirin. Çorbayı 1-2 taşım daha kaynatıp, ocağın altını kapatın. Çorbanın kıvamı koyu ise biraz daha sıcak su ya da tavuk suyu ekleyip, kıvamı açabilirsiniz."
Taş Kadayıf,tatlı,ılık süt ılık su instant kuru maya toz şeker tuz un sıvı yağ ceviz kırığı toz şeker (şerbet) su (şerbet) limon suyu,"Şerbeti hazırlayın: 2 su bardağı toz şeker ve 2 su bardağı su ekleyip, ocak üzerine alın. Şeker eriyene kadar sürekli karıştırıp, kaynamaya bırakın. Şerbet kaynadıktan sonra içine 5 damla limon suyu dökün. Yaklaşık 10 dakika kadar daha kaynatın. Hamuru hazırlayın: 1 su bardağı ılık süt, 1 su bardağı ılık su, 1 tatlı kaşığı toz şeker, 1 çay kaşığı tuz ve 1 tatlı kaşığı instant kuru maya koyun. Maya eriyene kadar iyice karıştırın. Daha sonra kaba 1 buçuk su bardağı un ekleyin. Pürüzsüz bir kıvam alana kadar iyice karıştırın. Hamuru mayalandırın: üzerini kapatıp, ılık bir ortamda 45 dakika mayalanmaya bırakın. Hamuru spatula yardımı ile karıştırıp, havasını alın. Tavayı orta ateş üzerinde ısıtın. Hamurdan 2 yemek kaşığı kadar alın. Hamuru tavanın içine koyup, hafifçe yayıp, inceltin. Hamurun sadece bir yüzü pişecektir, arkalı önlü pişirme olmayacaktır. Pişen kadayıfları havlu kağıt serili geniş bir tepsi üzerine alın. Hamurları sıcak iken kesinlikle üst üste koymayın. Ceviz kırığı koyun ve hamuru ay şeklinde kapatıp, cevizli harç dışarı taşmayacak şekilde kenarlarını iyice bastırın. Bol kızgın yağ içinde arkalı önlü nar gibi kızarana kadar pişirin. Pişen yassı kadayıfları yağın içinden süzerek alıp, hemen soğuk şerbetin içine koyun."
Hatay Kağıt Kebabı,ana yemek,Dana kıyma Kuzu kıyma Sivri biber Kırmızı kapya biber Sarımsak Maydanoz Tuz Karabiber Domates Yeşil biber,"2-3 adet orta boy sivri biber ve 2 adet orta boy kırmızı kapya biberin çekirdek kısımlarını temizleyip, yıkayın. Biberleri 2-3 parçaya kesip, mutfak robotu içine koyun. Üzerine 3 diş sarımsak ve 1 tutam maydanoz ekleyin. Tüm malzemeleri mutfak robotunda küçülünceye kadar çekin. Geniş bir kaba 400 gr dana kıyma ve 100 gr kuzu kıyma koyun. Kebabınız kuru ve sert olabilir. Kıymanın üzerine robottan çektiğiniz sebzeleri ekleyin. 1 tatlı kaşığı tuz ve damak tadınıza göre karabiber koyun. Tüm malzemelerin birbiriyle özleşmesi için eliniz ile iyice yoğurun. 1 adet yağlı fırın kağıdını 4 eşit parçaya kesin. Hazırladığınız köfteli harcı 4 eşit parçaya bölün. Parçalardan birini alıp, yağlı kağıdın üzerine koyun. Harcın üzerine parmaklarınız ile bastırarak, orta incelikte açın. Açtıktan sonra kenar kısımlarını bıçak yardımı ile düzeltip, tam bir yuvarlak olmasını sağlayın. Kebabınız piştikten sonra biraz toparlanıp, kalın olacaktır. Fırın tepsisi içine yerleştirin. Kebapların üzerine domates ve biber dilimleri dizin. Önceden ısıtılmış 200 derece fırına verin. Üzeri hafifçe kızarana kadar yaklaşık 20-25 dakika kadar kontrollü bir şekilde pişirin."
Tavuklu Buhara Pilavı,ana yemek,pilavlık pirinç kuşbaşı tavuk eti havuç soğan tere yağı zeytinyağı kesme şeker sıcak su tarçın karabiber çiğ badem dolmalık fıstık sıvı yağ,"Pirinçleri 20-25 dakika suda bekletin. Havuç ve soğanı doğrayın. Tavuk etini suda bekletin. Tencereye yağ koyup, tavuk etini pişirin. Tencereye soğan ve havuç koyup, kavurun. Pirinçleri tencereye koyup, kavurun. Tencereye tavuk etini, kuş üzümünü, tarçın ve karabiberi koyup, kavurun. Sıcak su döküp, pilavı pişirin. Pilavı 10-15 dakika demlendirin. Üzeri için badem ve fıstığı kavurun. Pilavı servis edin."
Babata Keki,tatlı,yumurta toz şeker yoğurt sıvı yağ tahin kabartma tozu vanilya mısır unu un susam,"3 adet yumurta kırın ve 1 buçuk su bardağı toz şeker ekleyin. Yumurtaları ve şekeri mikser ile köpürene kadar 3-4 dakika kadar çırpın. Daha sonra kaba 1 su bardağı yoğurt koyun. Ardından 1 su bardağından 1 parmak az sıvı yağ ve 1 su bardağından 1 parmak az tahin ekleyip, mikser ile tekrar karıştırın. Son olarak kaba 1 su bardağı un, 2 paket kabartma tozu ve 1 paket vanilyayı eleyerek ekleyin. Ardından 1 su bardağı mısır unu da koyun. Tüm malzemeleri mikser yardımı ile pürüzsüz bir kıvam alana kadar karıştırın. Büyük yuvarlak borcamın tabanını ve kenar kısımlarını tereyağı ile güzelce yağlayın. Hazırladığınız kek harcını borcamın içine dökün. Borcamı 1-2 kere tezgah üzerine vurup, üzerindeki kabarcıkların gitmesini sağlayın. Daha sonra kek hamurunun üzerine bolca susam serpiştirin. Hazırladığınız babata keki önceden ısıtılmış 170 derece fırına verin. Yaklaşık 35-40 dakika kadar pişirin. Kekin pişip pişmediğini kürdan batırarak, test edebilirsiniz."
Çerkez Çorbası,çorba,aşurelik buğday tavuk baget haşlanmış mısır sıcak su tuz yoğurt yumurta sarısı un tere yağı kuru nane,"Tavuk bagetleri tencereye koyun, üzerine sıcak su dökün ve kaynamaya bırakın. Tavuk etleri piştikten sonra didikleyin. Aşurelik buğdayı haşlayın. Tavuk suyuna buğday ve haşlanmış mısır ekleyin. Terbiye için yoğurt, yumurta sarısı ve un karıştırın. Terbiyeyi çorbaya ekleyin. Çorbayı kaynatın, tuz ve tavuk etleri ekleyin. Naneli yağ karışımını çorbanın üzerine dökün."
Lömbedek Tatlısı,tatlı,yumurta sıvıyağ yoğurt vanilya kabartma tozu un şerbet için toz şeker şerbet için su,"Derin bir kap içine 1 adet yumurta kırın. Üzerine yarım çay bardağı sıvıyağ, yarım çay bardağı yoğurt ve yarım paket vanilya koyun. Eliniz ile iyice karıştırın. Daha sonra 1 paket kabartma tozu ve 1 buçuk-2 su bardağı arası unu azar azar ekleyin. Ele yapışmayan oldukça yumuşak bir hamur elde edene kadar yoğurun. Hazırladığınız hamuru 10 dakika kadar dinlenmeye bırakın. Ardından hamurdan küçük ceviz büyüklüğünde parçalar alıp, avuç içerisinde yuvarlayın. Yuvarladığınız hamurları aralıklı olacak şekilde orta boy bir fırın tepsisi içine yerleştirin. Önceden ısıtılmış 180 derece fırına verin. Üzerleri kızarana kadar yaklaşık 25 dakika pişirin. Diğer tarafta şerbet için; orta boy bir kap içine 2 su bardağı toz şeker ve 2 su bardağından iki parmak fazla su koyun. Şeker eriyene kadar karıştırın. Lömbedek tatlısı piştikten sonra fırından çıkartın. Sıcak tatlının üzerine şerbeti kepçe yardımı ile dökün. Ardından tepsiyi tekrar sıcak fırın içine koyun. 5 dakika kadar fırın içinde bekletip, çıkartın."
Patlıcan Çullama,ana yemek,patlıcan soğan domates kırmızı kapya biber yeşil biber sarımsak domates salçası zeytinyağı tuz kırmızı pul biber maydanoz,"Patlıcanları yağlı kağıt serili fırın tepsisine dizin. Patlıcanların patlamaması için üzerine bıçak ile birkaç yerinden delik açın. Patlıcanları önceden ısıtılmış 200 derece fırına verip, arada ters çevirerek közleyin. Közlenmiş patlıcanları fırından çıkartıp, soğumaya bırakın. Soğuduktan sonra kabuklarını soyup, iri küpler halinde doğrayın. Soğanı ay şeklinde ince ince doğrayın. Soğanı zeytinyağı ile kavurun. Kavrulan soğanların üzerine kırmızı biber, yeşil biber ve sarımsak koyun. Biberleri soğanla birlikte 5 dakika kadar ara ara karıştırarak, pişirin. Domates salçası ekleyip, hafifçe kokusu çıkana kadar kavurun. Domatesi ekleyip, karıştırın. Domatesler hafifçe suyunu çekip, yumuşayana kadar pişirin. Közlenmiş patlıcanları, tuz ve kırmızı pul biber ekleyip, karıştırın. Tencerenin kapağını kapatıp, köz patlıcanları diğer sebzeler ile birlikte 5 dakika kadar pişirin."
Aside Tatlısı,tatlı,un süt üzüm pekmezi tereyağı ceviz içi,"Orta boy çukur bir kaba 2 yemek kaşığı dolusu un koyun. Unun Üzerine 2 su bardağı suyu azar azar dökün. Unun topaklanmaması için tel çırpıcı yardımı ile iyice karıştırın. Daha sonra unlu su karışımına 1 çay bardağı üzüm pekmezi ekleyin. Pekmezli karışımı tekrardan iyice karıştırın. Diğer tarafta küçük bir tencere içine 2 yemek kaşığı tereyağı koyup, eritin. Eriyen yağın üzerine pekmezli karışımı dökün. Orta ateş üzerinde sürekli karıştırarak, muhallebi kıvamına gelene kadar pişirin. Muhallebi kıvamına gelen aside tatlısını küçük kaplara paylaştırıp, oda ısısında soğumaya bırakın. Ardından buzdolabında 1-2 saat dinlenmeye bırakın. Hazırladığınız aside tatlısının üzerini iri dövülmüş ceviz ile süsleyerek, servis edebilirsiniz."
Ev Yapımı Köy Peyniri,ana yemek,günlük süt peynir mayası kaynar su tuz,"Eczane ya da baharatçılardan peynir mayası temin edin. 2 litre günlük sütü tencereye döküp, ocağa koyun. Sütü parmağınızı yakmayacak dereceye kadar ısıtın. Sütü ocaktan alın, içine 1 çay kaşığı peynir mayası ekleyin. Kaşık yardımı ile 1 dakika kadar karıştırın. Tencerenin kapağını kapatın, tencereyi kalın bir mutfak bezi ile sıkıca sarın. 1 saat mayalanmaya bırakın. Katılaşan sütü eliniz ile iyice parçalayarak, karıştırın. Karışıma 1 çay bardağı kaynar su ekleyip, 1-2 dakika kadar bekletin. Diğer yandan derin bir kabın üzerine tel süzgeci yerleştirin. Süzgecin üzerine tülbent serin. Karışımın suyunu tülbentin üzerine yavaşça dökün. Mayalanan peynir parçalarını tülbentin üzerine dökün. Peyniri bir süre içindeki fazla suyunu kendiliğinden salması için tülbentin içinde bekletin. Tülbenti dört ucundan tutup, kaldırın. Tülbenti üst kısmından sıkarak, suyunu süzün. Süzgecin üzerinde 2 saat kadar bekletin. Peyniri tülbent içinden alıp, kapalı bir kaba koyun. Üzerine az miktar tuz serpiştirin. Buzdolabında 3-4 saat kadar dinlendirin. Daha sonra dilimleyerek, servis edebilirsiniz."
Karmaca,ana yemek,pırasa yumurta sıvı yağ yoğurt toz şeker tuz karabiber lor peyniri kabartma tozu mısır unu,"5 sap pırasayı güzelce temizleyip, yıkayın. Bıçak yardımı ile halkalar halinde ince ince doğrayın. Geniş bir tava içine doğranmış pırasaları koyun. Üzerine 3 yemek kaşığı zeytinyağı dökün. Pırasaları çok fazla öldürmeden hafifçe yumuşayana kadar pişirin. Ardından ocaktan alıp, soğumaya bırakın. Diğer tarafta derin bir kaba 3 adet yumurta kırıp, çırpıcı yardımı ile iyice çırpın. Kaba 1 su bardağı sıvı yağ, 1 su bardağı yoğurt, 1 yemek kaşığı toz şeker, 1 tatlı kaşığı tuz ve 1 çay kaşığı karabiber koyup, tekrar iyice karıştırın. 1 buçuk su bardağı lor peyniri de ekleyin. Kaba pişen pırasaları da koyun. Malzemeleri spatula yardımı ile iyice karıştırın. Son olarak kaba 3 su bardağı mısır unu ve 1 paket kabartma tozu koyun. Tüm malzemeleri spatula yardımı ile son kez karıştırın. Pırasalı mısır unlu harcın kıvamı kek kıvamından koyu bir kıvamda olacaktır. Eğer sıvı olursa az miktar un ekleyebilirsiniz. Hazırladığınız karmaca börek harcını yağlı kağıt serili büyük kare borcam içine koyun. Harcı spatula yardımı ile eşit bir şekilde yayın. Üzerine susam ya da çörek otu serpiştirin. Önceden ısıtılmış 170 derece fırına verin. Yaklaşık 40 dakika kadar pişirin. Pırasalı karmaca böreği piştikten sonra fırından çıkartıp, ılımaya bırakın. Daha sonra dilimleyerek, servis edebilirsiniz."
Katmerli Çörek,kahvaltı,ılık süt toz şeker sıvıyağ instant kuru maya yumurta akı tuz un yumuşak tereyağı yumurta sarısı,"Katmerli çörek hamuru için; derin bir kaba 1 paket instant kuru maya ve 2 yemek kaşığı toz şeker koyun. Ardından kaba 1 su bardağı ılık süt dökün. Karıştırıp, bu şekilde 5 dakika bekletin. Daha sonra karışım üzerine 1 su bardağı sıvı yağ, 2 adet yumurta akı (sarıları çöreklerin üzeri için ayrılacak) ve 1 tatlı kaşığı tuz koyun. Ardından 4 buçuk su bardağı unu azar azar ekleyin. Ele yapışmayan yumuşak bir hamur elde edene kadar yoğurun. Ardından hamurun üzerini örtüp, 1 saat kadar mayalanmaya bırakın. Mayalan hamuru tekrardan yoğurun. 8 eşit parçaya bölüp,  bezeler yapın. Ardından 8 bezeyi tek tek hafifçe unlanmış tezgah üzerine koyun. Merdane yardımı ile pasta tabağı büyüklüğünde açın. Açılan bezelerin üzerine yumuşak tereyağından sürün. Tereyağı sürdükten sonra bezeleri üst üste yerleştirin. En üsteki hamurun üzerine tereyağı sürmeyin. Sadece hafifçe un serpiştirin. Elde edilen 8 katlı hamuru merdane yardımı ile yarım cm kalınlığında olacak şekilde açın. Daha sonra açtığınız hamuru rulo olacak şekilde sarın. Bıçak yardımı ile 1 parmak genişliğinde kesin. Kesilen hamurların spiral tarafları yukarı bakacak şekilde çevirin. Üzerlerine hafifçe bastırıp, genişletin. Yağlı kağıt serili fırın tepsisi içine dizin. Tepsi mayası içinde 10 dakika bekletin. Hazırladığınız katmerli çöreklerin üzerine yumurta sarısı sürün. Önceden ısıtılmış 180 derece fırına verin. Üzerleri kızarana kadar yaklaşık 20-25 dakika pişirin."
Lalanga,kahvaltı,yumurta süt tuz kaşar peynir un,"Orta boy derin bir kap içine 1 adet yumurta kırın. Üzerine 1 su bardağı süt dökün. Ardından 1 çay kaşığı tuz ekleyip, tel çırpıcı ile çırpın. Daha sonra karışıma 1 su bardağı un koyun. Çırpıcı yardımı ile pürüzsüz bir kıvam alana kadar iyice çırpın. Son olarak karışıma 1 çay bardağı rendelenmiş kaşar peynir ekleyin. Tüm malzemeleri son kez iyice karıştırın. Diğer tarafta orta genişlikte bir tava içine biraz sıvı yağ koyup, kızdırın. Hamurdan 1 er kaşık alıp, kızgın yağ içine atın. Hamuru arkalı önlü pişirin. Lalanga piştikten sonra kağıt havlu serili servis tabağı üzerine alıp, fazla yağını süzdürün."
Mamzana,atıştırmalık,patlıcan kırmızı kapya biber yeşil biber domates maydanoz zeytinyağı kırmızı pul biber tuz yoğurt sarımsak kırmızı toz biber,"Patlıcanları ve biberleri yıkayıp, kurulayın. Patlıcanların ve biberlerin birkaç yerine bıçak ile delikler açıp, fırın tepsisi içine koyun. Önceden ısıtılmış 200 derece fırına verip, yaklaşık 25 dakika közleyin. Biberler patlıcanlardan önce közlenecektir. Bu yüzden biberleri közlendiği an fırından alın. Patlıcan ve biberler közlendikten sonra soğumaya bırakın. Soğuduktan sonra kabuklarını soyup, bıçak yardımı ile küçük küçük kesin. Diğer tarafta 1 adet orta boy domatesin kabuğunu soyup, minik küpler halinde kesin. 1 adet yeşil biberin çekirdek kısmını temizleyip, küçük küçük doğrayın. 2-3 tutam maydanozu da ince ince doğrayın. Ardından bir kap içine közleyip doğradığınız patlıcan ve kırmızı kapya biberleri koyun. Üzerine doğranmış domates, yeşil biber ve maydanozu ekleyin. Hazırladığınız mamzana mezesinin üzerine damak tadınıza göre tuz, çok az zeytinyağı ve biraz kırmızı pul biber ekleyip, güzelce karıştırın. Son olarak küçük bir kaba 1 su bardağı yoğurt koyun. Yoğurdun üzerine çok az tuz ve 2 küçük diş rendelenmiş sarımsak ekleyip, pürüzsüz bir kıvam alana kadar çırpın. Hazırladığınız mamzana mezesini servis tabağına koyun. Üzerine sarımsaklı yoğurdu dökün. Yoğurdun üzerine de biraz zeytinyağı ile kızdırdığınız kırmızı toz biberi gezdirip, servis edebilirsiniz."
Mengen Çorbası ve Pilavı,ana yemek,kalın bulgur soğan tereyağı un domates salçası biber salçası su et suyu tuz kuru nane kırmızı pulbiber,"Bulguru ocak üzerine alıp, iyice yumuşayana kadar haşlayın. Tereyağını eritin. Eriyen yağın üzerine 1 adet küçük boy ince ince doğranmış soğan ekleyin. Soğanları 2-3 dakika kadar güzelce kavurun. Kavrulan soğanın üzerine 2 yemek kaşığı un koyun. Unun kokusu çıkana kadar sürekli karıştırarak, kavurun. Daha sonra tencereye 2 yemek kaşığı domates salçası ve yarım yemek kaşığı biber salçası ekleyin. Salçaların kokusu çıkana kadar kavurmaya devam edin. Salçaların kavrulmasına yakın tencereye damak tadınıza göre kuru nane ve kırmızı pul biber koyun. Salçayı baharatlar ile birlikte 1 dakika kadar daha kavurun. Son olarak tencereye haşlanmış bulguru koyun. Bulguru koyduktan sonra 3 su bardağı et suyu döküp, güzelce karıştırın. Damak tadınıza göre tuz ekleyip, kaynamaya bırakın. Kaynadıktan sonra ocağın altını kapatın."
Mısır Ekmeği,ana yemek,mısır unu un kabartma tozu toz şeker tuz ılık su ılık süt sıvı yağ,"Mısır ununu geniş ve derin bir kaba koyun. Mısır ununun orta kısmını havuz şeklinde açın. Orta kısmına un, toz şeker ve tuz ekleyin. Ardından orta kısma sıvı yağ dökün. Ilık süt ekleyin. Kabartma tozu da koyup, tüm harcı eliniz ile güzelce karıştırın. Son olarak mısır unlu harcın üzerine ılık suyu azar azar döküp, eliniz ile yoğurun. Hamurun üzerini örtüp, 15-20 dakika kadar dinlenmeye bırakın. Küçük kare borcamın tabanını ve kenar kısımlarını sıvı yağ ile iyice yağlayın. Mısır ekmeği hamurunu spatula yardımı ile kabın içine döküp, eşit bir şekilde yayın. Mısır ekmeğine son şeklini vermek için, elinizi hafifçe ıslatıp, hamurun üzerini düzeltin. Son olarak sütlü mısır ekmeği hamurunu bıçak yardımı ile istediğiniz büyüklükte dilimleyin. Fırını alt üst ayarda, fansız olarak 200 derecede ısıtın. Fırın ısındıktan sonra mısır ekmeğini fırına verip, üzeri güzelce kızarana kadar yaklaşık 40-45 dakika pişirin."
Şaraşura,ana yemek,taze fasulye soğan patlıcan kabak patates sivri biber domates domates salçası zeytinyağı sıcak su tuz,"Taze fasulyeyi temizleyip, 3-4 parçaya bölün. Kabak, patlıcan ve patatesi küpler halinde kesin. Sivri biberin çekirdek kısmını temizleyip, orta kalınlıkta doğrayın. Domates ve soğanın kabuğunu soyup, ince ince doğrayın. Geniş bir tencere içine zeytinyağı dökün. Yağın üzerine doğranmış soğanı ekleyip, 2 dakika kavurun. Kavrulan soğanın üzerine domates salçası koyup, 1 dakika sürekli karıştırarak kavurun. Tencereye doğranmış kabak, patates, biber ve patlıcanı koyup, karıştırın. Taze fasulyeleri de ekleyip, tüm sebzeleri güzelce karıştırın. Sebzelerin üzerine doğranmış domatesi güzelce yayın. Damak tadınıza göre tuz ve 2 su bardağı kadar sıcak su ekleyin. Tencerenin kapağını kapatıp, kaynamaya bırakın. Kaynadıktan sonra kısık ateş üzerinde taze fasulyeler yumuşayana kadar 40 dakika pişirin."
Tavuklu Lebeniye Çorbası,çorba,kalçalı tavuk budu soğan haşlanmış nohut pirinç zeytinyağı su tuz terbiye yoğurt yumurta sarısı un tereyağı zeytinyağı kuru nane,Tavuk budu ve soğanı kavurun. Tavuk budunu suyunun içinden alın ve kenarda ılımaya bırakın. Pirinçleri kaynar suya ekleyin ve yumuşayana kadar pişirin. Tavuk etini küçük parçalara ayırın ve çorbadaki malzemeleri karıştırın. Terbiyeyi hazırlayın ve çorbanın içine dökün. Yoğurtlu terbiyeyi azar azar çorbanın içine dökün ve karıştırın. Naneli yağ karışımını çorbanın üzerine dökün ve servis edin.
Van Cacığı,ana yemek,salatalık süzme yoğurt dereotu maydanoz taze soğan sivri biber tuz tere yağı,"Salatalıkların kabuğunu soyup, uzunlamasına ortadan ikiye kesin. Salatalıkları olabildiğince minik küpler şeklinde doğrayın. Dereotu, maydanoz, taze soğan ve sivri biberi ince ince doğrayın. Salatalıkları, yeşillikleri, süzme yoğurt ve tuz ile karıştırın. Cacığı yayvan bir tabak içine koyup, tereyağını küçük küçük parçalayarak yerleştirin."
Yufkadan Fındık Lahmacun,ana yemek,yufka kıyma soğan domates sivri biber sarıkmsak domates salçası biber salçası tuz karabiber kırmızı pul biber su,"Lahmacunun iç harcı için; geniş bir kaba 200 gr kıymayı koyun. Üzerine 2 adet orta boy soğanı ve 2 diş sarımsağı rendeleyin. Doğranmış domates ve biberleri ekleyin. 1 yemek kaşığı domates salçası, yarım yemek kaşığı biber salçası, tuz, karabiber, kırmızı pul biber ve yarım çay bardağı kadar su koyun. Tüm malzemeleri iyice karştırın. Karışım rahatça sürülebilecek kıvamda olmalı. Daha sonra yufkanın sosu için; küçük bir kaba yarım çay bardağı su ve yarım çay bardağı sıvıyağ ekleyip, karıştırın. Tezgah üzerine yufkanın birini serin. Yufkanın her yerine hazırladığınız yağlı su karışımından sürün. Diğer yufkayı da birinci yufkanın üzerine serin. İkinci yufkanın üzerine birşey sürmüyoruz. Yufkanın üzerine yuvarlak bir kalıp koyun. Kuvvetlice bastırıp, döndürerek, yuvarlak parçalar çıkartın. Yufkalı parçaları yağlı kağıt serili fırın tepsisi içine dizin. Üzerlerine eliniz ile hazırladığınız kıymalı harçtan sürün. Önceden ısıtılmış 180 derece fırına verin. Yaklaşık 15 dakika pişirin."
Arnavut Paçası,ana yemek,yumurta yoğurt un sirke sarımsak su tuz tereayağı kırmızı toz biber sucuk,Tüm malzemeleri bir kap içine koyun. Malzemeleri pürüzsüz bir kıvam alana kadar çırpın. Karışımı bir tava içine dökün. Orta ateş üzerinde pişirin. Koyulaşana kadar karıştırın. Sucukları doğrayıp yağ ile birlikte kızartın. Arnavut paçasının üzerine sucukları dökün.
Badem Tatlısı,tatlı,tereyağı yumurta sıvı yağ toz şeker irmik hindistan cevizi vanilya kabartma tozu un su toz şeker limon suyu fındık kırığı,"125 gr oda sıcaklığındaki tereyağını derin bir kap içine koyun. Üzerine yarım çay bardağı sıvı yağ ve 4 yemek kaşığı toz şeker ekleyip, tel çırpıcı yardımı ile iyice çırpın. Daha sonra karışım üzerine 1 adet yumurta kırın. 5 yemek kaşığı irmik, yarım çay bardağı hindistan cevizi, 1 paket kabartma tozu ve 1 paket vanilya koyun. Son olarak 2 buçuk su bardağı unu azar azar ekleyin. Ele yapışmayan yumuşak bir hamur elde edene kadar yoğurun. Hazırladığınız karışımdan ceviz büyüklüğüne yakın parçalar alın. Elinize alıp, badem şeklini verin. Yağlanmış fırın tepsisi içine dizin. Bıçak yardımı ile orta kısımlarına kesikler atıp, hafifçe açın. Önceden ısıtılmış 180 derece fırına verin. Üzerleri iyice kızarana kadar yaklaşık 30 dakika pişirin. Badem tatlısı piştikten sonra fırından çıkartıp, 1-2 dakika kadar ilk sıcaklığının gitmesini sağlayın. Ardından üzerine soğuk şerbeti dökün. Şerbeti hafifçe çekene kadar bekletin. Kıvamını kendi damak tadınıza göre ayarlayabilirsiniz. Tatlı sıcak şerbet soğuk olacak. Hazırladığınız badem tatlısının üzerinde açılan boşlukları fındık kırığı ya da yeşil toz fıstık ile süsleyerek, servis edebilirsiniz."
Bezirgan Salatası,salata,soğan domates salçası ceviz maydanoz taze nane kimyon sumak kırmızı toz biber tuz,"1 adet orta boy soğanı çok kalın olmayacak şekilde ay şeklinde doğrayıp, bir kaba koyun. Soğanın üzerine biraz tuz serpiştirip, kısa bir süre eliniz ile ovuşturarak, yumuşamalarını sağlayın. Daha sonra soğanların üzerine 1 tatlı kaşığı domates salçası koyun. Eliniz ile salçayı soğanlara güzelce yedirin. Ardından kaba yarım demet ince ince doğranmış maydanoz, 1-2 tutam ince ince doğranmış taze nane, yarım su bardağı orta dövülmüş ceviz, yarım çay kaşığı kimyon, 1 tatlı kaşığı sumak, 1 çay kaşığı kırmızı toz biber ve az miktar tuz koyun. Taze nane yerine kuru nane de kullanabilirsiniz. Tüm salata malzemelerini eliniz ya da kaşık yardımı ile güzelce karıştırın."
Çerkez Tavuğu,ana yemek,tavuk göğsü ceviz içi bayat ekmek içi sarımsak tavuk suyu tuz kimyon tere yağı zeytinyağı kırmızı pulbiber,"Orta boy derin bir tencere içine yaklaşık 500 gr kadar tavuk göğsünü koyun. Üzerine 2 parmak geçecek kadar su koyun. Tavuk etlerini yumuşayana kadar haşlayın. Haşlanan tavuk etlerini tencereden alıp, ılımaya bırakın. Daha sonra göz kararı kadar cevizi mutfak robotunun içine koyun. Cevizleri mutfak robotundan iyice geçirin. Ardından ılıyan tavuk etlerini eliniz ile küçük küçük parçalayıp, mutfak robotunun içine koyun. Tavuk etlerini de mutfak robotundan iyice geçirin. Diğer tarafta başka bir kap içine 1 buçuk su bardağı tavuğun haşlama suyundan koyun. Haşlama suyu soğuk olacak. İçine 3 dilim bayat ekmek içi koyun. Ardından 1 buçuk su bardağı rondodan çekilmiş ceviz içi ekleyin. Daha sonra 2 diş dövülmüş sarımsak, tuz ve kimyon ekleyin. Karışımı iyice karıştırın. Bu karışımın üzerine mutfak robotundan geçirdiğiniz tavuk etlerini koyun. Çerkez tavuğunu iyice karıştırın. Hazırladığınız çerkez tavuğunu servis tabağına koyun. Üzeri için; küçük bir sos tavası içine 1 yemek kaşığı tereyağı, 1 yemek kaşığı zeytinyağı ve 1 tatlı kaşığı kırmızı pul biber koyup, kızdırın. Çerkez tavuğunun üzerine kızdırdığınız yağı gezdirip, servis edebilirsiniz."
Nevzine Tatlısı,tatlı,tereyağı sıvı yağ süt tahin sirke kabartma tozu un ceviz şerbet su toz şeker limon suyu dut ya da üzüm pekmezi yeşil toz fıstık tahin,"Şerbet hazır olduğunda, şerbeti ocaktan alıp, üzerine yarım su bardağı üzüm ya da dut pekmezi ekleyin. Şerbet ile pekmezi kaşık yardımı ile güzelce karıştırın. Ardından oda ısısında soğumaya bırakın. Nevzine tatlısının hamuru için; derin bir kap içine 125 gr oda sıcaklığındaki tereyağı koyun. Üzerine 1 çay bardağı sıvı yağ, 1 çay bardağı süt, 1 çay bardağı tahin ve 2 yemek kaşığı sirke ekleyin. Tüm malzemeleri tel çırpıcı yardımı ile iyice karıştırın. Üzerine 1 paket kabartma tozu ve 4 su bardağına yakın unu azar azar ekleyin. Tüm harcı orta kıvamda yumuşak bir hamur elde edene kadar yoğurun. Son olarak hamurun üzerine 1 su bardağı dövülmüş ceviz ekleyin. Cevizin hamura iyice işlemesini sağlayacak şekilde hamuru tekrar yoğurun. Daha kıyır kıyır bir tatlı istiyorsanız hamurun un miktarını biraz daha arttırabilirsiniz. Hazırladığınız hamuru yağlanmış büyük kare borcam kalıbın tabanına eşit bir şekilde yayın. Üzerine çatal ile bastırarak, çizikler atın. Önceden ısıtılmış 190 derece fırına verin. Yaklaşık 25-30 dakika kadar pişirin. Nevzine tatlısı piştikten sonra fırından çıkartıp, 2 dakika ılımaya bırakın. Ardından istediğiniz büyüklükte dilimleyin. Üzerine hazırladığınız pekmezli soğuk şerbeti azar azar dökün. Nevzine tatlısının şerbeti diğer tatlılara göre biraz daha geç çeker. Tatlı şerbetini çektikten sonra servis tabağına alın. Nevzine tatlısının üzerini biraz tahin ve yeşil toz fıstık ile süsleyerek, servis edebilirsiniz."
Sıkıcık Çorbası,çorba,köftelik ince bulgur toz tarhana sıcak su un tuz kuru nane soğan tereyağı zeytinyağı domates salçası sıcak su yoğurt kırmızı toz biber,"Bulgurun üzerine 1 buçuk su bardağı sıcak su döküp, karıştırın. Bulgurun üzerini kapatıp, şişene kadar 7-8 dakika kadar bekletin. Ardından şişen bulguru bir kaşık yardımı ile güzelce karıştırın. Bulgurun üzerine yarım su bardağı tarhana, 1 çay kaşığı dolusu tuz, 1 tatlı kaşığı kuru nane ve 1 yemek kaşığı un ekleyin. Köfteyi yaklaşık 10-15 dakika kadar iyice yoğurun. İstenilen kıvama gelen köfte harcından küçük parçalar alın. Elinizde güzelce yuvarlayıp, bir tepsi içine koyun. Köfteyi yuvarlama esnasında elinizde hafifçe yapışmalar olacaktır. Diğer tarafta orta boy derin bir tencere içine 1 yemek kaşığı tereyağı ve 2-3 yemek kaşığı zeytinyağı koyup, ısıtın. Yağın üzerine 1 adet ince ince doğranmış soğan ekleyin. Soğanları sürekli karıştırarak, yumuşayana kadar kavurun. Kavrulan soğanın üzerine 1 yemek kaşığı domates salçası koyun. Salçanın kokusu çıkana kadar kavurmaya devam edin. Daha sonra tencereye 4 buçuk su bardağı sıcak su dökün. Damak tadınıza göre tuz ve 1 tatlı kaşığı kuru nane ekleyin. Çorbayı güzelce karıştırıp, kaynamaya bırakın. Ardından kaynayan çorba suyuna sıkıcık köftelerini ekleyin. Ezmeden hafifçe 3-4 kere karıştırın. Köfteleri orta kısık ateş üzerinde yaklaşık 10 dakika kadar pişirin. Fazla dağılmamalarına dikkat edin. Hazırladığınız sıkıcık çorbasını 5 dakika kadar dinlenmeye bırakın. Ardından servis tabağına koyup, üzerine çırpılmış yoğurdu güzelce dökün. Yoğurdun üzerine de zeytinyağında kızdırılmış kırmızı toz biberi döküp, servis edebilirsiniz."
Yalancı Cezerye,tatlı,havuç pötibör bisküvi tere yağı toz şeker su pekmez tarçın hindistan cevizi dövülmüş ceviz,"Havuçları soyup rendeleyin. Tereyağını eritip havuçları 3 dakika kavurun. Şeker ve su ekleyip havuçlar yumuşayana kadar pişirin. Soğuyunca bisküvi, hindistan cevizi, ceviz, tarçın ve pekmez ekleyip yoğurun. Küçük kare borcama yayın ve 25 dakika buzdolabında bekletin. Dilimleyip hindistan cevizine bulayın."
Ajvar Sos,salata,patlıcan kırmızı kapya biber domates soğan sarımsak zeytinyağı kırmızı pul biber kırmızı toz biber tuz,"Patlıcan ve biberleri yağlı kağıt serili fırın tepsisi içine dizin. Patlıcanların ve biberlerin patlamaması için üzerine bıçak ile birkaç yerinden delik açın. Patlıcan ve biberleri önceden ısıtılmış 200 derece fırına verip, arada ters çevirerek közleyin. Soğuduktan sonra kabuklarını soyun. Biberlerin çekirdek kısımlarını temizleyip, bıçak yardımı ile ince ince kıyın. Domatesleri mutfak robotundan iyice geçirin. Yağın üzerine 1 adet orta boy doğranmış soğanı ekleyin. Soğanı 2-3 dakika kadar kavurun. Kavrulan soğanın üzerine robottan geçirdiğiniz domatesleri ve 3 büyük diş küçük küçük doğranmış sarımsağı ekleyip, karıştırın. Domatesler suyunu çekene kadar ara ara karıştırarak, pişirin. Suyunu çeken domateslerin üzerine közlenmiş patlıcan ve biberleri koyun. Damak tadınıza göre tuz, kırmızı pul biber ve kırmızı toz biber ekleyin. Tüm sos malzemelerini 6-7 dakika kadar daha pişirin. Sosun kıvamı sulu olmayacaktır. Hazırladığınız ajvar sosu ocak üzerinden alıp, mutfak robotu içine koyun. Sosu mutfak robotundan iyice geçirip, parçalayın."
Anadolu Çorbası,çorba,yeşil mercimek kırmızı mercimek bulgur pirinç buğday sıcak su tuz yoğurt yumurta sarısı un kuru soğan tere yağı zeytinyağı kuru nane kimyon kırmızı pul biber karabiber,"Tencereye bakliyatları koyun, üzerine sıcak su dökün, kaynamaya bırakın. Kaynadıktan sonra tencerenin kapağını kapatıp, kısık ateş üzerinde bakliyatlar yumuşayana kadar yaklaşık 30 dakika kadar pişirin. Çorbanın terbiyesi için; yoğurt, yumurta sarısı ve unu karıştırın. Terbiyeyi çorbanın içine azar azar döküp, karıştırın. Çorbanın üzeri için; tereyağı ve zeytinyağını ısıtın, üzerine doğranmış kuru soğan koyun, kavurun. Kavrulan soğanın üzerine baharatları ekleyin, kızdırın. Baharatlı soğanlı sosu çorbanın üzerine dökün, karıştırın."
Belen Tava,ana yemek,koyun ya da dana eti yeşil biber kırmızı kapya biber domates soğan sarımsak dolusudomates salçası zeytinyağı ılık su tereyağı tuz kekik karabiber,"Kuşbaşından küçük olacak şekilde dana etini doğrayın. Yeşil biber ve kırmızı kapya biberin çekirdek kısmını temizleyip, çok küçük olmayacak şekilde doğrayın. Soğanı ve sarımsağı küçük küçük doğrayın. Domatesin kabuğunu soyup, küçük küpler halinde doğrayın. Doğradığınız etleri yuvarlak borcam fırın kabının içine koyun. Etlerin üzerine domates salçası, doğradığınız sarımsakları, zeytinyağı, tuz, karabiber ve kekik ekleyin. Etleri eliniz ile güzelce harmanlayın. Doğradığınız biber, soğan ve domatesleri ekleyin. Son olarak ılık su dökün. Tüm malzemeyi tekrar eliniz ile güzelce harmanlayın. Eliniz ile et ve sebzelerin üzerine hafifçe bastırıp, yayın. Üzerine tereyağını küçük parçalar halinde koyun. Kabın üzerini yağlı kağıt ile örtün. Önceden ısıtılmış 190-200 derece fırına verin. Yaklaşık 45-50 dakika kadar pişirin. Belen tava piştikten sonra üzerindeki yağlı kağıdı alıp, 1-2 kere karıştırın. Tekrar fırına verip, hafifçe üzeri kızarana kadar pişirmeye devam edin. Belen tava piştikten sonra servis tabağına alıp, sıcak olarak servis edebilirsiniz."
Bisküvili Parfe,tatlı,krem şanti tozu soğuk süt oreo ya da negro bisküvi damla çikolata fındık ya da ceviz vanilya,"Krem şanti tozunu derin bir kap içine koyun. Üzerine soğuk süt dökün. Koyu bir kıvam alana kadar mikser ile çırpın. 1 paket vanilya ekleyip, kısa bir süre daha çırpın. Bisküvileri eliniz ile küçük parçalara bölün. Krem şanti içine böldüğünüz bisküvileri, yarım su bardağı damla çikolata ve  yarım su bardağı dövülmüş fındıkları ekleyin. Tüm malzemeleri iyice karıştırın. Kalıbın içine buzdolabı poşetini ikiye bölüp, serin. Hazırladığınız bisküvili parfe karışımını kalıbın içine dökün. Üzerine spatula ya da kaşık yardımı ile hafifçe bastırarak, düzeltin. Parfenin üzerini streç film ya da buzdolabı poşeti ile örtüp, buzlukta 4-5 saat kadar bekletin. Servis yapmadan 10 dk önce buzluktan çıkartın."
Çeşmi Nigar Çorbası,çorba,kırmızı mercimek kuru soğan tere yağı sıvı yağ un su tuz yumurta sarısı süt limon suyu domates salçası nane kırmızı pul biber,"Kırmızı mercimeği yıkayıp, orta boy bir tencere içine alın. Üzerine 5 su bardağı sıcak su döküp, yumuşayana kadar haşlayın. Diğer tarafta başka derin bir tencere içine 1 yemek kaşığı tereyağı ve 2 yemek kaşığı sıvı yağ koyun. Üzerine 1 adet ince ince doğranmış soğan ekleyip, 2-3 dakika kadar kavurun. Ardından 1 yemek kaşığı un koyup, 1-2 dakika kadar daha kavurun. Daha sonra haşladığınız mercimeği suyu ile birlikte tencere içine koyun. Tuz ekleyip, karıştırın. 10 dakika kadar orta ateş üzerinde kaynatın. Eğer mercimeğin suyu yok ise mercimeklerin üzerini geçecek şekilde tekrar su koyabilirsiniz. Kaynama işlemi bittikten sonra mercimeği iyice blenderdan geçirin. Çorbanın kıvamı koyu ise biraz daha su ekleyip, kıvamı açabilirsiniz. Çorbanın terbiyesi için; bir kase içine 1 adet yumurta sarısı, ve yarım limon suyu koyun. Üzerine 1 su bardağı süt döküp, iyice çırpın. Hazırladığınız terbiyeyi azar azar çorbaya ekleyip, hızlı bir şekilde karıştırın. 1-2 taşım daha kaynatıp, ocağın altını kapatın. Sosu için; küçük bir tava içine 1 yemek kaşığı tereyağı, 2 yemek kaşığı sıvı yağ ve 1 tatlı kaşığı domates salçası koyup, biraz kavurun. Ardından 1 çay kaşığı nane ve 1 çay kaşığı kırmızı pul biber ekleyip, yakmadan çok az daha kavurun. Hazırladığınız çeşmi nigar çorbasının üzerine salçalı sosu döküp, servis edebilirsiniz."
Çökertme Kebabı,ana yemek,biftek patates yoğurt zeytinyağı tuz kekik kırmızı pul biber sıvıyağ soğan sarımsak sirke kimyon domates domates salçası,"Bifteği ince ince jülyen şeklinde doğrayın. Doğradığınız biftekleri derin bir kaba alın. Et marinesi için; etlerin üzerine 1 adet küçük boy soğan ve 2 diş sarımsağı ince ince doğrayın. 4 yemek kaşığı zeytinyağı, 2 yemek kaşığı sirke, kekik ve kimyon koyun. Eliniz ile karıştırın. Kabın üzerini kapatıp, etleri en az 1 saat kadar marine edin. Domates sosu için; bir tava içine 1 yemek kaşığı zeytinyağı koyun. Üzerine 1 yemek kaşığı domates salçası ekleyip, 2 dk kadar kavurun. Ardından 3 adet rendelenmiş domatesi ve az miktar tuz ekleyin. Hazırladığınız sosu 5 dk kadar pişirip, ocaktan alın. Çökertme kebabının etleri için, geniş bir tavayı ocak üzerine alıp, ısıtın. Üzerine etleri koyun. Etler suyunu salıp, çekene kadar pişirin. Son olarak tuz ve baharatları ekleyip, 1-2 dk pişirin. Diğer taraftan 3 adet patatesin kabuğunu soyup, yıkayın. Patatesleri kibrit çöpü kalınlığında doğrayın. Daha sonra patatesleri kızgın yağ içinde kızartın. Son olarak 5 yemek kaşığı yoğurdu bir kapta iyice çırpın. İsteğe göre içine rendelenmiş sarımsak ta ekleyebilirsiniz. Geniş bir servis tabağı üzerine önce kızarttığınız patatesleri alın. Ardından üzerine çırptığınız yoğurdu dökün. Son olarak domates sosu ve etleri ekleyin. Hazırladığınız çökertme kebabını bekletmeden sıcak olarak servis edebilirsiniz."
Dovga Çorbası,çorba,pirinç yoğurt su un yumurta sarısı ıspanak kişniş dereotu taze nane,"Pirinçleri küçük bir tencere içine koyun ve pirinçlerin üzerini geçecek kadar sıcak su dökün. Pirinçleri iyice yumuşayana kadar haşlayın. Otları bıçak yardımı ile ince ince doğrayın. Derin bir tencere içine 2 buçuk su bardağı yoğurt koyun. Yoğurdun üzerine 1 adet yumurta sarısı ve 1 yemek kaşığı un ekleyin. Bu karışımı pürüzsüz bir kıvam alana kadar tel çırpıcı yardımı ile iyice karıştırın. Yoğurtlu karışımın üzerine 4 su bardağı su dökün ve tekrardan çırpıcı yardımı ile iyice karıştırın. Hazırladığınız yoğurtlu karışımın içine haşladığınız pirinçleri ekleyip, güzelce karıştırın. Tencereyi ocak üzerine alın ve sürekli karıştırarak, kaynamaya bırakın. Çorbanız kaynadıktan sonra içine doğradığınız ıspanak, taze kişniş, taze nane ve dereotlarını ekleyip, güzelce karıştırın. Hazırladığınız dovga çorbasını yaklaşık 10 dakika kadar orta kısık ateş üzerinde sürekli karıştırarak, pişirmeye devam edin. Son olarak damak tadınıza göre tuz koyup, tekrar karıştırın."
Ekşili Sulu Köfte,ana yemek,patates havuç tere yağı zeytinyağı sıcak su maydanoz tuz kıyma soğan pirinç ince bulgur karabiber kırmızı pul biber kimyon un yumurta sarısı limon suyu,Köfteleri hazırlayın Kıymayı yoğurun Köfteleri una bulan Sebzeleri doğrayın Tencereye yağ koyun Sebzeleri kavurun Sıcak su ekleyin Köfteleri ekleyin Terbiye hazırlayın Terbiyeyi ekleyin Tuz ekleyin Servis edin
Erişteli Barbunya Çorbası,çorba,erişte barbunya domates salçası biber salçası soğan tereyağı sıvı yağ sıcak su tuz maydanoz,"Orta boy derin bir tencere içine 2 yemek kaşığı tereyağı ve 2 yemek kaşığı sıvı yağ döküp, ısıtın. Isınan yağın üzerine 1 adet orta boy ince ince doğranmış soğan ekleyin. Soğanı güzelce yumuşayana kadar sürekli karıştırarak, kavurun. Daha sonra kavrulan soğanın üzerine 1 yemek kaşığı domates salçası ve 1 yemek kaşığı biber salçası koyun. Salçaların kokusu çıkana kadar sürekli karıştırarak, kavurun. Kavrulan salçaların üzerine 2 su bardağı haşlanmış barbunya ekleyin. Barbunyaları da 1 dakika kadar kavurmaya devam edin. Ardından tencereye 4 su bardağı su döküp, güzelce karıştırın. Daha sonra kaynayan çorba suyunun içine 1 su bardağı erişte ve damak tadınıza göre tuz ekleyip, karıştırın. Erişteli barbunya çorbasının kıvamı çok sulu olmayacaktır. Ama siz damak tadınıza göre çorba suyunu biraz daha arttırabilirsiniz. Hazırladığınız barbunyalı erişte çorbasının üzerini 1 tutam ince ince doğranmış maydanoz ile süsleyerek, servis edebilirsiniz."
Erzurum Helvası,tatlı,tere yağı sıvı yağ un un toz şeker su,"Geniş orta boy bir tencere içine 100 gr tereyağı ve 1 çay bardağından 2 parmak az sıvı yağ koyun. Yağı ısıtıp, tereyağın erimesini sağlayın. Eriyen yağın üzerine 1 buçuk su bardağı un ve tekrardan 2 yemek kaşığı dolusu un ekleyin. Unu yağa iyice yedirin. Unun kokusu çıkıp, helvanın rengi hafifçe kahve rengi olana kadar sürekli karıştırarak, kavurun. Kavrulan helvayı ocak üzerinden alıp, çukur bir kap içerisine koyun. Helvayı ara ara karıştırıp, çok fazla soğutmadan sadece ılımaya bırakın. Helva ılıdıktan sonra küçük bir kase içine 1 çay bardağı toz şeker koyun. Şekerin üzerine 4-5 çorba kaşığı kadar su dökün. Kaşık yardımı ile şekeri eritmeden sadece 2-3 kere karıştırın. Şekerli suyu helvanın üzerine dökün. Helvanın başta sıvı bir kıvamı olacaktır. Koyu bir kıvam alana kadar kaşık yardımı ile Erzurum un helvasını sürekli karıştırmaya devam edin."
Fırında Porsiyon Musakka,ana yemek,patlıcan kıyma soğan sivri biber kırmızı kapya biber domates domates salçası zeytinyağı ılık su tuz karabiber,"Orta boy geniş bir tencere içine 3 yemek kaşığı zeytinyağı dökün. Üzerine 200 gr kadar kıyma koyun. Kıymayı sürekli karıştırıp, rengi değişene kadar kavurun. Kavrulan kıymanın üzerine 1 adet orta boy ince ince doğranmış soğan ekleyin. Ardından 1 adet küçük küpler halinde doğranmış yeşil biber ve 1 adet doğranmış büyük boy kırmızı kapya biberi koyun. Soğan ve biberleri kıyma ile birlikte 6 dakika kadar ara ara karıştırarak, kavurun. Daha sonra kıymalı harcın üzerine 1 yemek kaşığı domates salçası ekleyin. Salçayı 1 dakika kadar sürekli karıştırarak, kavurun. Son olarak 1 adet orta boy minik küpler halinde doğranmış domates, yarım çay bardağı ılık su, damak tadınıza göre tuz ve karabiber koyup, karıştırın. Tencerenin kapağını kapatıp, domatesler hafifçe yumuşayana kadar pişirin. Diğer tarafta 3 adet orta boy patlıcanı alacalı soyup, yıkayın. Patlıcanları çok küçük olmayacak şekilde doğrayın. Doğradığınız patlıcanları kızgın yağ içerisinde kızartın. Kızarttığınız patlıcanları küçük güveç kaplarına paylaştırın. Patlıcanların üzerine de hazırladığınız kıymalı harcı paylaştırıp, güzelce yayın. Patlıcan musakkanın üzerini domates ve biber dilimi ile süsleyin. Önceden ısıtılmış 190 derece fırına verip, yaklaşık 15 dakika kadar pişirin."
Gülüklü Çorbası,çorba,tavuk göğsü haşlanmış nohut pirinç domates biber salçası zeytinyağı kuru nane kırmızı pul biber tavuk suyu sıcak su tuz kıyma karabiber,"Tavuk göğsünü haşlayın. Köfte harcını yoğurun ve köfteleri şekillendirin. Köfteleri kızartın. Tencereye zeytinyağı, biber salçası, domates, nane ve pul biber ekleyip kavurun. Tavuk suyu ve sıcak su ekleyip kaynatın. Pirinç, tavuk eti ve nohut ekleyip pişirin. Köfteleri ekleyip 1-2 taşım kaynatın."
Hamursuz Arabaşı Çorbası,çorba,tavuk baget sıcak su zeytinyağı tereayağı un domates salçası biber salçası kırmızı pul biber karabiber nane tuz,"4 adet tavuk bageti derin bir tencere içine koyun. Üzerine yaklaşık 1 buçuk litre sıcak su döküp, haşlayın. Haşlanan butları suyundan süzerek alın. Kemiklerinden ayırıp, küçük küçük parçalara ayırın. Diğer tarafta başka derin bir tencere içine 3 yemek kaşığı zeytinyağı koyun. Üzerine 1 yemek kaşığı tereyağı ekleyip, eritin. Eriyen yağın üzerine 2 yemek kaşığı dolusu un koyup, kokusu çıkana kadar 3 dakika kavurun. Kavrulan unun üzerine 1 buçuk yemek kaşığı domates salçası ve 1 tatlı kaşığı biber salçası ekleyin. 1 dakika daha kavurun. Tencereyi ocak üzerinden alın. İçine 5 su bardağı tavuk suyunu azar azar döküp, topaklanma olmaması için tel çırpıcı yardımı ile hızlı bir şekilde karıştırın. Ardından tencereyi ocak üzerine koyup, kaynamaya bırakın. Çorbanın kıvamı koyu ise azar azar sıcak su ekleyebilirsiniz. Kaynayan çorba suyunun içine 1 çay kaşığı kırmızı pul biber, 1 çay kaşığı karabiber, 1 çay kaşığı nane, tuz ve küçük parçalara ayırdığınız tavuk etlerini ekleyin. Kepçe yardımı ile karıştırın. Hazırladığınız hamursuz arabaşı çorbasını tekrar kaynamaya bırakın. Kaynadıktan sonra altını kısıp, yaklaşık 5 dakika kadar daha kaynatın. Daha sonra sıcak olarak servis edebilirsiniz."
Haşu Pilavı,ana yemek,pilavlık pirinç kuşbaşı kuzu eti çiğ badem maydanoz yenibahar karabiber tereyağı zeytinyağı sıcak su tuz,"Pirinçleri sıcak su içinde 20-25 dakika bekletin. Çiğ bademi kaynar su içinde 10-15 dakika bekletin. Kuşbaşı kuzu etini iyice ısıttığınız küçük bir tencere içine koyun ve etler suyunu salana kadar sürekli karıştırarak kavurun. Etler suyunu saldıktan sonra tencerenin kapağını kapatın ve etler suyunu çekip yumuşayana kadar pişirin. Tencereye 1-2 yemek kaşığı zeytinyağı ve damak tadınıza göre tuz ekleyin ve 2 dakika daha kavurun. Orta boy geniş bir tencereye yarım yemek kaşığı tereyağı ve 3 yemek kaşığı zeytinyağı koyup ısıtın. Isınan yağın üzerine suyunu iyice süzdüğünüz pirinci ekleyin ve pirinçler saydamlaşana kadar yaklaşık 2-3 dakika sürekli karıştırarak kavurun. Kavrulan pirinçlerin üzerine 1 çay kaşığı yenibahar, 1 çay kaşığı karabiber ve damak tadınıza göre tuz koyup 2-3 kere karıştırın. Pirincin üzerine yaklaşık 3 su bardağı kadar sıcak su döküp karıştırın ve tencerenin kapağını kapatıp kaynamaya bırakın. Kaynadıktan sonra kısık ateş üzerinde pilav suyunu çekene kadar pişirin. Pilav piştikten sonra 10-15 dakika kadar demlenmeye bırakın. Suda beklettiğiniz bademlerin kabuklarını soyun ve küçük bir tava içine 2 yemek kaşığı sıvı yağ koyun. Üzerine kabuklarını soyduğunuz bademleri ekleyin ve hafifçe kahverengi olana kadar sürekli karıştırarak kavurun. Demlenen pilavı 2-3 kere karıştırın ve üzerine pişen kuzu etlerini, kavrulmuş bademleri ve yarım demet ince ince doğranmış maydanozu ekleyin. Tüm pilav harcını kepçe yardımı ile güzelce karıştırın ve hazırladığınız Mardin usulü iç pilavı sıcak olarak servis edebilirsiniz."
Hatay Usulü Acuka,ana yemek,biber salçası zeytinyağı kırık ceviz sarımsak yoğurt çörek otu kavrulmuş susam kırmızı pul biber kimyon karabiber tuz,"Orta boy bir kap içine 4 yemek kaşığı biber salçası koyun. Biber salçasının üzerine 1 yemek kaşığı yoğurt, 3 diş dövülmüş sarımsak, 1 tatlı kaşığı kırmızı pul biber, 1 tatlı kaşığı kimyon, yarım çay kaşığı karabiber ve yarım çay kaşığı tuz ekleyin. Tuz miktarını salçanızın tuz oranına göre ayarlayabilirsiniz. Ardından malzemelerin üzerine yarım su bardağı zeytinyağı dökün. Daha sonra kapta bulunan malzemelerin iyice karışmasını sağlayın. Son olarak karışımın üzerine yarım su bardağı kırık ceviz, 1 yemek kaşığı çörek otu ve 1 yemek kaşığı kavrulmuş susam koyun. Tüm malzemeleri kaşık yardımı ile güzelce karıştırın."
İmaret Çorbası,çorba,süt su pirinç soğan zeytinyağı tuz terbiye üzeri,"Orta boy derin bir tencere içine 4 su bardağı süt ve 2 buçuk su bardağı su dökün. Tencereyi ocak üzerine alın. Ara ara karıştırarak kaynamaya bırakın. Kaynayan sütlü karışımın içine yarım çay bardağı yıkanmış pirinci ekleyin. Pirinçler güzelce yumuşayana kadar ara ara karıştırarak, pişirin. 1 adet orta boy soğanı ince ince doğrayın. Küçük bir tava içine 2-3 yemek kaşığı zeytinyağı döküp, ısıtın. Isınan yağın üzerine doğranmış soğanı koyun. Soğanlar iyice yumuşayana kadar sürekli karıştırarak kavurun. Daha sonra kavurduğunuz soğanı çorbanın içine koyup, karıştırın. Çorbayı orta kısık ateş üzerinde ara ara karıştırarak, pişirmeye devam edin. Çorbanın terbiyesi için; derin bir kase içine 1 adet yumurta kırın. Yumurtanın üzerine 1 yemek kaşığı un ve yarım çay bardağı su ekleyin. Malzemeleri çırpıcı yardımı ile iyice çırpın. Ardından çorbanın suyundan 1-2 kepçe alın. Terbiyenin içine azar azar döküp, bir yandan da kesilmemesi için hızlı bir şekilde karıştırarak, ılımasını sağlayın. Hazırladığınız terbiyeyi çorbanın içine azar azar döküp, bir yandan da hızlı bir şekilde karıştırın. Çorbayı kaynayana kadar sürekli karıştırarak, pişirin. Ardından damak tadınıza göre tuz ekleyin. Çorbanın kıvamı koyu ise azar azar sıcak su ekleyip, kıvamı ayarlayabilirsiniz. Çorbanın üzeri için; küçük bir sos tavası içine 1 yemek kaşığı tereyağı koyup, eritin. Eriyen yağın üzerine 1 tatlı kaşığı kuru nane ve 1 çay kaşığı kırmızı pul biber ekleyin. Sosu karıştırıp, hafifçe kızdırın. İmaret çorbası piştikten sonra 5 dakika dinlenmeye bırakın. Daha sonra üzerine hazırladığınız yağlı sosu döküp, sıcak olarak servis edebilirsiniz."
Kabak Sıyırma,ana yemek,kabak kuru soğan sarımsak pirinç zeytinyağı limon suyu sıcak su tuz dereotu,"Kabağı yıkayıp, kurulayın. Kabağın baş kısımlarını kesip, sebze soyucu ile çekirdekli kısmına gelene kadar ince ince yukarıdan aşağı aynı uzunlukta sıyırarak soyun. Geniş bir tencere içine zeytinyağı dökün. Üzerine ince ince doğranmış soğan ve sarımsak ekleyin. Soğan ve sarımsağı 3 dakika kadar sürekli karıştırarak, kavurun. Ardından kavrulan soğan ve sarımsağın üzerine pirinci koyun. Pirinci de 2 dakika karıştırarak, kavurun. Pirinçlerin üzerine sıcak su döküp, tencerenin kapağını kapatın. Piriçler çok hafif yumuşayana kadar pişirin. Pirinç hafifçe piştikten sonra 2-3 kere karıştırın. Ardından tencereye kabakları ekleyin. Damak tadınıza göre tuz ve limon suyu koyun. Son olarak yarım çay bardağı kadar sıcak su döküp, hafifçe karıştırın. Tencerenin kapağını kapatın. Kabaklar hafifçe yumuşayana kadar pişirin. Kabak sıyırma piştikten sonra ocaktan alıp, soğumaya bırakın. Daha sonra üzerine ince ince doğranmış dereotu serpiştirip, yanında yoğurt ile servis edebilirsiniz."
Kesme Nevzine Tatlısı,tatlı,tere yağı süt sıvı yağ tahin sirke kabartma tozu çekilmiş ceviz un toz şeker su pekmez limon suyu yeşil toz fıstık,"Şerbeti hazırlayıp, oda ısısında soğumaya bırakın. Hamuru hazırlayın. Hamuru 6 eşit parçaya bölün. Her bir parçayı ileri geri yuvarlayarak, çok kalın olmayacak şekilde uzun rulolar yapın. Hamuru yağlı kağıt serili fırın tepsisine aralarında biraz boşluk bırakarak, yerleştirin. Önceden ısıtılmış 190 derece fırına verin. Tatlıyı fırından çıkartın. Şerbeti dökün."
Köme Çorbası,çorba,yoğurt patlıcan patates domates yeşil biber nohut yeşil mercimek buğday yumurta un zeytinyağı su tereyağı kuru nane,"Yarım adet patlıcanın kabuğunu alacalı soyup, minik küpler şeklinde doğrayın. Doğradığınız patlıcanları tuzlu su içinde 15 dakika kadar bekletin. 1 adet küçük boy patates ve 1 adet küçük boy domatesin de kabuğunu soyun. 1 adet yeşil biberin çekirdek kısımlarını temizleyin. Patates, domates ve biberi de minik küpler şeklinde doğrayın. Diğer tarafta derin bir kase içine 1 su bardağı yoğurt koyun. Yoğurdun katı kısmını kullanın. Yoğurdun üzerine 1 adet yumurta kırın. 2 yemek kaşığı zeytinyağı ve 2 yemek kaşığı un ekleyin. Tel çırpıcı yardımı ile pürüzsüz bir kıvam alana kadar iyice çırpın. Ardından yoğurtlu karışımın üzerine 1 litre su döküp, tekrar iyice karıştırın. Hazırladığınız yoğurtlu karışımı derin bir tencere içine dökün. Üzerine yarım su bardağı haşlanmış nohut, yarım su bardağı haşlanmış buğday ve yarım su bardağı haşlanmış yeşil mercimeği ekleyin. Ardından minik küpler şeklinde doğradığınız sebzeleri de tencereye koyun. Güzelce karıştırıp, ocak üzerine alın. Sürekli karıştırarak, kaynamaya bırakın. Çorbanız kaynadıktan sonra kısık ateş üzerinde sebzeler yumuşayana kadar ara ara karıştırarak, pişirin. Köme çorbasının üzeri için; küçük bir tava içine 1 yemek kaşığı tereyağı koyup, eritin. Eriyen yağın üzerine 1 çay kaşığı dolusu kuru nane ekleyip, hafifçe kızdırın. Köme çorbası piştikten sonra üzerine kızdırdığınız yağlı sosu döküp, servis edebilirsiniz."
Kupta Güllaç,tatlı,güllaç süt toz şeker gül suyu vanilya vişne dövülmüş fındık fıstık,"Güllacın şerbeti için; derin bir tencere içine 1 litre süt koyun. Üzerine 1 su bardağı toz şeker ekleyip, ocak üzerine alın. Orta ateş üzerinde karıştırıp, süt hafif eli yakacak kadar ısıtın. Daha sonra şerbetin içine 1 tatlı kaşığı vanilya ya da 1 yemek kaşığı gül suyu koyup, karıştırın. Her kup için 1 yaprak güllacı küçük parçalara ayırın. Kuplara biraz güllaç yapraklarından koyun. Üzerine biraz süt ekleyip, güllaç yapraklarının yumuşamasını sağlayın. Yumuşayan güllaçların üzerine tekrar güllaç yapraklarından ekleyip, üzerine süt dökün. Hazırladığınız kupta güllacın üzerini streç film ile kapatıp, en az 3-4 saat kadar buzdolabında dinlenmeye bırakın. Hazırladığınız bardakta güllaç tatlısını üzerini bolca fındık ya da fıstık ile süsleyerek, servis edebilirsiniz."
Limonlu Yoğurt Tatlısı,tatlı,yumurta yoğurt toz şeker un sıvı yağ kabartma tozu vanilya limon kabuğu şerbet,"Derin bir kaba 3 adet yumurta kırın. Üzerine 1 su bardağı toz şeker ekleyin. Krema kıvamına gelene kadar mikser ile 3-4 dakika çırpın. Ardından 1 su bardağı yoğurt ve 1 çay bardağı sıvı yağ ekleyip, tekrar çırpın. Daha sonra karışıma 1 paket kabartma tozu, 1 paket vanilya, ve 2 su bardağı unu eleyerek, ekleyin. Yarım limon kabuğu rendesi de koyup, mikser ile karıştırın. Kek hamurunun kıvamı çok sıvı ise azar azar un ekleyebilirsiniz. Daha sonra karışımı yağlanmış büyük boy kare borcam içine dökün. Önceden ısıtılmış 170 derece fırına verin. Üzeri kızarana kadar yaklaşık 30-35 dakika pişirin. Limonlu yoğurt tatlısı piştikten sonra fırından çıkartın. Bıçak yardımı ile istediğiniz boyutlarda dilimleyin. Ardından ılık şerbeti kepçe ile tatlının üzerine dökün (Tatlı sıcak şerbet ılık olacak). Hazırladığınız yoğurt tatlısını en az 2-3 saat kadar dinlenmeye bırakın. Dinlenen limonlu yoğurt tatlısını krem şanti ile süsleyerek, servis edebilirsiniz."
Mişoriz,ana yemek,pilavlık pirinç tere yağı zeytinyağı soğan domates salçası kırmızı toz biber karabiber kuru nane tavuk suyu tuz tavuk baget tere yağı,"orta boy geniş bir tencere içine 1 tatlı kaşığı tereyağı ve 1 yemek kaşığı zeytinyağı koyup, iyice ısıtın. Isınan yağın üzerine tavuk bagetleri yerleştirin. Tavuk bagetlerin her iki tarafını hafifçe kızartın. Daha sonra bagetlerin üzerini hafifçe geçecek kadar sıcak su ve biraz tuz ekleyip, yumuşayana kadar haşlayın. Diğer tarafta 1 buçuk su bardağı pilavlık pirinci 15-20 dakika kadar ılık su içinde bekletip, suyunu süzün. Orta boy bir tencere içine 1 yemek kaşığı tereyağı ve 2 yemek kaşığı zeytinyağı koyup, ısıtın. Yağın üzerine 1 adet orta boy ince ince doğranmış soğan koyun. Soğanı yumuşayana kadar sürekli karıştırarak, kavurun. Daha sonra kavrulan soğanın üzerine 1 tatlı kaşığı domates salçası, 1 çay kaşığı kırmızı toz biber, 1 çay kaşığı dolusu kuru nane ve 1 çay kaşığı kadar karabiber ekleyin. Salçayı baharatlar ile birlikte 1 dakika kadar kavurmaya devam edin. Daha sonra tencereye önceden suda bekletip, suyunu süzdüğünüz pirinçleri ekleyin. Pirinçler saydamlaşana kadar yaklaşık 3 dakika kadar daha kavurmaya devam edin. Ardından damak tadınıza göre tuz ekleyip, karıştırın ve pirinci ocak üzerinden alın. Daha sonra kavurduğunuz pirinci 25-26 cm lik bir fırın kabının tabanına eşit bir şekilde yayın. Pirincin üzerine pişen tavuk bagetleri güzelce sıralayın. İsteğe göre tavuk bagetlerin deri kısımlarını çıkartabilirsiniz. Ardından pirincin üzerini geçecek kadar yaklaşık 2 su bardağından 1-2 parmak fazla tavuk suyundan dökün. Son olarak tavuk bagetlerin üzerine de pirincin suyunu fırça yardımı ile sürün. İsteğe göre boş olan kısımlara biber dilimleri yerleştirebilirsiniz. Hazırladığınız Mişoriz yemeğinin üzerini musluk altında ıslattığınız yağlı kağıt ile kapatın. Önceden ısıtılmış 200 derece fırına verin. Pirinçler tamamen suyunu çekene kadar pişirin. Daha sonra yemeğin üzerinden yağlı kağıdı alıp, tekrardan fırına verin. Tavuk etlerin üzeri hafifçe kızarana kadar pişirin. Pişen Arnavut pilavını fırından çıkartın. Üzerini büyük bir tepsi ya da kapak ile kapatıp, 20 dakika kadar demlenmeye bırakın. Hazırladığınız Mişoriz pilavını sıcak olarak servis edebilirsiniz."
Muradiye Çorbası,çorba,tavuk göğsü kabak havuç arpa şehriye zeytinyağı su tuz karabiber yoğurt un su tereyağı kuru nane,"Tavuk göğsünü minik küpler halinde kesin. Havuç ve kabakın kabuğunu soyup, minik küpler halinde kesin. Derin bir tencere içine zeytinyağı koyup, ısıtın. Isınan yağın üzerine doğradığınız tavuk etlerini ekleyin. Tavuk etlerini ara ara karıştırarak, kavurun. Kavrulan tavuk etlerinin üzerine doğradığınız kabak ve havuçları ekleyin. Ara ara karıştırarak, sebzeleri 5 dakika kavurun. Daha sonra tencereye 5 su bardağı sıcak su dökün. Kabak ve havuçlar biraz yumuşayana kadar kaynatın. Ardından çorbanın içine 2 yemek kaşığı arpa şehriye koyun. Şehriyeler şişene kadar pişirmeye devam edin. Terbiyesi için; bir kaba 1 su bardağı yoğurt, 1 yemek kaşığı un ve yarım çay bardağı su koyup, iyice çırpın. Kaynayan çorba suyundan 1-2 kepçe alın. Terbiyenin içine azar azar koyup, hızlı bir şekilde karıştırarak, ılımasını sağlayın. Daha sonra terbiyeyi çorbanın içine azar azar döküp, sürekli karıştırarak, kaynamaya bırakın. Muradiye çorbası kaynadıktan sonra içine damak tadınıza göre tuz ve karabiber ekleyip, karıştırın. Çorbanın kıvamı koyu ise azar azar sıcak su ekleyip, kıvamı açabilirsiniz. Son olarak çorbanın üzeri için küçük bir tava içine tereyağı koyup, eritin. Eriyen yağın üzerine kuru nane ekleyip, biraz kızdırın. Hazırladığınız muradiye çorbasının üzerine naneli yağ karışımını döküp, sıcak olarak servis edebilirsiniz."
Pankek,kahvaltı,yumurta süt toz şeker sıvı yağ kabartma tozu vanilya un,"Yumurtaları kırın, şekeri ekleyin, çırpın. Süt, sıvı yağ ve vanilya ekleyin, çırpın. Kabartma tozu, un ekleyin, karıştırın. Tavayı ısıtın, hamurdan kepçe alıp dökün. Kenarları toparlanıp, üzeri göz göz olana kadar bekleyin. Hamuru spatula yardımıyla ters çevirip, 10-15 saniye kadar pişirin."
Pelte Tatlısı,tatlı,su üzüm pekmezi un ceviz içi,"Orta boy derin bir tencere içine 2 buçuk su bardağı su dökün. Üzerine yarım su bardağından 2 parmak fazla üzüm pekmezi ekleyin. Tüm malzemeleri tel çırpıcı yardımı ile iyice karıştırın. Pekmezli karışımı ocak üzerine alın. Orta ateş üzerinde sürekli karıştırarak, hafifçe koyu bir kıvam alana kadar pişirin. Pelte tatlısı piştikten sonra porsiyonluk küçük kaselere ya da orta büyüklükteki bir servis kabına koyun. Oda ısısında soğumaya bırakın. Ardından da buzdolabında 2 saat kadar dinlenmeye bırakın."
Pesmet,atıştırmalık,yoğurt karbonat tuz un sıvı yağ,"Yoğurdun üzerine 1 çay kaşığı tuz ve 1 tatlı kaşığı karbonat ekleyip, iyice karıştırın. Kaba 3 su bardağı kadar unu azar azar ekleyin. Ele hafifçe yapışan bir hamur elde edene kadar iyice yoğurun. Hamurdan ceviz büyüklüğüne yakın parçalar alıp, elinizde düzgün bezeler yapın. Hamurları tezgah üzerinde çok kalın olmayacak şekilde açın. Hamuru açtıktan parmağınız ile orta kısmına delik açın. Pesmet pişi hamurlarını kızgın yağ içine koyup, arkalı önlü kızartın. Kızaran pesmet hamurlarını havlu kağıt serili servis tabağına alıp, fazla yağının süzülmesini sağlayın."
Porsiyonluk Nevzine Tatlısı,tatlı,tere yağı sıvı yağ yoğurt tahin sirke kabartma tozu un su toz şeker limon suyu pekmez,Şerbeti hazırlayın. Hamuru hazırlayın. Tatlıları şekillendirin. Fırında pişirin. Şerbeti dökün.
Ramazan Kıyması,ana yemek,kıyma ıspanak yumurta tereyağı zeytinyağı domates salçası domates soğan maydanoz tuz karabiber,"400 gr ıspanağı güzelce ayıklayıp, bolca su içinde yıkayın. 400 gr ıspanağı ince ince doğrayın. 1 adet orta boy soğan, 2 adet orta boy domates ve yarım demet maydanozu da ince ince doğrayın. Geniş bir tava içine 1 yemek kaşığı dolusu tereyağı ve 2 yemek kaşığı zeytinyağı koyup, iyice ısıtın. Isınan yağın üzerine doğranmış soğanları ekleyip, 2-3 dakika kadar kavurun. Kavrulan soğanların üzerine 400 gr kıyma koyun. Kıymayı sürekli karıştırarak, 4-5 dakika kavurun. Üzerine 1 yemek kaşığı domates salçası koyun. Kısa bir süre daha kavurmaya devam edin. Daha sonra tencereye doğranmış domatesleri ekleyin. Domatesler hafifçe yumuşayana kadar ara ara karıştırarak, pişirmeye devam edin. Ardından tencereye doğranmış ıspanakları koyun. Ispanaklar suyunu salıp, çekene kadar pişirin. Son olarak tencereye doğranmış maydanoz, damak tadınıza göre tuz ve karabiber ekleyin. Tüm malzemeleri güzelce karıştırın. Diğer tarafta 4 adet yumurtayı bir kap içine kırın. Çatal yardımı ile iyice çırpın. Çırpılmış yumurtayı hazırladığınız kıymalı harcın üzerine eşit bir şekilde dökün. Yumurtayı alt üst edip, hiç karıştırmadan tencerenin kapağını kapatın. Ben sadece üstten çok hafif karıştırdım. Orta ateş üzerinde yaklaşık 4-5 dakika kadar pişirin. Ramazan kıymalısı piştikten sonra yaklaşık 10 dakika kadar dinlenmeye bırakın. Ardından dilimleyerek, servis edebilirsiniz."
Sarıyer Poğaçası,atıştırmalık,margarin instant kuru maya süt yumurta tuz toz şeker un kaşar peynir dilimleri yumurta sarısı pudra şekeri,"Deep bir kap içine 1 buçuk paket instant kuru maya koyun. Üzerine yarım su bardağı ılık süt ve 1 yemek kaşığı toz şeker koyup, iyice karıştırın. Daha sonra karışımın içine 250 gr oda ısısında yumuşamış tereyağı koyun. Üzerine 2 adet yumurta kırın. Ardından 1 tatlı kaşığı tuz ve 4 su bardağı unu azar azar ekleyip, yumuşak ama ele yapışmayan bir hamur elde edene kadar yoğurun. Yoğurduğunuz hamurun üzerini örtüp, ılık bir ortamda 30 dakika mayalanmaya bırakın. Mayalanan sarıyer poğaçası hamurunu 1 dakika kadar tekrar yoğurun. Daha sonra hamuru 20 eşit parçaya bölüp, bezeler yapın. Her bir bezeyi düz bir zemin üzerinde parmak uçlarınız ile bastırarak, açın. İçine birer parça kaşar peynir dilimi koyun. Hamuru D şeklinde kapatıp, kenarına 1 cm kadar içerden bastırın. Poğaçaları yağlı kağıt serili fırın tepsisi içine dizin. Şekillendirme işlemi bittikten sonra, bir küçük kaba 1 adet yumurta sarısı koyun. Üzerine 1 fiske pudra şekeri ekleyip, karıştırın. Poğaçaların üzerine yumurta sarısı karışımından sürün. Son olarak poğaçaların üzerine çatal ile çizgiler çizin. Tepsi mayası için poğaçaları bu şekilde 30-35 dakika kadar dinlenmeye bırakın. Önceden ısıtılmış 180 derece fırına verin. Üzerleri kızarana kadar yaklaşık 25 dakika pişirin."
Sivas Katmeri,ana yemek,ılık süt ılık su yaş maya tuz toz şeker un tereyağı yumurta sarısı yoğurt,"Derin bir kap içine 1 su bardağı ılık süt, 1 su bardağı ılık su, 1 buçuk tatlı kaşığı tuz, 1 yemek kaşığı toz şeker ve yarım paket yaş mayayı eliniz ile parçalayarak koyun. Maya, şeker ve tuzun erimesi için tel çırpıcı yardımı ile iyice karıştırın. Daha sonra kaba 4 buçuk - 5 su bardağı kadar unu azar azar ekleyin. Ele biraz yapışan yumuşak bir hamur elde edene kadar yoğurun. Ardından hamurun üzerini örtüp, ılık bir yerde 40 dakika kadar mayalanmaya bırakın. Diğer tarafta hamurun ara katlarına sürmek 150 gr tereyağı küçük bir tava içinde yakmadan eritin. Eriyen yağı ocaktan alıp, kenarda soğumaya bırakın. Daha sonra mayalanan hamuru 2-3 kere elinizle hafifçe yoğurup havasını alın. Ardından hamuru biraz un serptiğiniz tezgah üzerine koyun. Elinizi hafifçe unlayıp, hamuru güzelce toparlayın. Hamuru 4 eşit parçaya kesip, düzgün bezeler yapın. Biraz büyük düz bir tabak içine 2-3 yemek kaşığı kadar sıvı yağ döküp, hafifçe yayın. Tabağa koyduğunuz yağdan elinizi yağlayın. Bezeleri tek tek alıp, her yerine gelecek şekilde yağlayarak tabağın içine yerleştirin. Bezeleri tabak içerisinde 15 dakika kadar bekletin. Daha sonra bezelerden birini alıp, tezgah üzerine koyun. 35 cm çapında olacak şekilde elinizle açın. Açtığınız hamurun üzerine eritip, soğuttuğunuz tereyağından her yerine gelecek şekilde sürün. Hamurun sol kenar kısmını ortaya katlayıp, katladığınız kısmada tereyağı sürün. Ardından sağ kenar kısmı da sol kenar kısmın üzerine kapatıp, bunun üzerini de yağlayın. Kalan diğer 2 kenar kısmın da üzerlerini yağlayıp, ortaya katlayın. Katlama işlemi bittikten sonra son katladığınız kısmın üzerini de yağlayıp, ters çevirip, tabak üzerine koyun. Diğer ikinci bezeyi de aynı şekilde elinizle açıp, her yerine gelecek şekilde tereyağı sürün. İlk açıp, katladığınız bezeyi, açtığınız bu hamurun orta kısmına koyun. Aynı şekilde sağ ve sol kenar kısımları tereyağı ile yağlayarak, ortaya katlayın. Kalan diğer kenarları da yağlayıp, ortaya katlayın. Katladığınız kısmın da üzerine tereyağı sürüp, ters çevirip, büyük bir tabak üzerine koyun. Hazırladığınız bu iki bezenin birleşiminden 1 adet katmer çıkacaktır. Son olarak diğer kalan 2 beze içinde aynı işlemi yapıp, tabak üzerine koyun. Tabakta bulunan katmer hamurlarını temiz bir poşet içerisine geçirip, tereyağının tamamen donması için buzdolabında en az 45 dakika kadar bekletin. Merdane yardımı ile çok bastırmadan, hafifçe, dikdörtgen olacak şekilde açın. Daha sonra hazırladığınız sivas katmerini yağlı kağıt serili fırın tepsisi üzerine alın. Diğer ikinci katmeri de aynı şekilde açıp, fırın tepsisi içine yerleştirin. Hazırladığınız sivas katmerinin üzerine keskin bir bıçak yardımı ile verev şeklinde çizikler atın. Üzerine sürmek için; bir kaba 1 adet yumurta sarısı ve 1 yemek kaşığı yoğurt koyup, iyice çırpın. Bu karışımı fırça yardımı ile üzerlerine sürün. Hazırladığınız sivas katmerini önceden ısıtılmış 190-200 derece fırına verin. Üzeri güzelce kızarana kadar yaklaşık 40 dakika pişirin."
Süt Helvası,tatlı,tere yağı un süt yumurta sarısı toz şeker vanilya,"1 litre sütün yarısını derin bir tencere içine dökün. Üzerine 1 su bardağı toz şeker ekleyin. Tencereyi ocak üzerine alıp, sadece şeker eriyene kadar karıştırın. Kesinlikle kaynatmayın. Daha sonra kalan sütü tencereye dökün. 1 adet yumurta sarısını üzerine ekleyip, iyice çırpın. Ardından kenarda soğumaya bırakın. Diğer tarafta geniş orta boy bir tencere içine 100 gr tereyağı koyup, eritin. Eriyen yağın üzerine 1 su bardağı un ekleyin. Orta ateş üzerinde hafifçe kahverengi olana kadar kavurun. Kavrulan un bir süre sonra yağını salacaktır.Daha sonra kavrulmuş unu ocaktan alıp, azar azar sütün içine ekleyin. Karıştırarak, koyu bir kıvam alana kadar pişirin. Pişen süt helvasının içine 1 paket vanilya koyup, karıştırın. Ardından tencereyi ocaktan alın. Hazırladığınız süt helvasını orta boy bir borcam içine ya da güveç kaplarına döküp, fırın tepsisi içine yerleştirin. Fırın tepsisinin içine su döküp, önceden ısıtılmış 200 derece fırına verin. Üzeri kızarana kadar yaklaşık 15 dakika pişirin. Süt helvası piştikten sonra fırından çıkartıp, 3-4 dakika ılımaya bırakın. Ardından dilimleyerek, servis edebilirsiniz."
Tahinli Pide,ana yemek,yaş maya ılık su ılık süt sıvı yağ toz şeker tuz un tahin toz şeker (sos için) kaynar su (sos için) yumurta sarısı pekmez,"Derin bir kap içine 1 paket yaş mayayı eliniz ile parçalayarak koyun. Üzerine 1 buçuk yemek kaşığı toz şeker ekleyin. Mayanın üzerine 1 çay bardağı ılık su döküp karıştırın. Üzerini kapatıp, 15 dakika kadar mayanın kabarmasını bekleyin. Daha sonra kabaran mayanın üzerine 1 çay bardağı ılık süt, 1 çay bardağı sıvı yağ, 1 tatlı kaşığı tuz ve 3 buçuk su bardağı kadar unu azar azar ekleyin. Yumuşak bir hamur elde edene kadar yoğurun. Hazırladığınız hamurun üzerini örtüp, 45-50 dakika kadar mayalanmaya bırakın. Diğer tarafta tahinli pidenin sosu için; bir kap içine 1 su bardağı toz şeker koyun. Üzerine 1 çay bardağı kadar kaynar su döküp, şeker tamamen eriyene kadar iyice karıştırın. Şeker eridikten sonra üzerine 1 su bardağı tahin döküp, iyice karıştırın. Mayalanan hamurun gazının çıkması için tekrar yoğurun. Daha sonra hamuru 7 eşit parçaya bölüp, düzgün bezeler yapın. Her bir bezeyi yağlı kağıt serili fırın tepsisi üzerinde aralıklı olacak şekilde parmaklarınızla daire şeklinde açın. Ardından ortasına basıp incelterek havuz şeklini verin. Açtığınız pidelerin orta kısmına tahinli karışımdan koyup, yayın. Pideleri bu şekilde tepsi içinde 20 dakika kadar mayalanmaya bırakın. Son olarak bir kaba 1 adet yumurta sarısı ve 1 tatlı kaşığı pekmez koyup, karıştırın. Yumurtalı karışımı fırça yardımı ile pidelerin kenar kısımlarına sürün. Önceden ısıtılmış 170 derece fırına verip, yaklaşık 20-25 dakika kadar pişirin."
Tavada Mayalı Katmer,kahvaltı,ılık süt tuz instant kuru maya un tere yağı sıvı yağ,"Mayalı katmer yapımı için; derin bir kap içine 1 su bardağı ılık süt dökün. Üzerine 1 çay kaşığı instant kuru maya ve 1 buçuk çay kaşığı tuz koyup, karıştırın. Ardından 3 su bardağına yakın unu azar azar ekleyin.Ele yapışmayan yumuşak bir hamur elde edene kadar yoğurun. Diğer tarafta hamurun içine sürmek için; küçük bir tava içine 2 yemek kaşığı dolusu tereyağı koyup, eritin. Eriyen tereyağın üzerine 2 yemek kaşığı sıvı yağ koyup, karıştırın. Yağlı karışımın bir kısmını pişen katmerlerin üzerine sürmek için ayırın. Hazırladığınız hamuru 4 eşit parçaya bölüp, bezeler yapın. Her bezeyi hafifçe unlanmış tezgah üzerinde merdane yardımı ile pasta tabağı büyüklüğüne yakın ince olacak şekilde açın. Açtığınız bezelerin üzerine fırça yardımı ile bolca tereyağlı karışımından sürün. Ardından hamuru rulo şeklinde sarın. Rulo şeklinde sardıktan sonra spiral şekilde kıvırın. Bir tabak üzerine hamurları yerleştirin. Üzerlerini örtüp, 1 saat kadar buzdolabında yağın donması için bekletin. Hamurları buzdolabından çıkartıp, hafifçe unlanmış tezgah üzerinde merdane yardımı ile çok fazla ince olmayacak şekilde açın. Teflon bir tavayı ocak üzerine koyup, kızdırın. Ocağı biraz kısıp, açtığınız katmerleri tava içine koyun. Katmerleri arkalı önlü pişirin. Bir tarafı piştikten sonra üzerine kalan yağlı karışımdan sürün. Diğer tarafı da piştikten sonra servis tabağına alıp, diğer yüzünü fırça ile yağlayın. Hazırladığınız tavada mayalı katmerleri üst üste dizip, sıcak ya da ılık olarak servis edebilirsiniz."
Tavuklu Düğün Çorbası,çorba,tavuk butu sıcak su un yoğurt yumurta sarısı tuz tere yağı kırmızı toz biber,"3 adet tavuk butunu orta boy derin bir tencere içine koyun. Üzerine 4 - 4 buçuk su bardağı su koyun. Tavuk butları yumuşayana kadar pişirin. Pişen tavuk butlarını tencereden alıp, deri kısımlarını ayırın. Eliniz ile orta büyüklükte didikleyin. Bir kap içine 2 yemek kaşığı un, 4 yemek kaşığı yoğurt ve 1 adet yumurta sarısı koyun. Terbiyeli karışımı tel çırpıcı ile iyice çırpın. Terbiyeli karışıma kaynamış tavuk suyundan bir kepçe ekleyip, karıştırın. Hazırladığınız terbiyeyi tencerede kalan tavuk suyunun üzerine azar azar dökün. Çorbanın kesilmemesi için hızlı bir şekilde karıştırıp, kaynamaya bırakın. Kaynama sırasında da çorbayı sürekli karıştırın. Son olarak tencereye didiklediğiniz tavuk etlerini ve damak tadınıza göre tuz ekleyin. Çorbayı 2 taşım daha kaynatıp, ocaktan alın."
Tutmaç Çorbası,çorba,erişte haşlanmış yeşil mercimek haşlanmış nohut sıcak su yoğurt yumurta sarısı un soğan zeytinyağı kuru nane,"Tencereye 1 litre sıcak su koyup, kaynamaya bırakın. Kaynayan suyun içine 1 çay bardağı erişte ekleyin. Tencereye 1 çay bardağı haşlanmış yeşil mercimek ve 1 çay bardağı haşlanmış nohut koyup, karıştırın. Erişteler yumuşayana kadar yaklaşık 15 dakika pişirin. Diğer tarafta terbiyesi için; derin bir kap içine 1 buçuk su bardağı yoğurt, 1 adet yumurta sarısı ve 1 yemek kaşığı un ekleyin. Karışımı tel çırpıcı yardımı ile iyice karıştırın. Ardından kaynayan çorba suyundan 1 kepçe alıp, terbiyeli karışımın içine dökün. Terbiyeyi hızlı bir şeklide karıştırıp, ılımasını sağlayın. Daha sonra yoğurtlu terbiyeyi azar azar çorbanın içine döküp, kesilmemesi için hızlı bir şekilde karıştırın. Ardından kaynayana kadar çorbayı karıştırmaya devam edin. Son olarak küçük bir tava içine 5 yemek kaşığı zeytinyağı koyun. Üzerine 1 adet küçük boy ince ince doğranmış kuru soğan ekleyip, yumuşayana kadar kavurun. Ardından kavrulan soğanın üzerine 1 tatlı kaşığı kuru nane ekleyip, 3-4 kere karıştırıp, ocaktan alın. Hazırladığınız tutmaç çorbasının üzerine damak tadınıza göre tuz ve soğanlı naneli sosu koyun. Çorbayı güzelce karıştırıp, 5 dakika daha pişirin."
Tzatziki (Yunan Cacığı),salata,salatalık süzme yoğurt sarımsak zeytinyağı limon suyu sirke dereotu,"Salatalıkları iyice yıkayıp, kurulayın. Salatalıkların baş kısımlarını kesip, rendenin iri tarafı ile rendeleyin. Rendelenmiş salatalıkların üzerine biraz tuz serpiştirip, güzelce karıştırın. Salatalıkların suyunu iyice sıkın. Suyunu sıktığınız salatalıkları karıştırma kabına koyun. Bir kase içine 1 buçuk su bardağı süzme yoğurt ve biraz tuz koyup, tel çırpıcı yardımı ile iyice çırpın. Rendelenmiş salatalıkların üzerine çırptığınız yoğurt ve 1 tutam ince ince doğranmış dereotu ekleyin. Karışımın üzerine 1 yemek kaşığı limon suyu ve 1 tatlı kaşığı sirke koyun. Son olarak 1 diş ezilmiş sarımsak ve 2 yemek kaşığı zeytinyağı ekleyin. Tüm cacık malzemelerini kaşık yardımı ile iyice karıştırın. Hazırladığınız yunan cacığını buzdolabında soğumaya bırakın."
Yüksük Çorbası,çorba,manti nohut tere yağı domates salçası et suyu su kuru nane tuz,"Tencereye tereyağı koyup eritin. Domates salçası koyun ve kavurun. Et suyu ve su döküp karıştırın. Kaynamaya bırakın. Mantı, nohut, tuz ve nane ekleyin. 15 dakika pişirin."
Baklavalık Yufkadan Fıstıklı Katmer,tatlı,baklavalık yufka kaymak pudra şekeri yeşil toz fıstık tereyağı,"Baklavalık yufkayı tezgah üzerinde üst üste gelecek şekilde koyun. Yufkanın üzerine 1 yemek kaşığı kaymağı küçük parçalar halinde koyun. Yufkanın her tarafına 1 buçuk yemek kaşığı pudra şekeri serpiştirin. Yufkanın üzerine 2 yemek kaşığı yeşil toz fıstığı serpiştirin. Yufkanın uzun kenar kısımlarını yufkanın üzerine kapatın. Uzun kenar kısımları kapattıktan sonra kısa kenar kısımları da aynı şekilde kapatın. Geniş bir tava içine yarım yemek kaşığı tereyağı koyup, eritin. Hazırladığınız baklavalık yufkadan fıstıklı katmeri tavaya koyun. Fıstıklı katmerin her iki tarafını kızarana kadar pişirin. Baklavalık yufkadan fıstıklı katmer piştikten sonra servis tabağına alın. Üzerine az miktar pudra şekeri ve yeşil toz fıstık serpiştirin. Ardından dilimleyip, sıcak olarak servis edebilirsiniz."
Beyti Kebabı,ana yemek,kıyma yufka soğan maydanoz galeta unu biber salçası file antep fıstığı karabiber kimyon tuz tere yağı sıvıyağ domates salçası su,Köfte harcını hazırlayın. Yufkayı hazırlayın. Köfteli yufkayı rulo yapın. Köfteli yufkayı kesin. Fırında pişirin. Domates sosunu hazırlayın. Servis yapın.
Bitlis Cacığı,çorba,salatalık yoğurt su zeytinyağı elma sirkesi taze nane dereotu sarımsak tuz,"Salatalıkları soyun ve bıçak yardımı ile ince ince doğrayın. Doğradığınız salatalıkların üzerine tuz serpiştirin ve kısa bir süre bekletin. Derin bir kase içine yoğurt koyun ve 1 çay bardağı su dökün. Yoğurdun üzerine 3 diş ezilmiş sarımsak ekleyin ve karıştırın. Doğradığınız salatalıkları koyun ve iyice karıştırın. Cacığın içine 2 yemek kaşığı elma sirkesi ve 2 yemek kaşığı zeytinyağı dökün. Tüm malzemeleri iyice karıştırın. Son olarak cacığın içine 2 tutam ince ince doğranmış taze nane, 2 tutam ince ince doğranmış dereotu ve damak tadınıza göre tuz ekleyin. Tüm malzemelerin tekrardan iyice karışmasını sağlayın."
Börülce Salatası,salata,taze börülce domates sarımsak zeytinyağı limon tuz,"Börülce salatası yapımı için; yarım kilo taze börülcenin uç kısımlarını kesin ve varsa kılçıklarını ayıklayın. Börülceleri uzunluklarına göre 2-3 parçaya bölün. Diğer tarafta orta boy derin bir tencere içine 1 buçuk litreye yakın su döküp, kaynamaya bırakın. Daha sonra kaynayan suyun içine taze börülceleri koyun. Ardından üzerlerine biraz tuz ekleyip, karıştırın. Börülceleri hafifçe yumuşayana kadar haşlayın. Çok fazla haşlayıp, dağılmasına izin vermeyin. Diğer yandan derin bir kap içine olabildiğince buzlu soğuk su koyun. Börülceleri kevgir ile süzün. Ardından hemen soğuk suyun içine koyup, şoklanmasını sağlayın. Bu şoklama yöntemi ile börülcelerin rengi canlı ve parlak kalacaktır. Şoklayarak soğuttuğunuz börülcelerin suyunu süzün. Daha sonra 3 diş sarımsağı havanda iyice ezip, küçük bir kaba koyun. Üzerine 5-6 yemek kaşığı zeytinyağı, 1 adet sıkılmış limon suyu ve damak tadınıza göre tuz ekleyip, iyice karıştırın. Taze börülceleri hafif çukur bir kap içine koyun. Üzerine hazırladığınız sarımsaklı sosu döküp, iyice karıştırın. Börülce salatasının üzerini kapatın. Sosunu içine alıp, daha lezzetli olması için buzdolabında 2-3 saat kadar dinlenmeye bırakın. Hazırladığınız İzmir usulü börülce salatasını servis tabağına koyup, güzelce yayın. Üzerini 1-2 adet küçük küpler şeklinde doğranmış domates ile süsleyerek, servis edebilirsiniz."
Diyarbakır Usulü Ayran,içecek,yoğurt soğuk su salatalık taze nane tuz buz küpü,"Derin bir kase içine 2 su bardağı yoğurt koyun. Yoğurdun üzerine 4 su bardağı soğuk su dökün. Karışım içine 1 tatlı kaşığı kadar tuz ekleyin. Tuz miktarını damak tadınıza göre azaltıp, çoğaltabilirsiniz. Kapta bulunan tüm malzemeleri pürüzsüz bir kıvam alana blenderdan geçirin. Salatalıkları tam ayrılmayacak şekilde ortadan ikiye kesin. 10 dal taze naneyi ayrılmayacak şekilde bir demet haline getirin. Salatalıkları ayranın içine koyun. Taze naneleri de ayranın içine ekleyin. Ayranın içine birkaç buz küpü koyup, güzelce karıştırın. Salatalığın ve nanenin hem aroması hem de tadının ayrana geçmesi için ayranı buzdolabında en az 30 dakika bekletin."
Fırında Kazan Kebabı,ana yemek,patlıcan kıyma soğan maydanoz galeta unu tuz karabiber kimyon domates salçası su,"Derin bir kap içine 400 gr kıyma koyun. Üzerine 1 adet soğanı rendenin ince tarafı ile rendeleyin. 2 yemek kaşığı kadar galeta unu, 1 tutam ince ince doğranmış maydanoz, damak tadınıza göre tuz, karabiber ve kimyon ekleyin. Köfte harcını eliniz ile iyice yoğurup, üzerini örtün. Yaklaşık 30 dakika kadar dinlenmeye bırakın. Diğer tarafta 4 adet orta boy patlıcanı alacalı olarak soyup, sap kısımlarını kesin. Orta kısmını biraz geçecek şekilde, tam koparmadan 1 buçuk cm kalınlığında dilimler halinde kesin. Geniş bir tava içine sıvı yağ koyup, kızdırın. Patlıcanları kızgın yağ içinde arkalı önlü kızartın. Patlıcanları çevirirken dikkat edin ki dilimler kopmasın. Kızaran patlıcanları kağıt havlu üzerine alıp, yağının süzülmesini sağlayın. Daha sonra köfte harcından ceviz büyüklüğüne yakın parçalar alıp, elinizde yuvarlayın. Kızaran patlıcan dilimleri arasına yerleştirin. Patlıcanları orta boy yuvarlak fırın tepsisi içine yerleştirin. Aralarına domates ve biber dilimleri koyun. Sosu için; bir kap içine 1 yemek kaşığı domates salçası koyun. Üzerine 1 su bardağı su ve biraz tuz ekleyin. Salçayı iyice ezerek, açın. Ardından sosu kebabın üzerine dökün. Salçanın kıvamı çok koyu ise biraz daha su ekleyebilirsiniz. Fırın kabının üzerini yağlı kağıt ile örtün. Önceden ısıtılmış 190 derece fırına verin. Yaklaşık 20 dakika kadar pişirin. Hazırladığınız fırında kazan kebabını fırından çıkartıp, üzerini açın. Tekrar fırına verip, üzerinin kızarmasını sağlayın."
Fırında Sıcak Helva,tatlı,tahin helvası süt tere yağı limon suyu limon kabuğu rendesi,"Helvayı küpler halinde kesin. Derin bir kap içine helvayı koyun. Üzerine süt, tereyağ, limon suyu ve limon kabuğu rendesi ekleyin. Püre ezicisi ya da blender ile iyice ezin. Helvayı güveç ya da küçük fırın kaplarının yarısına gelecek şekilde doldurun. Önceden ısıtılmış fırına verin. 5 dk beklettikten sonra fırının ızgara bölümünü açıp, üzeri kızarana kadar pişirin. Fırında sıcak tahin helvasını 2 dk kadar beklettikten sonra sıcak olarak servis edebilirsiniz."
Fiyonk Tatlısı,tatlı,yumurta un kabartma tozu yoğurt zeytinyağı şerbet su şeker limon suyu,"Derin bir kaba 1 adet yumurta kırın. Üzerine 1 çay bardağı yoğurt, 1 çay bardağı zeytinyağı ve 1 paket kabartma tozu koyun. Ardından 2 buçuk su bardağı unu azar azar ekleyin. Malzemeleri biraz karıştırın. Ele yapışmayan yumuşak bir hamur elde edene kadar yoğurun. Hazırladığınız hamuru un serptiğiniz tezgah üzerine alın. Hamurun altını ve üstünü hafifçe unlayın. Oklava ile çok kalın olmayacak şekilde açın. İsteğe göre hamuru iki eşit parçaya kesip, oklava ile daha kolay açabilirsiniz. Daha sonra orta büyüklükte kareler halinde kesin. Kestiğiniz her bir kare hamur parçasının ortasından fotoğraflardaki gibi büzüştürüp, fiyonk şeklini verin. Hazırladığınız fiyonk şeklindeki hamurları kızgın yağ içine koyun. Her iki tarafını kızartın. Kızaran hamurları soğuk şerbet içine atın. Tatlıları şerbet içinde bir kaç kere çevirip, servis tabağına alın. Hazırladığınız fiyonk tatlısının üzerini ceviz, yeşil toz fıstık ya da hindistan cevizi ile süsleyerek, servis edebilirsiniz."
Girit Usulü Cacık,ana yemek,salatalık süzme yoğurt taze nane dereotu sarımsak zeytinyağı tuz karabiber,"Salatalıkları yıkayıp, kurulayın. Salatalıkların kabuğunu alacalı soyun. Salatalıkları uzunlamasına ortadan ikiye kesip, ay şeklinde ince ince doğrayın. Dereotu ve taze naneyi ince ince doğrayın. Yoğurt, tuz, karabiber, ezilmiş sarımsak ve zeytinyağını karıştırın. Doğradığınız salatalıkları, dereotunu ve naneyi yoğurtlu karışıma ekleyin. Tüm malzemeleri kaşık yardımı ile iyice karıştırın."
Harire Tatlısı,tatlı,üzüm pekmezi su un tarçın ceviz içi,"Orta boy derin bir tencere içine 2 su bardağı üzüm pekmezi koyun. Pekmezin üzerine 4 su bardağı su ekleyin. Karışıma 1 su bardağı un ve yarım çay kaşığı tarçın koyun. Tenceredeki tüm malzemeleri çırpıcı yardımı ile iyice karıştırın. Tencereyi ocak üzerine alın. Orta ateş üzerinde muhallebi kıvamı alana kadar sürekli karıştırarak pişirin. İstenilen kıvama gelen tatlıyı ocak üzerinden alıp, kaselere paylaştırın. Ardından oda ısısında soğumaya bırakın. Oda ısısında soğuduktan sonra da 1 saat buzdolabında soğumaya bırakın."
Hasbeli Aş,ana yemek,pilavlık bulgur yeşil mercimek soğan tere yağı zeytinyağı sıcak su tuz,Mercimeği haşlayın. Soğanı kavurun. Domates salçası ekleyin. Bulguru ekleyin. Mercimeği ekleyin. Tuz ve sıcak su ekleyin. Kaynatın. Pişirin. Demlendirin.
Hedik Çorbası,çorba,nohut buğday soğan zeytinyağı domates salçası biber salçası su kekik kırmızı pul biber tuz,"Nohudu 1 gece şişene kadar bekletin. Buğdayı 1 gece şişene kadar bekletin. Nohut ve buğdayı süzüp, tencereye koyun. 1.5 litre su ekleyip, kaynatın. Nohut ve buğday yumuşayana kadar pişirin. Soğanı kavurun. Salçaları ekleyip, kavurun. Salçalı soğanlı sosu çorbaya ekleyin. Tuz, kekik ve kırmızı pul biber ekleyin. 1-2 taşım kaynattıktan sonra ocağın altını kapatın."
Höşmerim,tatlı,çiğ süt peynir mayası yumurta toz şeker irmik tereyağı,"Derin bir tencereye 1 kilo çiğ süt dökün. Sütü ocak üzerine alıp, parmağınızın dayanabileceği sıcaklıkta olana kadar ısıtın. Parmağınızın dayanabileceği sıcaklıkta olan sütün içine 1 çay kaşığı peynir mayası ekleyip, 1 dakika kadar karıştırın. Tencereyi kalın bir mutfak bezi ile sıkıca sarıp, 1 saat mayalanmaya bırakın. Sütünüz mayalandıktan sonra bir çırpıcı yardımı ile iyice karıştırın. Sütün içine 2 adet yumurta kırın. Tüm malzemelerin tel çırpıcı yardımı ile iyice karışmasını sağlayın. Karışımın içine 1 buçuk su bardağı irmik ve 50 gr tereyağı koyun. Tekrardan tencereyi ocak üzerine alın. Karışımı orta ateş üzerinde 5-10 dakika karıştırarak, pişirin. Son olarak karışımın içine 4 su bardağı toz şeker koyun. Tekrardan tatlınızı karıştırıp, koyu bir kıvam alana kadar pişirmeye devam edin. Höşmerim tatlısı piştikten sonra ocak üzerinden alın. Üzerine havlu kağıt serip, kapağını kapatın. Bu şekilde tatlınızı 10-15 dakika kadar demlenmeye bırakın."
İspanyol Omleti,ana yemek,yumurta patates soğan zeytinyağı tereyağı tuz karabiber,"Patateslerin kabuğunu soyup, ince ince halkalar şeklinde kesin. Soğanı ince ince ay şeklinde doğrayın. Tencere içine tereyağı ve zeytinyağı koyup, kısık ateş üzerinde eritin. Yağın üzerine doğranmış patatesleri ve soğanı ekleyin. Tencerenin kapağını kapatın. Orta ateş üzerinde patatesler yumuşayana kadar ara ara karıştırarak, pişirin. Pişen patatesleri ocaktan alıp, ılımaya bırakın. Yumurtaları çırpın. Soğuyan patateslerin üzerine çırptığınız yumurtayı döküp, hafifçe karıştırın. 5 dakika kadar patateslerin yumurtayı çekmesini bekleyin. Omlet tavadan ayrılıncaya kadar alt tarafını pişirin. Omlet tavadan ayrılır duruma gelince geniş bir servis tabağı içine alın. Ters çevirip, diğer tarafını da pişirin."
Kaygana,atıştırmalık,yumurta yoğurt su un taze soğan maydanoz sivri biber tuz tereyağı,"Derin bir kap içine 2 adet yumurta kırın. Üzerine 1 çay bardağı yoğurt ve 1 çay bardağı su ekleyip, iyice çırpın. Diğer tarafta 3 sap taze soğan yaprağını, 5-6 sap maydanozu ve 1 adet küçük boy sivri biberi ince ince doğrayın. Hazırladığınız karışımın içine doğradığınız taze soğan yapraklarını, maydanozu ve sivri biberi koyup, karıştırın. Daha sonra 1 buçuk çay bardağı unu ve 1 çay kaşığı tuz ekleyip, iyice karıştırın. Tuz miktarını damak tadınıza göre ayarlayabilirsiniz. Kaygana hamurunun kıvamı, krep hamuru akışkanlığında olacaktır. Kıvam cıvıksa un, çok koyu ise su ekleyebilirsiniz. Kaygana yapılışı için, orta boy bir teflon tavanın içine 1 çay kaşığı kadar tereyağı koyup, kızdırın. Tereyağının tüm tavaya eşit şekilde yayılması için tavayı sağa sola çevirin. Kaygana hamurundan yarım kepçe alın. Tavaya döküp, hafifçe yayın. Orta ateş üzerinde arkalı önlü olacak şekilde pişirin. Pişen kayganayı geniş bir tabak üzerine alın. Tüm hamur bitene kadar aynı işlemi uygulayıp, pişirmeye devam edin."
Lebeniye Çorbası,çorba,nohut pirinç süzme yoğurt un limon suyu su kıyma soğan tuz karabiber kuru nane tere yağı,Pirinçleri 1 su bardağı su ile yumuşayana kadar pişirin. Kıymalı harcı yoğurun. Kıymalı harçtan nohut büyüklüğünde parçalar alın. Pirinçlerin üzerine 4 su bardağı su ve haşlanmış nohut ekleyin. Yoğurtlu karışımı hazırlayın. Yoğurtlu karışımı çorbaya ekleyin. Köfteleri kızartın. Köfteleri çorbaya ekleyin.
Lutenitsa,çorba,domates patlıcan kırmızı kapya biber havuç sarıkmsak zeytinyağı sirke toz şeker tuz,"Patlıcan ve biberleri güzelce yıkayıp, kurulayın. Patlıcan ve biberleri yağlı kağıt serili fırın tepsisi içine dizin. Üzerlerine bıçak ile birkaç yerinden batırın. Patlıcan ve biberleri önceden ısıtılmış 200-220 derece fırına verip, közleyin. Domatesin kabuğunu soyup, küçük küçük doğrayın. 2 adet orta boy havucunda kabuğunu soyup, rendenin ince tarafı ile rendeleyin. 6 diş sarımsağı da olabildiğince ince ince doğrayın. Patlıcan ve biberleri fırından çıkartıp, soğumaya bırakın. Soğuduktan sonra kabuklarını soyup, biberlerin çekirdek kısımlarını temizleyin. Patlıcan ve biberleri bıçak yardımı ile küçük küçük doğrayın. Derin bir tencere içine 1 çay bardağı zeytinyağının yarısını dökün. Üzerine doğranmış sarımsak ve rendelenmiş havucu ekleyin. Sarımsakların kokusu çıkıp, havuçlar hafifçe yumuşayana kadar kavurun. Tencereye doğranmış domatesleri koyun. Domatesler iyice yumuşayıp, suyunu çekene kadar ara ara karıştırarak, pişirin. Suyunu çeken domateslerin üzerine közlenmiş patlıcan ve biberleri ekleyin. Tüm malzemeleri güzelce karıştırıp, bu şekilde 10 dakika kadar özdeşlemeleri için ara ara karıştırarak, pişirmeye devam edin. Hazırladığınız sosu pürüzsüz bir kıvam alana kadar blenderdan geçirin. Sosun üzerine kalan yarım çay bardağı zeytinyağı, yarım çay bardağından biraz az sirke, 1 tatlı kaşığı toz şeker ve 1 buçuk tatlı kaşığı tuz ekleyin. Sosu güzelce karıştırıp, bu şekilde 5 dakika daha kısık ateş üzerinde pişirin."
Mantarlı Et Sote,ana yemek,kuşbaşı dana antrikot mantar kırmızı biber yeşil biber soğan tere yağı tuz karabiber,"Mantarları temizledikten sonra, orta ateşte 2-3 dk kadar soteleyin. Diğer tarafta, 200 gr kuşbaşı eti kızgın bir tavaya koyun. Etler suyunu salıp, çekene kadar pişirin. Etlerin üzerine 1 yemek kaşığı tereyağ ile beraber ince ince doğradığınız soğanları ekleyin. Et ile soğanı 2 dk kavurun. Ardından doğranmış biberleri ekleyin. Etleri biberler ile birlikte 5 dk kadar ara ara karıştırarak, pişirin. Son olarak sotelediğiniz mantarları ekleyip, damak tadınıza göre tuz ve karabiberi serpiştirip, 1-2 dk kadar daha karıştırarak pişirin."
Para Para Çorbası,çorba,yumurta un tuz su yumurta sarısı yoğurt un tereayağı kırmızı toz biber,"Deep bir kaba 1 adet yumurta kırın. Üzerine 1 çay kaşığı tuz ekleyip, karıştırın. Kaba azar azar 7 yemek kaşığı un ekleyin. Kulak memesi yumuşaklığında bir hamur elde edene kadar yoğurun. Hamuru tezgah üzerine koyun. Oklava yardımı ile çok kalın olmayacak şekilde açın. Açtığınız hamurun üzerine az miktar un serpiştirin. Unu hafifçe eliniz ile yayın. Hamuru oklava üzerine rulo şeklinde sarın. Rulo şeklinde sardığınız hamuru bıçak ile uzunlamısına kesin. Uzunlamasına kestikten sonra hamurları düzleştirin. Ardından hamurları ince şeritler halinde kesin. Daha sonra minik kareler şeklinde kesin. Kestiğiniz hamurların üzerine hafifçe un serpiştirin. Eliniz ile hamurları birbirlerinden ayırın. Hamurların içinde büyük parçalar varsa onları da küçük küçük kesin. Daha sonra derin bir tencere içine 1 litre su koyup, kaynamaya bırakın. Kaynayan suyun içine kestiğiniz hamurları yavaş yavaş koyup, karıştırın. Hamurları 5-6 dakika kadar pişmeye bırakın. Para para çorbasının terbiyesi için; bir kaba 1 adet yumurta sarısı koyun. Üzerine 3-4 yemek kaşığı dolusu yoğurt ve 2 yemek kaşığı kadar un ekleyip, iyice çırpın. Ardından çorbanın kesilmemesi için suyundan 1 kepçe kadar alıp, terbiyeye ekleyip, ılımasını sağlayın. Pişen para para çorbasının içine hazırladığınız yoğurt terbiyesini yavaş yavaş döküp, karıştırın. Çorbayı 1-2 taşım kaynatıp, ocaktan alın. Son olarak küçük bir tavaya 1 yemek kaşığı tereyağı koyup, eritin. Üzerine 1 çay kaşığı kırmızı toz biber koyup, kızdırın. Hazırladığınız para para çorbası üzerine dökün. Çorbayı kepçe yardımı ile güzelce karıştırın. Hazırladığınız para para çorbasını sıcak olarak servis edebilirsiniz."
Patatesli Bazlama,ana yemek,ılık süt ılık su instant kuru maya sıvı yağ tuz un patates kırmızı pul biber kırmızı toz biber kuru nane,"Daha sonra haşlanan patateslerin suyunu süzüp, ılımaya bırakın. Bir kap içine alın. Üzerine az miktarlarda pulbiber, kırmızı toz biber, kuru nane ve tuz ekleyin. Patatesleri püre ezicisi ile pürüzsüz bir kıvam alana kadar iyice ezin. Patatesli bazlama hamuru için; derin bir kap içine yarım paket instant kuru maya koyun. Mayanın üzerine 1 su bardağından 2 parmak eksik ılık süt ve yarım su bardağı ılık su döküp, karıştırın. Bu şekilde mayayı 10 dakika kadar dinlenmeye bırakın. Daha sonra kaba yarım çay bardağı sıvı yağ, 1 çay kaşığı tuz ve 5 su bardağı unu azar azar ekleyin. Ele hafifçe yapışan yumuşak bir hamur elde edene kadar yoğurun. Ardından hamurun üzerini örtüp, 1 saat kadar mayalanmaya bırakın. Mayalanan hamurdan elma büyüklüğüne yakın parçalar alıp, bezeler yapın. Her bezeyi hafifçe unlanmış tezgah üzerinde çok ince olmayacak şekilde açın. Açtığınız hamurun ortasına patatesli harçtan koyun. Fotoğraftaki gibi hamuru patatesli harcın üzerine kapatın. Hamuru elinizde hafifçe yuvarlayın. Patatesli bazlamayı çok kalın ve ince olmayacak şekilde açın. Teflon bir tavayı ocak üzerine koyup, ısıtın. Ocağı biraz kısıp, patatesli bazlamayı tava içine koyun. Patatesli bazlamayı arkalı önlü pişirin. Bir tarafı piştikten sonra üzerine tereyağı sürün. Diğer tarafı da piştikten sonra tabağa alıp, diğer yüzünü de tereyağı ile yağlayın."
Pırasa Diblesi,ana yemek,pırasa pirinç soğan domates zeytinyağı sıcak su tuz karabiber tere yağı,"Pırasaları temizleyip, yıkayın ve halka şeklinde ince ince doğrayın. Pirinci iyice yıkayıp, süzmeye bırakın. Geniş bir tencere içine zeytinyağı koyun ve soğanları hafifçe yumuşayana kadar sürekli karıştırarak, pişirin. Soğanların üzerine doğranmış pırasaları koyun ve pırasaları da hafifçe yumuşayana kadar kavurmaya devam edin. Kavrulan pırasaların üzerine rendelenmiş domates ve biraz karabiber ekleyin. Pırasalı harcın üzerine yıkanmış pirinci ve damak tadınıza göre tuz ekleyin. Pirinci pırasalı harç ile birlikte 1-2 dakika kavurun. Son olarak tencereye sıcak su döküp, karıştırın ve tencerenin kapağını kapatıp, kaynamaya bırakın. Kaynadıktan sonra kısık ateş üzerinde suyunu çekene kadar pişirin. 1 yemek kaşığı tereyağını küçük bir tava içine koyup, hafifçe kızdırın. Pırasa diblesi piştikten sonra üzerine kızdırdığınız tereyağını döküp, güzelce karıştırın. Ardından kenarda 10 dakika kadar demlenmeye bırakın."
Samsıra,tatlı,susam pekmez,"Orta boy geniş bir tencere içine 2 su bardağı susam koyun. Susamı kahverengi olana kadar yaklaşık 15 dakika yakmadan kavurun. Daha sonra ocağın altını kısın. Kavrulmuş susamın üzerine 1 su bardağı pekmez dökün. Çok az ocağın altını açın. Hiç durmadan sürekli karıştırarak, kavurmaya devam edin. Susam ve pekmez birbirine geçene kadar dikkatli bir şekilde yakmadan kavurun. Pişen samsırayı küçük bir fırın tepsisi içine dökün. İlk sıcaklığı gittikten sonra küçük küçük parçalar alıp, elinizde yuvarlayın."
Soğuk Baklava,tatlı,hazır baklavalık yufka tereyağı sıvı yağ toz şeker su limon suyu süt sıvı krema fındık sütlü çikolata kakao,Şerbeti hazırlayın. Tereyağını eritin. Baklava yufkalarını hazırlayın. Baklava yufkalarını üst üste yerleştirin. Üzerine fındık serpiştirin. Üzeri için çikolata ve kakao hazırlayın. Soğuk baklavayı servis edin.
Tablacı Salatası,salata,domates soğan maydanoz sumak kırmızı toz biber tuz zeytinyağı nar ekşisi,"Domatesleri kabuğu ile birlikte minik küpler halinde kesip, geniş bir kase içine alın. Soğanın kabuğunu soyup, ay şeklinde ince ince doğrayın. Maydanozu ince ince doğrayın. Soğanların üzerine biraz tuz serpiştirip, yumuşamaları için eliniz ile ovalayın. Soğanların üzerine sumak ekleyip, eliniz ile karıştırın. Sumaklı soğan karışımının üzerine doğranmış maydanozu ekleyip, eliniz ile güzelce harmanlayın. Domateslerin üzerine kırmızı toz biber ekleyip, karıştırın. Domateslerin üzerine sumaklı soğanlı maydanoz karışımını ekleyip, tekrar güzelce karıştırın. Hazırladığınız tablacı salatasını servis tabağına alıp, üzerine damak tadınıza göre tuz ve zeytinyağı ekleyin. Tablacı salatasının üzerine isteğe göre 1-2 yemek kaşığı nar ekşisi döküp, servis edebilirsiniz."
Tas Kebabı,ana yemek,kuşbaşı dana eti patates havuç soğan domates salçası zeytinyağı tuz karabiber,"Derin bir tencere içine ince ince doğranmış soğanı koyun. Üzerine 5 yemek kaşığı sıvı yağ ekleyip, 1 dakika kavurun. Ardından pişen etleri koyup, karıştırın. Etlerin üzerine doğradığınız patates ve havuçları da ekleyin. Tüm sebzeleri, etler ile beraber 2 dakika kadar daha kavurmaya devam edin. Son olarak tencere içine 1 yemek kaşığı domates salçası ekleyin. Tüm malzemeleri iyice karıştırın. Sebzelerin üzerine hafifçe geçecek kadar sıcak su, damak tadınıza göre tuz ve karabiber ekleyip, karıştırın. Tencerenin kapağını kapatıp, sebzeler yumuşayana kadar pişirin."
Taze Bamya Çorbası,çorba,taze bamya kuşbaşı doğranmış et kuru soğan sarımsak domates domates salçası biber salçası limon suyu tereyağı zeytinyağı sıcak su tuz karabiber,"Hazırladığınız taze bamyaları güzelce yıkayın. Yapışkan sıvı salmasını önlemek için derin bir kap içine bamyaları koyun. Üzerlerini geçecek kadar su dökün. 1 adet limon suyu sıkın. Ardından çok az tuz ekleyip, bu şekilde bekletin. Diğer tarafta orta boy derin bir tencere içine 1 yemek kaşığı kadar tereyağı ve 1 yemek kaşığı zeytinyağı koyup, ısıtın. Isınan yağın üzerine 100 gr orta yağlı kuşbaşı doğranmış et koyun. Etleri yumuşayana kadar ara ara karıştırarak, pişirin. Gerekirse etlerin üzerine biraz su ekleyebilirsiniz. Daha sonra pişen etlerin üzerine 1 adet küçük boy ince ince doğranmış soğan ekleyin. Soğanlar yumuşayana kadar sürekli karıştırarak, pişirin. Ardından tencereye 1 yemek kaşığı domates salçası, yarım yemek kaşığı biber salçası ve 2 diş ince ince doğranmış sarımsak koyun. Salçaların kokusu çıkana kadar sürekli karıştırarak, kavurun. Ardından tencereye 1 adet orta boy rendelenmiş domates ekleyin. 1 dakika kadar daha kavurmaya devam edin. Son olarak tencereye limonlu suda bekletip süzdüğünüz bamyaları koyun. Ardından 1 litre sıcak su dökün. Yarım limon suyu sıkıp, damak tadınıza göre tuz ve karabiber ekleyin. 1-2 kere karıştırıp, çorbayı kaynamaya bırakın. Kaynadıktan sonra kısık ateş üzerinde bamyalar yumuşayana kadar pişirin. Pişme esnasında bamya çorbasını çok sık karıştırmayın ki bamyalar dağılmasın ve salyalanma olmasın. Etli bamya çorbası piştikten sonra 5 dakika dinlenmeye bırakın. Daha sonra kaselere döküp, yanında limon dilimleri ile servis edebilirsiniz."
Velibah,ana yemek,ılık süt ılık su instant kuru maya sıvı yağ tuz un patates kırmızı pul biber kırmızı toz biber karabiber kuru nane,"Patatesleri soyup, yıkayın ve 3-4 parçaya bölün. Patatesleri tencereye koyun ve üzerlerini geçecek kadar su dökün. Patatesleri kaynadıktan sonra orta kısık ateş üzerinde haşlayın. Haşlanan patateslerin suyunu süzün ve püre ezicisi veya çatal ile ezin. Ezdikten sonra patateslerin üzerine kırmızı pul biber, kırmızı toz biber, kuru nane ve tuz ekleyin. Hamuru hazırlamak için; mayayı ılık süt ve su ile karıştırın. 10 dakika bekletin, sonra sıvı yağ, tuz ve unu ekleyin. Ele hafifçe yapışan yumuşak bir hamur elde edene kadar yoğurun. Hamurun üzerini örtün ve ılık bir ortamda 45 dakika mayalanmaya bırakın. Mayalanan hamuru 6 eşit parçaya bölün ve bezeler yapın. Her bir bezeyi açın ve ortasına patatesli harçtan koyun. Hamurun kenar kısımlarını patatesli harcın üzerine kapatın. Hamuru elinizde yuvarlayıp, merdane yardımı ile açın. Tavada arkalı önlü pişirin."
Zerde Tatlısı,tatlı,pirinç toz şeker su nişasta çam fıstığı kuş üzümü zerdeçal,"Pirinçleri derin bir tencereye koyun. Üzerlerine 3 su bardağı su ve 1 buçuk çay bardağı şeker ekleyin. Orta ateş üzerinde ara sıra karıştırarak, pirinçler şişene kadar pişirin. 1 yemek kaşığı nişastayı 2 yemek kaşığı su ile eritin. Pirinçler şişmeye başlayınca içine yarım yemek kaşığı kuş üzümü koyun. Ardından yarım yemek kaşığı çam fıstığı ekleyin. Daha sonra yarım çay kaşığı zerdeçalı koyup, karıştırın. Son olarak erittiğiniz nişastayı da ekleyip, tekrar karıştırın. Hazırladığınız zerde tatlısı hafif koyulaşıp, boza kıvamı alana kadar ara sıra karıştırarak, yaklaşık 15-20 dk pişirin."
Arpacık Soğanlı Et Yahnisi,ana yemek,kuşbaşı doğranmış dana veya kuzu eti arpacic soğan domates salçası tere yağı zeytinyağı sirke tuz karabiber,"Derin ve hafifçe geniş bir tencere içine 1 yemek kaşığı tereyağı ve 2-3 yemek kaşığı zeytinyağı koyup, ısıtın. Isınan yağın üzerine kuşbaşı doğranmış etleri ekleyin. Suyunu salıp, hafifçe çekene kadar kavurun. Ardından etlerin üzerini geçecek kadar su döküp, yumuşayana kadar pişirin. Etiniz piştikten sonra üzerine 1 yemek kaşığı domates salçası ekleyip, salçanın kokusu çıkana kadar kavurun. Daha sonra etlerin üzerini geçecek kadar sıcak su dökün. Arpacık soğanlı et yahnisinin ana malzemesi olan arpacık soğanları da ekleyin. Damak tadınıza göre tuz ve karabiber koyun. 1-2 kere karıştırıp, kaynamaya bırakın. Kaynadıktan sonra kısık ateş üzerinde arpacık soğanlar yumuşayana kadar pişirin. Arpacık soğanların dağılmaması için yemeğinizi pişme süresi boyunca sıkça karıştırmayın."
Boşnak Tatlısı,tatlı,yumurta toz şeker sıvı yağ yoğurt vanilya kabartma tozu karbonat un su toz şeker fındık,"2 adet yumurta, 2 türk kahve fincanı toz şeker, 2 yemek kaşığı yoğurt ve yarım çay kaşığı karbonat ile karıştırın. 2 türk kahve fincanı sıvı yağ ekleyip, 2 dakika daha çırpın. 1 paket vanilya, 1 paket kabartma tozu ve 4 su bardağı unu azar azar ekleyip, yoğurun. Yağlanmış fırın kabına aralıklı olacak şekilde dizin. Önceden ısıtılmış 180 derece fırında 30-35 dakika pişirin. Tatlının üzerine soğuk şerbeti dökün."
Ekşili Köfte,ana yemek,kıyma havuç soğan yumurta pirinç galeta unu su nane karabiber tuz un terbiye yumurta sarısı limon suyu,"Derin bir kap içine 250 gr kıyma koyun. Üzerine 1 adet yumurta kırın. 1 adet rendelenmiş soğan, 2 yemek kaşığı pirinç, 2 yemek kaşığı galeta unu, tuz, 1 tatlı kaşığı nane, karabiber ve isteğe bağlı olarak 1 tutam ince ince doğranmış maydanoz ekleyin. Tüm köfte harcını eliniz ile iyice yoğurun. Diğer tarafta geniş bir tepsi içine 2-3 yemek kaşığı kadar un serpin. Kıymalı harçtan küçük parçalar alıp, elinizde yuvarlayın. Yuvarladığınız köfteleri tepsi içine koyup, una bulayın. Daha sonra 1 adet büyük boy havucun kabuğunu soyup, çok küçük olmayacak şekilde kesin. Derin bir tencere içine kestiğiniz havuçları koyun. Üzerlerine 2 yemek kaşığı sıvı yağ ekleyip, 2 dakika kadar kavurun. Ardından tencere içine 1 litreden biraz az sıcak su dökün. Biraz tuz ekleyip, kaynamaya bırakın. Kaynayan su içine yuvarladığınız köfteleri tek tek atın. 1-2 kere hafifçe karıştırın. Köftelerin içindeki pirinçler şişene kadar pişirin. Terbiyesi için; küçük bir kase içine 1 adet yumurta sarısı ve yarım limon suyu koyup, iyice çırpın. Kaynayan köfte suyundan bir kepçe alıp, terbiyeli karışımının içine koyun. Hızlı bir şekilde karıştırarak, ılımasını sağlayın. Köftelerin içindeki pirinçler şiştikten sonra ekşili köftenin terbiyesini ekleyip, hızlıca karıştırın. Ekşili köfteyi bu şekilde bir süre daha kaynamaya bırakın. Ardından ocak üzerinden alıp, 5 dakika kadar dinlenmeye bırakın. Hazırladığınız ekşili köfteyi sıcak olarak servis edebilirsiniz."
Fava,ana yemek,kuru iç bakla kuru soğan zeytinyağı toz şeker tuz zeytinyağı,"Baklaları 1 gece suda bekletin. Baklaları süzüp, düdüklü tencereye koyun. Üzerine sıcak su döküp, 15 dakika kaynatın. Köpüklü suyu dökün. Baklaları tekrar düdüklü tencereye koyup, sıcak su ekleyin. Soğanı, toz şekeri ve tuzu baklaların üzerine ekleyip, karıştırın. Düdüklü tencerenin kapağını kapatıp, baklalar iyice yumuşayana kadar yaklaşık 20-25 dakika pişirin. Baklalar piştikten sonra ocaktan alıp, kenarda biraz ılımaya bırakın. Ardından pürüzsüz bir kıvam alana kadar blenderdan geçirin. Üzerine zeytinyağı döküp, güzelce karıştırın. Fava koyu bir kıvamda olacaktır. Hazırladığınız favayı soğumasını beklemeden küçük silikon kalıplarına dökün. Oda ısısında soğuduktan sonra buzdolabında en az 3-4 saat kadar soğumaya bırakın. Daha sonra kalıptan yavaşça çıkartıp, üzerini zeytinyağı, kekik ya da dereotu ile süsleyerek, servis edebilirsiniz."
Geleli Kebabı,ana yemek,kuşbaşı doğranmış et patlıcan yeşil biber domates soğan sarımsak domates salçası zeytinyağı su tuz karabiber,"Etleri bir tencereye koyun, üzerini geçecek kadar su döküp, yumuşayana kadar pişirin. Patlıcanları yıkayıp, kurulayın, fırın tepsisine dizin, 200 derece fırında közleyin. Etler piştikten sonra üzerine zeytinyağı döküp, biraz kavurun. Kavrulan etlerin üzerine soğan, biber ekleyip, 5 dakika kavurun. Domates salçası koyup, 2-3 kere karıştırın. Domatesleri ekleyip, 3 dakika daha pişirin. Su, tuz, karabiber ekleyip, karıştırın, kaynamaya bırakın. Patlıcanların kabuklarını soyup, küp küp doğrayın. Patlıcanları, sarımsak, tuz ile bir tencereye koyup, 1 dakika kavurun. Patlıcanları bir fırın kabına koyup, etli harcı dökün, karıştırın. 190 derece fırında 30 dakika pişirin."
Haşhaşlı Rulo Çörek,tatlı,ılık süt sıvıyağ toz şeker tuz instant kuru maya un haşhaş ezmesi toz şeker sıvıyağ yumurta sarısı,"Derin bir kaba 2 su bardağı ılık süt, 1 paket instant kuru maya ve 3 yemek kaşığı toz şeker koyun. Eliniz ile karıştırın. Daha sonra kaba 1 su bardağı sıvı yağ, 1 tatlı kaşığı tuz ve 5 buçuk su bardağı unu azar azar ekleyin. Ele yapışmayan oldukça yumuşak bir hamur elde edene kadar yoğurun. Hazırladığınız hamurun üzerini örtüp, 1 saat kadar mayalanmaya bırakın. Diğer tarafta derin bir kase içine 6 yemek kaşığı haşhaş ezmesi koyun. Üzerine 1-2 yemek kaşığı toz şeker ve 1 çay bardağı sıvı yağı azar azar koyup, karıştırın. Haşhaş ezmesi sürülebilen bir kıvamda olacaktır. Bu yüzden sıvı yağı kontrollü bir şekilde ekleyin. Daha sonra mayalanan hamuru iki eşit parçaya bölün. Birinci hamuru hafifçe unlanmış tezgah üzerinde çok kalın olmayacak şekilde açın. Açtığınız hamurun üzerine haşhaşlı karışımın yarısını her tarafına gelecek şekilde sürün. Hamuru rulo şeklinde sarın. Hamuru kapatma kısmı alta gelecek. Haşhaşlı rulo çöreği yaklaşık 3 parmak kalınlığında dilimleyin. Diğer ikinci hamur içinde aynı işlemi uygulayın. Dilimlediğiniz haşhaşlı rulo çörekleri yağlanmış ya da yağlı kağıt serili fırın tepsisi içine aralarında 1-2 cm boşluk kalacak şekilde dizip, tepside 20 dakika kadar mayalanmaya bırakın. Ardından haşhaşlı rulo çöreklerin üzerlerine yumurta sarısı sürün. Önceden ısıtılmış 170 derece fırına verip, üzeri kızarana kadar yaklaşık 25 dakika pişirin."
İç Baklalı Enginar Yemeği,ana yemek,iç bakla çanak enginar soğan havuç zeytinyağı limon suyu sıcak su toz şeker tuz dereotu taze soğan,"İç baklaları yıkayın. Tencereye zeytinyağı döküp, ısıtın. Soğanı ekleyin ve 2 dakika karıştırarak kavurun. Havucu ekleyin ve 1-2 dakika kavurun. İç baklaları ekleyin ve 1 dakika kavurun. Enginarları ekleyin ve 1 dakika kavurun. Limon suyunu sıkın. Sıcak su, toz şeker ve tuz ekleyin. Kaynamaya bırakın. Kapağını kapatıp, kısık ateş üzerinde 30 dakika pişirin. 10 dakika dinlenmeye bırakın. Dereotu ve taze soğan ekleyin."
İtalyan Salatası,salata,hazır garnitür kornişon turşu kaşar peynir ince salam süzme yoğurt dolu mayonez tuz,"Hazır garnitürün suyunu süzüp, tel süzgecin içine koyun. İyice süzülmesini sağlayın. Hafif derince bir kap içine suyu süzülmüş garnitürü koyun. 4-5 adet orta boy kornişon turşuyu minik küpler halinde doğrayın. 3 dilim kaşar peynir ve 4 dilim ince salamı orta büyüklükte jülyen şeklinde kesin. Garnitürün üzerine doğranmış kornişon turşu, jülyen halinde kestiğiniz salam ve kaşar peyniri koyun. Kaba 2 yemek kaşığı süzme yoğurt, 4 yemek kaşığı dolusu mayonez ve damak tadınıza göre tuz ekleyin. Kaşık yardımı ile hafifçe karıştırın. Hazırladığınız italyan salatasını servis tabağına alıp, servis edebilirsiniz."
Kaçamak,kahvaltı,mısır unu su tuz tere yağı kırmızı toz biber,"Tencereye 6 su bardağı su dökün, kaynamaya bırakın. Kaynayan suyun içine 1 yemek kaşığı tuz ekleyin, karıştırın. Tencereye 2 su bardağı mısır ununu yavaş yavaş ekleyin, kısık ateş üzerinde tahta kaşık yardımı ile karıştırın. İyice katılaşıp, lapa kıvamına gelene kadar pişirin. Küçük bir tava içine 100 gr tereyağı koyun, eritin. Eriyen yağın içine 1 yemek kaşığı kadar kırmızı toz biber ekleyin, iyice kızdırın. Pişen kaçamak yemeğini geniş bir servis tabağına koyun, kaşık yardımı ile yayın. Üzerine kızdırdığınız toz biberli yağı gezdirerek, dökün."
Karalahana Çorbası,çorba,karalahana kuru soğan sarımsak domates salçası mısır unu haşlanmış barbunya haşlanmış mısır tere yağı sıvı yağ sıcak su ya da et suyu tuz karabiber kırmızı pul biber,"Karalahanayı yıkayın ve 15 dakika kaynar su içinde haşlayın. Suyunu süzün ve soğumaya bırakın. Soğuyan karalahanaları bıçak yardımı ile ince ve küçük bir şekilde doğrayın. Derin bir tencere içine 1 yemek kaşığı tereyağı ve 2 yemek kaşığı sıvı yağ koyun. Üzerine 1 adet ince ince doğranmış soğan ve 2 diş ince ince doğranmış sarımsak ekleyip, 2 dakika kadar kavurun. Kavurduğunuz soğanın üzerine 2 yemek kaşığı mısır unu koyup, kokusu çıkana kadar kavurun. Daha sonra tencereye 1 yemek kaşığı domates salçası, karabiber ve kırmızı pul biber ekleyin. Salçanın kokusu çıkana kadar 1 dakika kavurun. Kavrulan salçanın üzerine 6 su bardağı sıcak su ya da et suyu döküp, karıştırın. Ardından kaynamaya bırakın. Kaynayan suyun içine doğranmış karalahanaları ekleyin. Ardından 1 su bardağı haşlanmış barbunyayı koyun. Son olarak 1 çay bardağı haşlanmış mısır ve damak tadınıza göre tuz ekleyin. Çorbayı 2-3 kere karıştırın. Karalahana çorbasını ara ara karıştırarak, yaklaşık 30 dakika kısık ateş üzerinde pişirin."
Köfteli Düğün Çorbası,çorba,kıyma soğan un yoğurt yumurta sarısı tuz tereayağı kırmızı pul biber kuru nane sıcak su,"Kıymayı yoğurun. Köfteleri yuvarlayın. Suyu kaynatın. Köfteleri suya ekleyin. Terbiyeyi hazırlayın. Terbiyeyi çorbaya ekleyin. Tuz ekleyin. Üzerini tereyağı, nane ve pul biber ile süsleyin."
Kolaç,çorba,ılık su instant kuru maya tuz toz şeker un sıvı yağ,"Derin bir kaba instant kuru maya ve toz şeker koyun. Maya ve şekerin üzerine 2 su bardağı ılık su döküp, iyice karıştırın. Malzemelerin üzerine 5 su bardağı kadar unu azar azar ekleyin. Ele hafifçe yapışan yumuşak bir hamur elde edene kadar iyice yoğurun. Hazırladığınız kolaç hamurunun üzerini kapatıp, ılık bir ortamda 40-45 dakika mayalanmaya bırakın. Mayalanan hamurun havasını alın. Elinizi ve tezgah üzerini de hafifçe yağlayın. Hamurdan küçük parçalar alıp, düzgün bezeler yapın. Bezeleri yağladığınız tezgah üzerine dizin ve hamurları bu şekilde 15 dakika dinlenmeye bırakın. Dinlenen hamurların üzerine eliniz ile çok hafif bastırıp, genişletin. Ardından hamurların ortasına parmağınız ile küçük bir delik açın. Şekil verdiğiniz kolaç hamurlarını kızgın yağ içine koyun. Hamurların puf puf kabarmaları için kızartma esnasında bir kaşık yardımı ile sürekli hamurların üzerine kızgın yağdan dökün. Son olarak kızarttığınız kolaç hamurlarını havlu kağıt serili servis tabağı üzerine alıp, fazla yağının süzülmesini sağlayın."
Madımak Yemeği,ana yemek,madımak soğan sarımsak zeytinyağı bulgur domates salçası su tuz,"Madımakları temizleyip, bolca su içinde yıkayın. İyice süzüp, bıçak yardımı ile ince ince kıyın. Geniş bir tencere içine zeytinyağı dökün. Üzerine soğan ve sarımsak ekleyip, 2-3 dakika kadar kavurun. Kavrulmuş soğanın üzerine domates salçası koyun. Salçanın kokusu çıkana kadar kavurun. Tencereye doğradığınız madımak otunu koyun. Madımakları rengi değişene kadar 6-7 dakika kavurun. Tencereye yarım çay bardağı yıkanmış bulguru ve damak tadınıza göre tuz ekleyin. Son olarak madımak yemeğinin üzerine 5 su bardağı kadar kaynar su döküp, karıştırın. Tencerenin kapağını kapatıp, bulgurlar yumuşayana kadar kısık ateş üzerinde pişirin."
Mayasız Tava Ekmeği,kahvaltı,yumurta su nişasta mısır unu kabartma tozu tuz un un,"Orta boy bir kap içine 1 adet yumurta kırın. Tel çırpıcı ile iyice çırpın. Üzerine 1 su bardağı su döküp, tekrar çırpın. Daha sonra 2 yemek kaşığı nişasta, 2 yemek kaşığı mısır unu ve yarım çay kaşığı tuz ekleyin. Ardından karışıma 1 su bardağı un ekleyin. Biraz çırpın. Son olarak 2 yemek kaşığı un daha ilave edin. Pürüzsüz bir kıvam alana kadar iyice karıştırın. Orta boy bir teflon tavanın tabanını az miktar yağlayın. Ardından mayasız ekmek hamurunu tavanın içine dökün. Tavanın kapağını kapatın. Kısık ateş üzerinde tava ekmeğinin ön yüzünü kızara kadar pişirin. Ardından ekmeği alt üst edip, diğer yüzünü de kızarana kadar pişirin."
Mısır Unlu Taze Fasulye Kızartması,ana yemek,taze fasulye yumurta tuz karabiber kırmızı pul biber sıvı yağ mısır unu,"1 kilo taze fasulyeyi ayıklayıp, yıkayın. Taze fasulyeleriniz büyük ise ortadan ikiye kesin. Ayıkladığınız fasulyeleri kaynar su içine koyun. Ara ara karıştırıp, yaklaşık 15-20 dakika kadar haşlayın. Fasulyeleri çok ezilecek kadar haşlamayın. Haşladığınız fasulyelerin suyunu süzüp, bolca soğuk sudan geçirin. Ardından fasulyeleri havlu kağıt ile kurulayın. Diğer tarafta bir kase içine 2 adet yumurta kırın. Yumurtaların üzerine damak tadınıza göre tuz, karabiber ve kırmızı pul biber ekleyip, iyice çırpın. Daha sonra fasulyeleri geniş bir kap içine alın. Üzerine çırptığınız yumurtayı dökün. Eliniz ile iyice karıştırıp, yumurtaların fasulyelere bulaşmasını sağlayın. Yumurtalı fasulyeleri tek tek arkalı önlü mısır ununa bulayın. Fasulyeleri mısır ununa buladıktan sonra rahatlık açısından geniş bir tabak üzerine dizin. Geniş bir tava içine tavanın tabanını kapatacak kadar sıvı yağ döküp, kızdırın. Mısır unlu taze fasulyeleri kızgın yağ içine tek tek koyun. Fasulyeleri arkalı önlü kızarana kadar pişirin. Kızarttığınız fasulyeleri havlu kağıt serili tabağa alıp, fazla yağının süzülmesini sağlayın. Daha sonra mısır unlu taze fasulye kızartmasını yoğurt eşliğinde servis edebilirsiniz."
Müceddere Pilavı,ana yemek,pilavlık bulgur yeşil mercimek soğan domates salçası zeytinyağı tere yağı sıcak su tuz karabiber kırmızı pul biber,"Mercimeği haşlayın. Soğanları doğrayın ve zeytinyağında kavurun. Salçayı ekleyin ve kavurun. Sıcak su, tuz, karabiber ve kırmızı pul biber ekleyin. Bulguru ekleyin ve 5 dakika pişirin. Mercimeği ekleyin ve pilav suyunu tamamen çekene kadar pişirin. 10-15 dakika demlenmeye bırakın."
Pekmezli Kaçamak,ana yemek,mısır unu su tuz pekmez,"Tencereye 6 su bardağı su dökün. Kaynamaya bırakın. 1 yemek kaşığı tuz ekleyin. 2 su bardağı mısır ununu azar azar ekleyin. Kısık ateş üzerinde tahta kaşık yardımı ile karıştırın. İyice katılaşıp, lapa kıvamına gelene kadar pişirin. Kaçamak piştikten sonra ocak üzerinden alın. Kaşık yardımı ile şekil verip, servis tabağı içine dizin. Üzerlerine pekmez dökün."
Şam Tatlısı (Şambali),tatlı,irmik yoğurt toz şeker un karbonat vanilya tuzsuz fıstık şerbet,Derin bir kaba 1 su bardağı yoğurt ve 1 su bardağı toz şeker koyun. Ardından 1 su bardağı un ekleyin. Daha sonra kaba 1 çay kaşığı karbonat ve yarım paket vanilya ekleyin. Son olarak kaba 2 su bardağı irmik koyun. Tüm malzemeyi kaşık yardımı ile iyice karıştırın. Yağlanmış orta boy dikdörtgen bir fırın kabın içini yağlayın. Hazırladığınız şam tatlısı hamurunu kabın içine koyun. Hamuru eliniz ile eşit olarak yayın. Ardından tatlının üzerinin güzel bir şekilde kızarması için eliniz ile üzerine az miktar yoğurt sürün. Daha sonra fıstıkları yerleştirin. Fıstıkları hamurun üzerine hafifçe bastırın. Hazırladığınız şam tatlısını önceden ısıtılmış 170-180 derece fırına verin. Üzeri kızarana kadar pişirin. İlk sıcaklığı çıktıktan sonra ılık şerbetin yarısını kepçe ile üzerine dökün. Daha sonra bıçak ile dilimlere ayırın. Son olarak kalan şerbeti tatlının üzerine dökün.
Su Muhallebisi,tatlı,su süt toz şeker mısır nişastası,"Su muhallebisi için; orta boy derin bir tencere içine 2 su bardağı süt ve 2 su bardağı su dökün. Daha sonra tencereye 1 su bardağından 1 parmak az toz şeker ekleyin. Ardından yarım su bardağı mısır nişastası koyun. Tüm malzemeleri iyice karıştırın. Tencereyi ocak üzerine alın. Kaynama noktasına gelene kadar, sürekli karıştırarak pişirin. Kaynamaya başladıktan sonra 1-2 dakika kadar pişirip ocaktan alın. Muhallebi soğuduktan sonra kaselerden kolay çıkabilmesi için kullanacağınız kaselerin içini hafifçe su ile çalkalayıp, güzelce süzdürün. Kaselerin suyu süzüldükten sonra hazırladığınız su muhallebisini kaselere eşit olarak paylaştırın. Ardından oda ısısında soğumaya bırakın. Daha sonra buzdolabında en az 2 saat kadar dinlenmeye bırakın. Dinlenen su muhallebisini buzdolabından çıkartıp, kenar kısımlarından hava aldırın. Muhallebiyi bir servis tabağı üzerine ters çevirip, yavaşça çıkartın. Üzerini süsleyerek, servis edebilirsiniz."
Waffle,kahvaltı,yumurta süt toz şeker sıvı yağ vanilya kabartma tozu un çilek muz kivi krem çikolata fındık fıstık,"Derin bir kap içine 1 adet yumurta kırın. Yumurtaya yarım çay bardağı toz şeker ekleyin. Şeker ve yumurtayı mikser yardımı ile iyice çırpın. Kaba 1 su bardağı süt ve yarım çay bardağı sıvı yağ ekleyin. 1 paket vanilya, 1 çay kaşığı kabartma tozu ve 1 buçuk su bardağı unu azar azar ilave edin. Tüm waffle harcını mikser yardımı ile akıcı yoğun bir kıvam elde edene kadar karıştırın. Tost makinesini en yüksek sıcaklık ayarına getirip, iyice ısıtın. Isındıktan sonra, tost makinesinin yüzeyini az miktar sıvı yağ ile yağlayın. Waffle hamurundan yarım kepçe kadar alıp, tost makinesinin orta kısmına yavaşca yaydırarak dökün. Tost makinesinin kapağını kapatın. Bu şekilde 1 dakika kadar bekledikten sonra kapağını açıp, pişip pişmediğini kontrol edin. Waffle hamuru piştikten sonra, spatula yardımı ile ters çevirin. Waffle şeklini verebilmek için bu kez uzunlamasına koyun. Tost makinesinin kapağını tekrar kapatıp, kısa bir süre daha pişirin. Klasik waffle şekli olan kare kare izlerinin çıkmasını sağlayın. Bu aşamada hamuru fazla pişirmemeye özen gösterin. Eğer hamuru çok fazla pişirirseniz, hamur sert ve kıtır kıtır olur. Katlama esnasında kırılır ve parçalanır. Waffle piştikten sonra tost makinesindan alıp, henüz sıcak iken üzerine krem çikolata sürün. Ardından kivi, muz ve çilek dilimleri yerleştirin. Meyvelerin üzerine dövülmüş fındık ve fıstık serpiştirin. Wafflelı yavaşça ikiye katlayın. Her bir waffle için aynı işlemi tekrarlayın."
Yaprak Kabak Tatlısı,tatlı,bal kabağı toz şeker ceviz fıstık tahin,"Bal kabağını ince ince dilimleyin. Dilimleri tencereye bir sıra dizin, üzerine toz şeker serpiştirin. Kabaklar suyunu salması için 10-15 dakika bekletin. Orta kısık ateş üzerinde kabaklar iyice yumuşayıp, şerbeti hafifçe çekene kadar pişirin. Tatlısı piştikten sonra oda ısısında soğumaya bırakın. Üzerine dövülmüş ceviz, fındık ya da fıstık serperek servis edebilirsiniz."
Börülce Tarator,ana yemek,taze börülce limon suyu zeytinyağı sarımsak tuz,"Börülceyi ayıklayıp, yıkayın ve 3-4 parçaya bölün. Tencereye su koyup, kaynamaya bırakın. Kaynayan suyun içine tuz ve taze börülceleri ekleyin. Börülceleri yumuşayana kadar haşlayın. Haşlanan börülcelerin suyunu süzüp, soğumaya bırakın. Sarımsağı havanda iyice ezin. Sarımsağa zeytinyağı, limon suyu ve tuz ekleyip, karıştırın. Soğumuş börülceleri servis tabağına koyun. Üzerine sarımsaklı limonlu sosu döküp, karıştırın. En az 40-45 dakika dinlenmeye bırakın."
Erik Pestili,tatlı,kırmızı erik toz şeker nişasta su,"2 kilo kırmızı eriği iyice yıkayıp, suyunu süzün. Eriklerin büyüklüklerine göre 3-4 parçaya bölüp, çekirdek kısımlarını çıkartın. Dilimlediğiniz erikleri derin bir tencere içine koyun. Eriklerin üzerine yarım su bardağı toz şeker serpiştirin. Eriklerin üzerine 1 su bardağı su dökün. Tencereyi ocak üzerine alıp, kapağını kapatın. Erikleri orta kısık ateş üzerinde kaynamaya bırakın. Kaynadıktan sonra erikleri güzelce karıştırıp, ocağın altını kısın. Erikler iyice yumuşayıp, suyunu bırakana kadar pişirmeye devam edin. Diğer tarafta derin bir kap üzerine delikli bir süzgeç yerleştirin. Erikleri suyu ile birlikte süzgeç içine dökün. Büyük bir servis kaşığın arka tarafı ile eriklerin üzerine bastırarak, süzgeçten geçirin. Eriklerin posası kalıncaya kadar bu işleme devam edin. Süzgeçten geçirdiğiniz erik püresini tencere içine koyun. Diğer tarafta bir kase içine 3 yemek kaşığı nişasta koyun. Nişastanın üzerine 4 yemek kaşığı su döküp, iyice karıştırarak açılmasını sağlayın. Tencere içine koyduğunuz erik püresini ocak üzerine alın. Hazırladığınız nişastayı erik püresinin üzerine döküp, bir yandan da hızlı bir şekilde karıştırın. Erikli pestili kaynayana kadar sürekli karıştırarak, pişirin. Diğer tarafta 5 adet tepsi içine yağlı kağıt serin. Tepsilere serdiğiniz yağlı kağıtların üzerine hazırladığınız sıcak pestil harcını bir kepçe yardımı ile kontrollü şekilde azar azar dökün. Ardından bir spatula ya da kaşık yardımı ile her bir tarafı eşit kalınlıkta olacak şekilde yaydırın. Erik pestilini ne kadar ince yayarsanız o kadar kolay ve hızlı kurur fakat çok ince yayarsanız kuruduktan sonra çıkartırken yırtılmalar yaşanabileceği için zorlanırsınız. Hazırladığınız erik pestillerini güneş gören bir yerde kurumaya bırakın. Güneş gören bir yeriniz yoksa gölgede de kurutabilirsiniz. Bulunduğunuz ortamın sıcaklığı, nemi ve güneş görüp görmemesi ve tepsiye yaydığınız pestilin kalınlığına göre 2 gün ile 7 gün arasında pestiller tam olarak kurumuş olacaktır. Pestilin kuruyup kurumadığını anlamak için ara ara eliniz ile üzerine dokunup, kıvamının hala yapışkan olup olmadığını kontrol edebilirsiniz. Eğer az da olsa hala yapışkanlık varsa, kurutmaya devam etmelisiniz. Arzu ederseniz pestilleri fırında da kurutabilirsiniz. Bunun için fırını alt üst ayarlı ve fanlı olacak şekilde 70 derecede çalıştırın. Ortalama her bir tepsi 2-3 saat aralığında kuruyacaktır. Pestiller iyice kuruduktan sonra yağlı kağıt ile birlikte tezgah üzerine alın. Daha kolay kesip pestili çıkartabilmek için öncelikle yağlı kağıdı ortadan ikiye katlayın. Yağlı kağıdı 3-4 parmak kalınlığında şeritler halinde makas ile kesin. Kestiğiniz şeritleri açın ve pestilleri yağlı kağıttan yavaşça ayırın. Yağlı kağıdtan ayırdığınız pestilleri rulo ya da muska şeklinde sarın. İsteğe göre pestilleri sarma esnasında üzerlerine ince kıyılmış ceviz ya da fıstık serpiştirip, sarabilirsiniz. Hazırladığınız erik pestilini güneş görmeyen, serin ve kuru yerde saklayabilirsiniz. Özellikle pestili nemden korumalısınız. Çünkü nem pestilin küflenmesine, kokmasına ve bozulmasına yol açabilir."
Karadeniz Usulü Fasulye Diblesi,ana yemek,taze fasulye pirinç zeytinyağı soğan domates sıcak su tuz,"Fasulyeleri 1 cm kalınlığında küçük küçük doğrayın. Geniş bir tencereye 6-7 yemek kaşığı zeytinyağı dökün. Üzerine 1 adet orta boy ince ince doğranmış soğan ekleyip, 2-3 dakika kadar kavurun. Kavurduğunuz soğanın üzerine 2 adet orta boy minik küpler halinde doğranmış domatesi ve fasulyeleri koyup, güzelce karıştırın. Ardından tencerenin kapağını kapatıp, kısık ateş üzerinde fasulyelerin rengi değişene kadar ara ara karıştırarak kavurun. Daha sonra fasulyelerin üzerine önceden yıkayıp, süzdüğünüz yarım su bardağı pirinci ekleyin. Damak tadınıza göre tuz ve 1 su bardağı sıcak su koyun. Tencerenin dip kısmına inmeden üst tarafından doğru hafifçe karıştırın. Ardından tencerenin kapağını kapatıp, kısık ateş üzerinde fasulye ve pirinçler yumuşayıp, suyunu çekene kadar pişirin. Pirinçlerin su çekme oranı değişebilir. Bu yüzden siz pişerken ara ara mutlaka kontrol edin. Suyu az gelirse biraz daha sıcak su ekleyebilirsiniz. Taze fasulye diblesi piştikten sonra güzelce karıştırıp, 15 dakika kadar demlenmeye bırakın. Daha sonra ılık olarak servis edebilirsiniz."
Lavaştan Kayseri Yağlaması,ana yemek,lavaş kıyma soğan sivri biber domates domates salçası biber salçası zeytinyağı sıcak su tuz karabiber kırmızı pul biber,"Kıymayı suyunu salıp, hafifçe çekene kadar sürekli karıştırarak pişirin. Kıymanın üzerine soğan ve biber ekleyin. Soğan ve biberler hafifçe yumuşayana kadar ara ara karıştırarak, pişirmeye devam edin. Kıymalı harcın üzerine domates salçası ve biber salçası ekleyin. Tüm malzemeyi 2 dakika kadar daha kavurun. Kıymalı harcın içine domates ilave edin. Kıymalı harcı ara ara karıştırıp, domatesler iyice yumuşayana kadar pişirin. Kıymalı harcın üzerine sıcak su döküp, 2-3 dakika daha pişirmeye devam edin. Lavaşları ısıtın ve kıymalı harçla katlayarak servis edin."
Pincur Soslu Pizza,ana yemek,etli kırmızı kapya biber domates sarımsak zeytinyağı toz şeker tuz sirke maydanoz instant kuru maya toz şeker tuz zeytinyağı ılık su un,"Pincur sos için biber ve domatesleri fırında közleyin. Közlenen biber ve domatesleri soyup, doğrayın. Sarımsakları kavurun. Domatesleri ve biberleri tencereye koyup, pişirin. Sosun üzerine zeytinyağı, sirke ve şeker ekleyip, karıştırın. Pizza hamuru için un, maya, şeker ve tuz karıştırın. Hamura zeytinyağı ve ılık su ekleyip, yoğurun. Hamuru mayalayın. Hamuru bezelere bölüp, açın. Pizza hamurunun üzerine sosunu sürüp, malzemeleri yerleştirin. Fırında pişirin."
Siyez Bulgur Pilavı,ana yemek,siyez bulgur soğan tere yağı zeytinyağı domates salçası sıcak su kırmızı pul biber kimyon tuz,"Bulguru bol ılık su ile yıkayıp, süzmeye bırakın. Orta boy derin bir tencere içine 1 yemek kaşığı tereyağı ve 1 yemek kaşığı zeytinyağı koyup, ısıtın. Yağın üzerine 1 adet orta boy ince ince doğranmış soğan koyup, 2-3 dakika kavurun. Kavrulmuş soğanın üzerine 1 tatlı kaşığı domates salçası ekleyin. Salçanın kokusu çıkana kadar kavurun. Tencereye siyez bulguru, damak tadınıza göre tuz, yarım çay kaşığı kırmızı pul biber ve az miktar kimyon koyun. 1 dakika daha beraber kavurmaya devam edin. Son olarak siyez bulgurun üzerine 2 su bardağı sıcak su döküp, karıştırın. Tencerenin kapağını kapatıp, kaynamaya bırakın. Kaynadıktan sonra ocağın altını kısın. Pilav suyunu çekene kadar pişirin. Siyez bulguru pilavı piştikten sonra tencerenin kapağını açın. Üzerine havlu kağıt serip, kapağını kapatın. 15 dakika kadar demlenmeye bırakın. Daha sonra sıcak olarak servis edebilirsiniz."
Topalak Yemeği,ana yemek,nohut domates salçası soğan zeytinyağı sıcak su tuz dana kıyma köftelik bulgur un kimyon karabiber maydanoz,Köfte harcını hazırlayın. Köfteleri şekillendirin. Soğanı kavurun. Domates salçası ekleyin. Sıcak su ve nohut ekleyin. Köfteleri ekleyin. Tuz ekleyin. Pişirin.
Andaloz Çorbası,çorba,tere yağı un domates salçası pirinç su maydanoz tuz,"Küçük bir tencere içine 1 buçuk yemek kaşığı pirinç koyun. Üzerini geçecek kadar su döküp, yumuşayana kadar haşlayın. Orta boy derin bir tencere içine 1 yemek kaşığı tereyağı koyup, eritin. Eriyen yağın üzerine 1 buçuk yemek kaşığı un ekleyin. Unun kokusu çıkana kadar kavurun. Kavrulan unun üzerine 1 buçuk tatlı kaşığı domates salçası koyun. Salçayı 1 dakika daha kavurun. Salçalı karışımın üzerine 3 buçuk su bardağı suyu azar azar döküp, hızlı bir şekilde karıştırın. Ardından kaynamaya bırakın. Kaynayan çorba suyunun içine haşlanmış pirinci ve damak tadınıza göre tuz ekleyip, karıştırın. Çorbayı 1-2 taşım daha kaynatıp, ocağın altını kapatın. Son olarak çorbanın üzerine 1 tutam ince ince doğranmış maydanoz ekleyip, karıştırın."
Erişteli Bulgur Pilavı,ana yemek,pilavlık bulgur eriste sıvı yağ tereyağı tavuk ya da et suyu sıcak su tuz,"Orta boy bir tencere içine 2 yemek kaşığı kadar zeytinyağı koyun. Yağın üzerine 1 çay bardağı erişte ekleyin. Erişteyi orta ateş üzerinde hafifçe renk değiştirene kadar 2-3 dakika kavurun. Kavurduğunuz eriştenin üzerine 1 su bardağı pilavlık bulgur ve 1 yemek kaşığı kadar tereyağı koyun. Bulguru da erişte ile beraber 1 dakika kavurun. Daha sonra erişteli bulgur pilavının üzerine 1 su bardağı tavuk ya da et suyu ve 1 su bardağı kadar sıcak su dökün. Damak tadınıza göre tuz ekleyip, karıştırın. Tencerenin kapağını kapatıp, kaynamaya bırakın. Kaynadıktan sonra ocağın altını kısıp, erişteli bulgur pilavını suyunu çekene kadar pişirin. Erişteli bulgur pilavı piştikten sonra ocaktan alıp, 5 dakika demlenmeye bırakın. Daha sonra 2-3 kere karıştırıp, sıcak olarak servis edebilirsiniz."
Haşhaşlı Cevizli Burma Çörek,kahvaltı,ılık süt sıvıyağ toz şeker tuz instant kuru maya un haşhaş ezmesi toz şeker sıvıyağ ince çekilmiş ceviz yumurta sarısı,"Haşhaşlı cevizli burma çörek yapımı için; derin bir kap içine 2 su bardağı ılık süt, 1 paket instant kuru maya ve 3 yemek kaşığı toz şeker koyun. Eliniz ile iyice karıştırın. Daha sonra kaba 1 su bardağı sıvı yağ, 1 tatlı kaşığı tuz ve 5 buçuk su bardağı unu azar azar ekleyin. Ele yapışmayan oldukça yumuşak bir hamur elde edene kadar yoğurun. Hazırladığınız hamurun üzerini örtüp, 1 saat kadar mayalanmaya bırakın. Diğer tarafta derin bir kase içine 6 yemek kaşığı haşhaş ezmesi koyun. Üzerine 1 tatlı kaşığı toz şeker ve 1 çay bardağı sıvı yağı azar azar koyup, karıştırın. Haşhaşlı karışım sürülebilen bir kıvamda olacaktır. Bu yüzden sıvı yağı kontrollü bir şekilde ekleyin. Ardından mayalanan hamuru hafifçe unlanmış tezgah üzerine alıp, 2-3 kere yoğurun. Hamuru iki ayrı 5 eşit bezeye ayırıp, elinizde yuvarlayın. Toplamda 10 tane beze olacaktır. İlk beş bezeyi tezgah üzerinde elinizi hafifçe yağlayarak, pasta tabağı büyüklüğünde açın. Birinci açtığınız bezenin üzerine haşhaş ezmesi sürüp, ince çekilmiş ceviz serpiştirin. Bunun üzerine de ikinci açtığınız bezeyi koyun. Tekrar haşhaş ezmesi sürüp, ceviz serpiştirin. Beş beze bitene kadar aynı işlemi tekrar edin. Sadece en üstteki bezenin üzerine haşhaş ezmesi sürülmeyecek. Diğer ayrı 5 beze içinde aynı işlemi yapın. Daha sonra üst üste koyduğunuz haşhaşlı bezeleri eliniz ile açarak, büyütebildiğiniz kadar açın. Bıçak yardımı ile 2 parmak kalınlığında şeritler halinde kesin. Her bir şeridin bir ucundan tutup, tezgah üzerinde çevire çevire bükün. İlk büktüğünüz hamura gül şeklini verin. Yağlanmış yuvarlak tepsinin orta kısmına koyun. Ardından diğer hamurları da büküp, ortaya koyduğunuz hamurun etrafına sarın. 15 dakika kadar tepsi içinde dinlenmeye bırakın. Hazırladığınız haşhaşlı cevizli burma çörek üzerine yumurta sarısı sürün. İsteğe göre ince çekilmiş ceviz serpiştirebilirsiniz. Önceden ısıtılmış 170 derece fırına verin. Üzeri kızarana kadar yaklaşık 25-30 dakika pişirin."
Nohut Mayası,ana yemek,Nohut Un Tuz Toz Şeker Sıcak Su,"1 su bardağı nohutu 2-3 küçük poşete koyup, sert bir zemin üzerinde kırın. Nohutları 2-3 parçaya ayırın. 1 litrelik kavanoz içine 1 su bardağı kırmış olduğunuz nohutu koyun. Nohutların üzerine 1 çay bardağı un ekleyin. Ardından unun üzerine 1 çay kaşığı tuz ve 1 tatlı kaşığı toz şeker ilave edin. Son olarak kuru malzemelerin üzerine 2 su bardağı sıcak su dökün. Tüm malzemeyi hiç un topağı kalmayana kadar hızlı bir şekilde karıştırın. Hazırladığınız nohut mayasının kapağını kapatın. Kavanozu 2-3 adet temiz örtü ile iyice sarın. Nohut mayasının sıcaklığını hep muhafaza etmesi gerekmektedir. Aksi taktirde mayalanma olmaz. Bu şekilde sıcak bir yerde 10-12 saat kadar bekletin. 10-12 saat sonunda mayayı fırından çıkartıp, kapağını açın."
Pazılı Cacık,ana yemek,pazı yoğurt sarımsak su tuz zeytinyağı,"Pazılı cacık yapımında; ilk olarak yarım demet pazı yaprağını iyice yıkayıp, süzün. Her bir pazı yaprağını ortadan ikiye bölüp, sert sapı çıkartın. Daha sonra derin bir tencere içine yeterli miktarda su koyup, kaynamaya bırakın. Su kaynadıktan sonra içine pazı yapraklarını koyup, 5 dakika haşlayın. Haşlanan pazı yapraklarını süzgece alıp, biraz süzülmesini bekleyin. Suyu süzülen pazı yapraklarını avuç içinde hafifçe sıkarak, tekrardan suyunu alın. Bıçak yardımı ile pazı yapraklarını ince ince doğrayın. Diğer tarafta küçük derin bir kap içine 1 su bardağı kadar yoğurt koyun. Üzerine 1-2 diş rendelenmiş sarımsak ve damak tadınıza göre tuz ekleyin. Yoğurdu tel çırpıcı yardımı ile iyice çırpın. Ardından ince ince doğradığınız pazı yapraklarını koyup, kaşık yardımı ile karıştırın. Son olarak pazı cacığının üzerine yarım çay bardağı ya da 1 çay bardağı suyu azar azar döküp, karıştırın. Hazırladığınız pazılı cacık üzerine biraz zeytinyağı gezdirip, servis edebilirsiniz."
Pirpirim Salatası,salata,semizotu domates salatalık yeşil sivri biber zeytinyağı nar ekşisi kırmızı pul biber tuz,"Yarım demet semizotunu iyice yıkayın. Suyunun süzülmesi için bir kevgir içine alın. Semizotlarını bıçak ile küçük küçük doğrayın. Diğer tarafta 4 adet küçük boy domates, 2 adet küçük boy salatalık ve 2 adet sivri biberi de küçük küçük doğrayın. Doğranmış semizotunu çukur bir kap içine alın. Üzerine diğer doğradığınız salata malzemelerini ekleyin. Salatanın üzerine 3-4 yemek kaşığı zeytinyağı, 2 yemek kaşığı nar ekşisi, damak tadınıza göre tuz ve biraz kırmızı pul biber koyun. Pirpirim salatasını kaşık yardımı ile iyice karıştırın. Hazırladığınız pirpirim salatasını servis tabağına koyup, servis edebilirsiniz."
Zerdeçallı Tavuk Çorbası,çorba,tavuk budu tavuk suyu sıcak su tere yağı un tel şehriye zerdeçal tuz,"Zerdeçallı tavuk çorbası yapımı için; derin bir tencereye 1 buçuk litre su ve 1 adet tavuk budu koyun. Orta ateş üzerinde yumuşayana kadar haşlayın. Haşladığınız tavuk budunu tencereden alıp, soğumaya bırakın. Daha sonra eliniz ile küçük küçük didikleyin. Diğer taraftan ayrı bir tencere içine 1 yemek kaşığı tereyağı koyup, eritin. Ardından yağın üzerine 1 yemek kaşığı un ekleyin. Unun kokusu çıkana kadar 1 dakika kadar kavurun. Daha sonra tencere içine 3 su bardağı tavuk suyu ve 1 su bardağı sıcak suyu azar azar koyup, karıştırın. Ardından kaynamaya bırakın. Daha sonra kaynayan çorba suyuna 1 küçük çay bardağı tel şehriye koyun. Ardından küçük küçük didiklediğiniz tavuk etlerini de ekleyip, karıştırın. Şehriyeler şişene kadar pişirin. Son olarak çorbaya damak tadınıza göre tuz ve 1 tatlı kaşığı zerdeçal koyun. Çorbanın güzelce karışmasını sağlayın. Ardından 1-2 taşım kaynatıp, ocak üzerinden alın."
Dudove Tatlısı,tatlı,yumurta toz şeker sıvı yağ yoğurt vanilya kabartma tozu karbonat un su toz şeker fındık,"Derin bir kap içine 2 adet yumurta kırın. Üzerine 2 türk kahve fincanı toz şeker ekleyin. Tel çırpıcı ile 2 dakika çırpın. Ardından karışıma 2 yemek kaşığı yoğurt ve yarım çay kaşığı karbonat koyup, tel çırpıcı ile tekrar karıştırın. 2 türk kahve fincanı sıvı yağ da ekleyip, 2-3 dakika kadar daha çırpmaya devam edin. Son olarak karışıma 1 paket vanilya, 1 paket kabartma tozu ve 4 su bardağı unu azar azar ekleyin. Ele yapışmayan yumuşak bir hamur elde edene kadar yoğurun. Hazırladığınız dudove tatlısı hamurundan küçük ceviz büyüklüğünde parçalar alın. Elinizde oval şekli verin. Yağlanmış fırın kabı içine aralıklı olarak dizin. Üzerlerine birer ya da ikişer fındığı iyice bastırarak, yerleştirin. Önceden ısıtılmış 180 derece fırına verin. Üzerleri hafifçe kızarana kadar yaklaşık 30-35 dakika pişirin. Dudove tatlısı piştikten sonra fırından çıkartıp, üzerine soğuk şerbeti dökün. Tatlı sıcak şerbet soğuk olacak. Şerbeti çekene kadar bekletin."
Erzincan Lokumu,tatlı,tere yağı yumurta yoğurt sıvı yağ toz şeker kabartma tozu vanilya un pudra şekeri,"Tereyağı, sıvı yağ ve toz şekeri karıştırın. Yumurta, yoğurt, kabartma tozu ve vanilya ekleyin. Unu azar azar ekleyin. Hamuru fırın kabına koyun. 25-30 dakika pişirin. Oda ısısında soğutun. Pudra şekeri serpiştirip servis edin."
Fesleğenli Pesto Sos,atıştırmalık,fesleğen parmesan peyniri çam fıstığı ceviz içi zeytinyağı sarımsak tuz,"Fesleğen yapraklarını yıkayıp, temiz bir bez üzerinde kurulayın. Çam fıstıkları ve ceviz içini teflon bir tava içine koyun ve kavurun. Sarımsağı bıçak yardımı ile ince ince doğrayın. Doğranmış sarımsakları havanda iyice dövün. Fesleğen yapraklarını ve havanda dövdüğünüz sarımsakları mutfak robotuna koyun. Fesleğen yapraklarını mutfak robotundan geçirip, macun kıvamına gelene kadar parçalayın. Macun kıvamına gelen fesleğen yaprakları üzerine zeytinyağı döküp, tekrar robottan geçirin. Fesleğenli karışım içine önceden kavurup, soğuttuğunuz ceviz içi ve çam fıstıklarını koyun. Rendenin ince tarafı ile rendelenmiş parmesan peyniri de ekleyin. Fesleğenli karışımı son kez robottan geçirin."
Havyar (Tarama Mezesi),ana yemek,kırmızı havyar zeytinyağı limon suyu ekmek içi,100 gr havyarı mutfak robotuna ya da rondoya koyun. 4-5 dakika kadar karıştırın. Havyarın üzerine azar azar 150 gr zeytinyağ ekleyin. Zeytinyağını asla birden eklemeyin. Eklerseniz tarama mezeniz kusar ve içindeki tüm zeytinyağını dışarı verir. Mezenin kıvamını koyulaştırmak için ekmek içi ekleyebilirsiniz. Son olarak da azar azar yarım çay bardağı limon suyu ekleyin. Beyaz bir kıvam alana kadar karıştırmaya devam edin.
Kıymalı Volovan,ana yemek,kare milföy kıyma soğan sarımsak çerliston biber zeytinyağı çeri domates yumurta sarısı tuz karabiber,"6 adet kare milföyü buzdolabından çıkartıp, yumuşayana kadar bekletin. Milföy hamurları yumuşadıktan sonra yarısını yuvarlak kalıp ile kesin. Kalan milföyleri de, kestiğiniz bütün yuvarlak milföylerin üstlerine koyacağınız içi boş milföyleri (çerçeve kısmını) yapmak için daha küçük bir kalıpla orta kısımlarını çıkarın. Düz olan yuvarlak milföylerin üzerlerine ortaları boş olan milföyleri yerleştirin. Ortalarının kabarmaması için çatal ile delin. Milföyleri yağlı kağıt serili fırın tepsisine dizin. Üzerlerine yumurta sarısı sürün. Önceden ısıtılmış 180 derece fırına verin. Üzerleri hafifçe kızarana kadar pişirin. Diğer tarafta kıymalı harç için; orta boy bir tavayı ocak üzerine alıp, iyice ısıtın. Tavanın içine 150 gr kıyma koyup, suyunu salıp çekene kadar sürekli karıştırarak, pişirin. Daha sonra pişen kıymanın üzerine 2-3 yemek kaşığı zeytinyağı, 1 adet küçük boy ince ince doğranmış soğan, 1 diş ince ince doğranmış sarımsak ve 1 adet ince ince doğranmış çerliston biber ekleyin. Biber ve soğanlar iyice yumuşayana kadar pişirin. Son olarak damak tadınıza göre tuz ve karabiber de ekleyip, karıştırın. Pişen volovanları fırından çıkartın. Volovanların iç kısımlarını kıymalı harç ile doldurun. Üzerlerine çeri domates dilimi yerleştirin. Tekrardan fırına verip, 5 dakika daha pişirin."
Milföylü Perde Pilavı,ana yemek,kare milföy pilavlık pirinç kuşbaşı doğranmış tavuk eti çiğ badem çam fıstığı kuş üzümü tere yağı sıcak su tuz yumurta sarısı,"Orta boy bir tava içine 350 gr kuşbaşı doğranmış tavuk etini koyun. Suyunu salıp çekene kadar ara ara karıştırarak, pişirin. Daha sonra iç pilavı yapacağınız tencerenin içine 1 yemek kaşığı tereyağı koyup, eritin. Üzerine kabuğu soyulmuş çiğ bademleri ve 1 buçuk yemek kaşığı çam fıstığı ekleyip, hafifçe pembeleşene kadar kavurun. Ardından tencereye pilavlık pirinci ve 1 yemek kaşığı kuş üzümü koyun. Pirinci 3-4 dakika kadar kavurun. Son olarak tencereye pişen tavuk etlerini ve damak tadınıza göre tuz ekleyin. 1 buçuk su bardağı da sıcak su ekleyip, karıştırın. Tencerenin kapağını kapatıp, kısık ateş üzerinde suyunu çekene kadar pişirin. Pilav piştikten sonra ocağın altını kapatıp, demlenmeye bırakın. Daha sonra buzdolabından 6 adet kare milföyü çıkartın. Hafifçe yumuşadıktan sonra elinizle bastırarak genişletin. Yağlanmış bir kaseye milföyü koyun. Üzerine 3 yemek kaşığı dolusu iç pilavdan ekleyin. Milföyü kenar kısımlarından içe doğru bohça şeklinde kapatın. Kapattıktan sonra yavaşça ters çevirin. Yağlı kağıt serili fırın tepsisi içine yerleştirin. Hazırladığınız milföylü perde pilavının üzerine yumurta sarısı sürüp, istenilen miktarda çiğ badem yerleştirin. Önceden ısıtılmış 180 derece fırına verin. Üzerleri iyice kızarana kadar pişirin."
Tavuklu Büryan Pilavı,ana yemek,pilavlık pirinç tavuk baget domates tereyağı tavuk suyu tuz,"Geniş bir tava içine 1 yemek kaşığı tereyağı koyup, eritin. Üzerine 1 adet ince ince doğranmış soğan ekleyip, 1 dakika kavurun. Ardından 1 su bardağı yıkanmış pirinci ekleyip, 2 dakika kadar daha kavurun. Daha sonra 1 adet rendelenmiş domates ve tuz koyun. 3-4 kere karıştırın. Pişen tavuk bagetleri tencereden alıp, soğumaya bırakın. İsteğe göre derilerini çıkartın. Kavurduğunuz domatesli pirinci yağlanmış orta boy bir fırın kabı içine koyup, yayın. Pirinçli karışımın üzerinde 4 yerden boşluk açıp, bu boşluklara tavuk bagetleri yerleştirin. Bagetlerin üzerlerine tereyağı sürün. Pirinçlerin üzerlerine küçük tereyağı parçaları koyun. Pirincin üzerine 1 buçuk-2 su bardağı tavuk suyu döküp, kaşık ile karıştırın. Hazırladığınız tavuklu büryan pilavını önceden ısıtılmış 190 derece fırına verin. Pirinçler suyunu çekene kadar pişirin. Tavuklu büryan pilavı piştikten sonra 1 kere karıştırıp, fırın içinde 10-15 dakika demlenmeye bırakın. Daha sonra sıcak olarak servis edebilirsiniz."
Yeşil Mercimekli Sulu Köfte,ana yemek,yeşil mercimek domates salçası biber salçası sarımsak kuru nane zeytinyağı sıcak su kıyma ince bulgur kuru soğan tuz karabiber kırmızı toz biber,Köfte harcını hazırlayın Köfteleri şekillendirin Tencereye yağ ve nane ekleyin Salçaları kavurun Sıcak su ekleyin Köfteleri ve mercimeği ekleyin Pişirin
Yumurtalı Yufka,ana yemek,yufka yumurta tere yağı zeytinyağı tuz,"Orta boy bir tava içine 1 tatlı kaşığı tereyağı ve 1 yemek kaşığı zeytinyağı koyup, ısıtın. Parçaladığınız yufkayı ısınan yağın üzerine koyun ve hafifçe çıtır çıtır olana kadar karıştırarak kavurun. Küçük bir kaba 2 adet yumurta kırın ve üzerine biraz tuz ekleyip, iyice çırpın. İstenilen kıvama gelen yufkaların üzerine çırptığınız yumurtayı dökün. Yumurtanın kısa bir süre pişmesini bekleyip, ardından yufkalar ile birlikte karıştırarak pişirmeye devam edin. Yumurtalar iyice piştikten sonra yumurtalı yufkayı ocaktan alın."
Sarıyer Böreği,ana yemek,baklavalık yufka tereyağı sıvı yağ süt maden suyu yumurta tuz kıyma soğan kuş üzümü çam fıstığı tuz kimyon karabiber,"Soğanı tencereye koyun ve 3 dakika kadar kavurun. Çam fıstığı ve kuş üzümlerini ekleyin ve 2-3 dakika kadar daha kavurun. Kıymayı ekleyin ve sürekli karıştırarak pişirin. Kıymalı harcı tuz, karabiber ve kimyon ile karıştırın. Sarıyer böreğin sosu için tereyağını eritin. Yumurta, sıvı yağ, maden suyu, süt ve tuz ile karıştırın. Baklavalık yufkayı tezgah üzerine alın ve sosdan sürün. Yufkanın uzun kenar kısmına kıymalı harçtan koyun ve rulo şeklinde sarın. Diğer yufkalara da aynı işlemi yapın ve rulo şeklinde sarın. Börekleri büyük dikdörtgen borcam tepsi içine yerleştirin. Üzerlerine kalan iç sostan bolca sürün ve dilimleyin. Börekleri önceden ısıttığınız 180 derece fırına verin ve üzerleri kızarana kadar pişirin."
Akdeniz Salatası,salata,marul lolorosso roko çeri domatesi dolmalık yeşil zeytin siyah zeytin beyaz peynir zeytinyağı limon suyu nar ekşisi tuz karabiber,"Yeşillikleri yıkayın ve 20 dakika sirkeli suda bekletin. Marul, lolorosso ve rokoyu parçalayarak bir kaba koyun. Çeri domatesi ve zeytini kaba ekleyin. Sosu hazırlayın: zeytinyağı, limon suyu, nar ekşisi, tuz ve karabiberi karıştırın. Sosu salatanın üzerine gezdirin ve karıştırın. Beyaz peyniri küçük küpler halinde keserek salatanın üzerine koyun."
Haşhaşlı Hira Tatlısı,tatlı,yumurta irmik yoğurt eritilmiş tereyağı kabartma tozu vanilya un mavi haşhaş mavi haşhaş fındık ceviz sıcak su toz şeker limon suyu,"Haşhaşlı hira tatlısının hamurunu hazırlayın. Hamuru toparlayıp, küçük parçalar alın. Parçaları mavi haşhaşa bulayın. Yağlanmış fırın tepsisine dizin. Üzerlerine birer fındık yerleştirin. Önceden ısıtılmış 180 derece fırında 30 dakika pişirin. Şerbeti hazırlayın. Tatlıyı fırından çıkartıp, üzerine şerbeti dökün. 1-2 saat bekletin."
Erişteli Yeşil Mercimek Çorbası,çorba,yeşil mercimek eriste makarna soğan sarimsak domates salçası su tuz karabiber tere yağı nane kırmızı pulbiber,"Yeşil mercimeği orta boy derin bir tencere içine koyun. Üzerini geçecek kadar su döküp, yumuşayana kadar pişirin. Ayrı bir tencere içine 2 yemek kaşığı zeytinyağ koyun. Üzerine 1 adet ince ince doğranmış soğan ve 1 diş ince ince doğranmış sarımsak ekleyip, 2 dakika kavurun. Kavrulan soğan ve sarımsak üzerine 1 tatlı kaşığı domates salçası ekleyip, 1 dakika kadar kavurun. Tencereye pişen yeşil mercimeği koyun. Mercimeğin üzerine 4 su bardağı sıcak su döküp, kaynamaya bırakın. Kaynayan suyun içine yarım çay bardağı erişte makarna, damak tadınıza göre tuz ve karabiber ekleyin. Erişte makarna yumuşayana kadar pişirin. Son olarak erişteli mercimek çorbasının üzeri için; küçük bir tava içine 1 yemek kaşığı tereyağ koyup, eritin. Eriyen tereyağının içine 1 tatlı kaşığı nane ve 1 tatlı kaşığı pul biber ekleyip, biraz kızdırın. Naneli karışımı pişen çorbanın üzerine dökün. Çorbayı kepçe yardımı ile karıştırın."
Pırasa Tava,ana yemek,pırasa yumurta mısır unu havuç tuz karabiber sıvı yağ,"Pırasayı temizleyip, yıkayın. Bıçak yardımı ile pırasaları ince ince doğrayın. Doğradığınız pırasaları derin bir kap içine alın. Daha sonra yumuşayana kadar eliniz ile yoğurun. Yumuşayan pırasaların üzerine 2 adet yumurta kırın. 1 adet büyük boy havuç rendeleyin. 1 su bardağı mısır unu ekleyin. Damak tadınıza göre tuz ve karabiber koyup, karıştırın. Daha sonra orta boy bir tavanın içine biraz sıvı yağ döküp, yayın. Hazırladığınız pırasalı karışımı tavanın içine koyun. Eliniz ile bastırarak yerleştirin. Ardından tavayı ocak üzerine alın. Kısık ateş üzerinde arkalı önlü pişirin. Pırasa tavanın alt tarafı piştikten düz bir tabak yardımı ile tavadan alın. Tavanın içini tekrar yağlayıp, diğer tarafını da pişirin. Pırasa tava piştikten sonra ocaktan alıp, 5 dakika ılımaya bırakın. Hazırladığınız tavada pırasayı servis tabağına koyun. Üzerini 1 tutam ince ince doğranmış dereotu ile süsleyerek, servis edebilirsiniz."
Arpacık Soğanlı Tavuk Yahnisi,ana yemek,tavuk göğsü patates havuç arpacık soğan domates salçası su tuz karabiber,"Tavuk etini kuşbaşı şeklinde doğrayın. Patatesi küpler halinde kesin. Havucu halkalar halinde kesin. Tencereyi ocağa koyun. Üzerine zeytinyağ döküp, kızdırın. Tavuk etlerini ekleyin. Karıştırarak, 3-4 dakika pişirin. Tavuk etlerinin üzerine doğranmış patates ve havuçları koyun. 2-3 dakika kadar kavurun. Domates salçası ekleyin. 1 dakika kadar kavurun. Arpacık soğanları da ekleyin. 1-2 kere karıştırın. Tencereye tuz, karabiber ve 3 su bardağı sıcak su ekleyip, karıştırın. Tencerenin kapağını kapatın. Arpacık soğanlı tavuk yahnisini yaklaşık 25 dakika kadar pişirin."
Aşure Tatlısı,tatlı,buğday toz şeker haşlanmış kuru fasulye haşlanmış nohut kuş üzümü kuru incir kuru kayısı çiğ badem pirinç portakal elma su gül suyu karanfil,"350 gr buğdayı bir kaba koyup, bol su içinde 3-4 defa yıkayın. Aşureyi yapacağınız derin bir tencere içine buğdayı koyun. Üzerini 4 parmak geçecek kadar sıcak su dökün. Kaynadıktan sonra ocaktan alıp, bir örtü ile tencereyi iyice sarın. Ertesi gün 24 adet kayısı ve 10 adet kuru inciri küçük küçük doğrayın. Suda biraz bekletip, durulayın. 150 gr çiğ bademin kabuklarının kolay çıkması için sıcak su içerisinde bekletin. 1 adet elma ve 1 adet portakalın kabuğunu soyup, küçük küçük kesin. Diğer tarafta buğday tenceresini ocak üzerine alın. Sırasıyla tencereye küçük bir kase kuş üzümü, doğranmış kayısı ve incirleri ekleyin. Ardından 4 litre sıcak su döküp, kaynamaya bırakın. Kaynamaya yakın kabukları soyulmuş bademleri ekleyip, 10 dk orta ateşte pişirin. Doğranmış elmaları atıp, 10 dk daha pişirin. Elmaların pişmesine yakın 1 buçuk su bardağı haşlanmış nohut ve 1 su bardağı pirinç koyun. Pirincin şişmesine yakın doğranmış portakalı ve 1 buçuk su bardağı haşlanmış kuru fasulyeyi ekleyip, pişirmeye devam edin. Aşure tatlısı zamanla boza kıvamını alacaktır. Aşurenin su oranı size yeterli gelmezse içine kaynar su ekleyin. Yoğunluğu ayarlarken unutmamanız gereken şey içine koyacağınız bakliyatların ve kuru meyvelerin suyu çekip azaltacağıdır. Aşurenin dibinin tutmaması için sık sık altından yukarı doğru karıştırın. Son olarak aşure tatlısının pişmesine yakın 700 gr toz şeker, 5 damla gül suyu ve isteğe bağlı 4 diş karanfil koyup, 1-2 taşım kaynattıktan sonra ocaktan alın. Hazırladığınız aşure tatlısını kaselere paylaştırıp, ılımaya bırakın. Daha sonra üzerlerini fındık, ceviz, çam fıstığı, dolmalık üzüm ve nar taneleri ile süsleyerek, servis edebilirsiniz."
Baklavalık Yufkadan Beyti Kebabı,ana yemek,baklavalık yufka kıyma soğan tereyağı domates salçası sıcak su yoğurt,"Geniş bir tavaya 150 gr kıyma koyun. Üzerine ince ince doğranmış 1 adet soğan ekleyin. Sürekli karıştırarak pişirin. Daha sonra üzerine tuz ve karabiber serpiştirip, ocaktan alın. Diğer taraftan 2 adet baklavalık yufkayı üst üste koyun. En üste fırça yardımı ile eritilmiş 2 yemek kaşığı tereyağından az miktar sürün. Daha sonra hazırladığınız kıymalı karışımdan baklavalık yufkanın her tarafına serpiştirin. Ardından yufkayı rulo şeklinde sıkıca sarın. Diğer yufkalara da aynı işlemi uygulayın. Hazırladığınız baklavalık yufkadan beyti kebabını yağlı kağıt serilmiş fırın tepsisine yerleştirin. Kalan erimiş tereyağının içine yumurta sarısını kırın. Bu karışımı yufkaların üzerlerine sürün. Önceden ısıtılmış 160 dereceli fırına verin. Yaklaşık 15 dk pişirin. Diğer taraftan orta boy bir tava içine 1 yemek kaşığı tereyağ koyup, eritin. Üzerine 2 yemek kaşığı salça ekleyip, 1 dk kadar kavurun. Daha sonra 1,5 su bardağı sıcak su döküp, karıştırın. Domates sosu koyu bir kıvam aldığında ocaktan alın. Pişen baklavalık yufkadan beyti kebabını fırından çıkartın. Yufkaları 1'er cm kalınlığında bıçak yardımı ile kesin. Servis tabağına yan yana olacak şekilde dizin. Hazırladığınız baklavalık yufkadan beyti kebabının üzerine salçalı sostan dökün. Yoğurt eşliğinde servis edebilirsiniz."
Barbunyalı Taze Fasulye,ana yemek,taze fasulye taze barbunya zeytinyağı domates soğan sarımsak toz şeker tuz,"Taze barbunyayı haşlayın. Taze fasulyeyi yıkayıp, süzün. Geniş bir tencereye zeytinyağı koyun. Soğanı ve sarımsağı ekleyin. Taze fasulyeyi ekleyin. Su dökün ve tencerenin kapağını kapatın. Fasulyeleri pişirin. Taze barbunyaları ve domatesleri ekleyin. Tuz ve toz şeker ekleyin. Tencerenin kapağını kapatın ve pişirin."
Beyaz Detoks Çorbası,çorba,enginar kereviz soğan sarımsak dereotu zerdeçal zencefil su,"Detoks sebzelerinin kabuklarını soyup, yıkayın. Minik küpler halinde doğrayın. Derin bir tencereye doğranmış bütün detoks malzemelerini koyun. Üzerine sıcak su ekleyip, 15-20 dakika haşlayın. Sebzeler piştikten sonra tencereyi ocaktan alın. Pürüzsüz hale gelene kadar beyaz detoks çorbasının tüm malzemelerini blenderdan geçirin. Hazırladığınız beyaz detoks çorbasını sıcak ya da soğuk olarak servis edebilirsiniz."
Çıngıllı Mantı,ana yemek,yumurta su tuz un,"Derin bir kaba yumurtayı kırın. Üzerine su ve tuz ekleyip, eliniz ile karıştırın. Daha sonra azar azar unu ekleyip, ele yapışmayan kulak memesi kıvamında bir hamur elde edene kadar yoğurun. Yoğurduğunuz hamuru tezgah üzerine koyun. Üzerine un serpiştirin. Çok ince olmayacak şekilde oklava ile açın. Açtığınız mantı hamurunu geniş bir tahta üzerine alın. Üzerine az miktar un serpiştirin. Oklavaya sarıp, ardından yavaşça oklavadan çıkarın. Sardığınız mantı hamurunu ortadan ikiye kesin. Daha sonra fotoğraflardaki gibi bıçak ile ince ince kesin. Ardından eliniz ile kestiğiniz hamurları açın. Çıngıllı mantıları orta boy bir fırın kabı içine yayarak, koyun. Önceden ısıtılmış 180 derecelik fırına verin. Üzerleri hafif pembeleşene kadar pişirin. Ara ara kontrol edip, eliniz ile karıştırın. Pişen çıngıllı mantıyı fırından çıkartıp, soğumaya bırakın. Fırınladığınız mantıyı, arzu ettiğinizde pişirmek üzere, buzdolabı poşeti içine koyup, serin bir yerde uzun süre muhafaza da edebilirsiniz."
Duvak Pilavı,ana yemek,pilavlık pirinç su kıyma soğan tere yağı çiğ badem maydanoz tuz karabiber,"Derin bir tencere içine 1 yemek kaşığı tereyağı koyup, eritin. Yıkanmış 1 su bardağı pirinci ekleyip, 2 dakika kadar kavurun. Daha sonra pirincin üzerine 2 su bardağı sıcak su ve tuz koyup, karıştırın. Tencerenin kapağını kapatıp, kısık ateş üzerinde suyunu çekene kadar pişirin. Pişen pirinç pilavını ocaktan alın. Kapağını açıp, üzerine kağıt havlu serip, kapağını tekrar kapatın. 15 dakika kadar demlenmeye bırakın. Daha sonra kabuklarını rahatça soyabilmek için 1 çay bardağı bademi kaynar su içinde 5 dakika kadar bekletin. Bademlerin kabuklarını soyduktan sonra bir tava içine koyun. Üzerine 1 çay kaşığı kadar tereyağı ekleyip, hafifçe kavurun. Diğer yandan geniş bir tava içine ince ince doğranmış 1 adet soğanı, 200 gr kıymayı ve az miktar zeytinyağı ekleyip, pişirin. Pişen kıymanın üzerine kavrulmuş bademleri ve ince ince doğranmış maydanozları, tuz ve karabiberi koyup, karıştırın. Kıymalı harcı orta boy derin bir kase içine koyup, yayın. Üzerine demlenen pirinç pilavını koyup, üzerine hafifçe bastırın. Daha sonra düz bir servis tabağına ters çevirip, kaseyi yavaşça çıkartın. Hazırladığınız duvak pilavını sıcak olarak servis edebilirsiniz."
Elazığ Usulü Kısır,çorba,kısırlık bulgur soğan sarımsak zeytinyağı ılık su domates salçası domates salatalık maydanoz nar ekşisi limon suyu tuz karabiber pul biber kekik,"2 çay bardağı kısırlık bulgur koyun. Üzerine 8 yemek kaşığı ılık su ekleyip, karıştırın. Bu şekilde 10 dakika kadar bekletin. Bulgurun üzerine 1 adet ince ince doğranmış soğanı, rendelenmiş 3 diş sarımsağı ve 3 yemek kaşığı domates salçasını ekleyip, elinizle iyice yoğurun. 1 adet domates ve 1 adet salatağı minik küpler halinde doğrayın. 3 tutam maydanozu ince ince doğrayın. Bulgurun üzerine doğranmış domates, salatalık ve maydanozları ekleyip, karıştırın. Ardından 1 çay kaşığı tuz, 1/2 limon suyu, 1 yemek kaşığı nar ekşisi, 2 yemek kaşığı zeytinyağı, karabiber, pul biber ve kekik koyup, iyice karıştırın. Hazırladığınız elazığ usulü kısırı servis tabağına koyun. Üzerini kornişon turşu, limon dilimleri ya da kırmızı pulbiber ile süsleyerek, servis edebilirsiniz."
Etli Buhara Pilavı,ana yemek,pilavlık pirinç havuç kavrulmuş kuşbaşı et et suyu soğan tereyağı çiğ badem dolmalık fıstık kuş üzümü tuz karabiber,"Soğanı ince ince doğrayın. Havucu ince ve uzun şeritler halinde kesin. Tencereye tereyağı koyup, eritin. Soğanı ve havuçları ekleyin. 2-3 dakika kavurun. Pirinci ekleyin. 2 dakika kavurun. Kavrulmuş kuşbaşı etleri ekleyin. Et suyu, tuz ve karabiber ekleyin. Kapağını kapatıp, kısık ateşte pişirin. Bademleri kaynar su içine koyun. 5 dakika bekletin. Bademleri soyun. Tavaya koyun. Az miktar tereyağı ekleyin. Hafifçe kavurun. Fıstıkları ekleyin. Kavurmaya devam edin. Kuş üzümü ekleyin. 3-4 kere karıştırın. Pirinç pilavının üzerine kavrulmuş badem ve fıstıkları koyun. Kağıt havlu serip, kapağını kapatın. 15 dakika demlenmeye bırakın."
Etli Lahana Dolması,ana yemek,lahana yaprağı kıyma pirinç soğan dereotu maydanoz domates salçası biber salçası zeytinyağı tuz karabiber,"Derin bir tencereye su koyun. İçine 20 adet lahana yaprağı koyup, haşlayın. Haşlanan lahana yaprakları süzerek bir kaba alın. Bir kabın içine 200 gr kıyma koyun. Üzerine ince ince doğranmış 1 adet soğan, 3 tutam maydanoz ve yarım demet dereotu ekleyin. Son olarak  yıkanmış 1 çay bardağı pirinç, 1 tatlı kaşığı biber salçası ve 1 yemek kaşığı domates salçası ekleyin. 1 çay bardağı zeytinyağ, tuz ve karabiberi de ekleyip, tüm malzemeyi eliniz ile iyice karıştırın. Daha sonra haşlanan lahana yapraklarını, 3 parmak genişliğinde uzun şeritler halinde kesin. Şeritlerin uç kısımlarına hazırladığınız kıymalı harçtan koyun. Lahana yapraklarını muska şeklinde sarın. Sardığınız etli lahana dolmalarını tencere içine dizin. Dolmaların üzerine hafif çıkacak kadar su dökün. Son olarak dolmaların üzerine tabak yerleştirin. Tencerenin kapağını kapatın. Orta ateş üzerinde yaklaşık 35 dk kadar pişirin."
Etli Yaprak Sarması,ana yemek,salamura asma yaprağı kıyma soğan pirinç dereotu maydanoz domates salçası biber salçası zeytinyağı tuz karabiber,"Derin bir kaba 200 gr kıyma koyun. Üzerine ince ince doğranmış 1 adet soğan, 2 tutam maydanoz ve dereotu ekleyin. Daha sonra 1 tatlı kaşığı domates salçası ve biber salçası, 2 yemek kaşığı zeytinyağ ve 2 yemek kaşığı pirinç ekleyin. Son olarak da tuz ve karabiberi serpiştirip, iyice karıştırın. Diğer taraftan 30 adet salamura yaprakları 10 dk kadar sıcak su içerisinde bekletin. Daha sonra 2-3 kere su ile yıkayın. Ardından yaprakları tek tek tezgahın üzerine koyun (mat ve damarlı kısmı size doğru bakmalı). Hazırladığınız kıymalı harçtan koyup, fotoğraflardaki gibi sarın. Eğer küçük sarmalar yapmak istiyorsanız her bir yaprağı 3 parçaya kesin. Her bir parçasına kıymalı harçtan koyup, sarın. Sardığınız etli yaprak sarmaları boşluk kalmayacak şekilde tencere içine dizin. Sarmaların üzerine hafif çıkacak kadar su dökün. Az miktarda zeytinyağ ekleyin. Pişme esnasında yaprakların açılmaması için üzerine porselen bir tabağı ters çevirip, kapatın. Tencerenin kapağını kapatın. Orta ateş üzerinde yaklaşık 35 dk kadar pişirin."
Ev Yapımı Koca Kulak Mantısı,ana yemek,su yumurta tuz un kıyma soğan tuz karabiber,"Soğanı rendeleyin. Üzerine kıymayı, tuz ve karabiberi ekleyin. Eliniz ile yoğurup, kenara alın. Diğer yandan derin bir kaba yumurtayı kırın. Üzerine su ve tuz ekleyip, eliniz ile karıştırın. Daha sonra azar azar unu ekleyip, ele yapışmayan kulak memesi kıvamında bir hamur elde edene kadar yoğurun. Yoğurduğunuz hamuru hafifçe unladığınız tezgah üzerine koyun. İki eşit bezeye ayırın. Üzerlerine de az miktar un serpiştirip, ince bir hamur elde edene kadar oklava ile açın. Açtığınız mantı hamurunu küçük kareler halinde kesin. Üzerlerine hazırladığınız kıymalı harçtan koyun. İlk önce mantıyı üçgen şeklinde kapatın. Ardından fotoğrafdaki gibi iki ucunu birleştirin. Diğer mantı hamuru ile de aynı işlemi yapın. Diğer tarafta geniş bir tencere içine su koyun. Üzerine az miktar tuz ve sıvıyağ döküp, kaynamaya bırakın. Daha sonra kaynayan suyun içine hazırladığınız ev yapımı koca kulak mantısını koyup, pişirin. Eğer mantılar su üzerine çıkıyorsa pişmiş demektir. Koca kulak mantısı piştikten sonra süzerek, servis tabağına alın. Üzerine iyice çırptığınız sarımsaklı yoğurtlu sosu dökün. Nane ve kırmızı pul biber serpiştirip, sıcak olarak servis edebilirsiniz."
Fırında Kıymalı Karnıyarık,ana yemek,patlıcan kıyma domates yeşil biber soğan sarımsak zeytinyağı tuz karabiber,"4 adet patlıcanın sapını kesip, alacalı şekilde soyun. Alacalı soyduğunuz patlıcanları ortadan ikiye bölüp yıkayın. Yıkayıp kuruladığınız patlıcanları kızgın yağ içinde kızartın. Diğer taraftan geniş bir tava içine ince ince doğranmış 1 adet soğan ve 1 adet yeşil biber koyun. Üzerine 4 yemek kaşığı zeytinyağ ekleyip, 2 dk kadar kavurun. Daha sonra 200 gr kıyma ekleyip, sürekli karıştırarak pişirin. Son olarak küpler halinde doğranmış 1 adet domates, tuz ve karabiberi de ekleyin. Domatesler yumuşayana kadar pişirin. Kızaran patlıcanları geniş bir fırın kabı içine dizin. Üzerlerine bıçak yardımı ile çizik atıp, patlıcanları açın. Hazırladığınız kıymalı harcı patlıcanların içlerine doldurun. Son olarak karnıyarıkların üzerlerine domates ve biber dilimleri dizin. Önceden ısıtılmış 180 dereceli fırına verin. Yaklaşık 15 dk kadar pişirin."
Fırında Salçalı Patatesli Köfte,ana yemek,köftelik kıyma yumurta soğan patates maydanoz domates salçası su galeta unu tuz karabiber kekik kimyon,"Patateslerin kabuklarını soyup, yıkayın. Yıkadığınız patatesleri elma dilimleri şeklinde doğrayın. Ardından kızgın yağ içinde kızartıp, fırın kabı içine dizin. Değin bir kabın içerisine 500 gr kıyma koyun. Üzerine rendelenmiş 1 adet soğan ekleyip, 1 adet yumurta kırın. Son olarak 2 yemek kaşığı galeta unu, ince ince doğranmış 2 tutam maydanoz, tuz ve baharatları da ilave edin. Tüm malzemeleri 5 dk yoğurun. Hazırladığınız köfte harcından ceviz büyüklüğünde parçalar alın. Elinizde oval şekil verin. Şekillendirdiğiniz köfteleri kızgın yağ içinde kızartın. Kızaran köfteleri patateslerin üzerine dizin. Diğer taraftan derin bir kaba 1 yemek kaşığı salça koyun. Üzerine 1 su bardağı ılık su ekleyin. Hazırladığınız salçalı karışımı patatesli köftenin üzerine dökün. Önceden ısıtılmış 180 dereceli fırına verin. 10-15 kadar dk pişirin."
Frambuazlı Trileçe Tatlısı,tatlı,süt süt kreması süt tozu toz şeker toz şeker yumurta vanilya un kabartma tozu frambuaz jöle,"Yumurtanın sarısı ile beyazını ayırın. Sarısını iyice çırpın. Beyazını derin bir kaba alın. Üzerine şeker ekleyin. Mikser ile kar beyazı haline gelene kadar iyice çırpın. Ardından sarısını da üzerine azar azar ilave edip, çırpmaya devam edin. Diğer taraftan, derin bir kaba un, vanilya, kabartma tozu koyun ve karıştırın. Üzerine az önce çırptığınız yumurtalı karışımı dökün. Spatula yardımı ile alttan üste aynı yöne doğru karıştırın. Hazırladığınız kek karşımı büyük kare bir borcama dokün. Spatula ile üzerini düzeltin. Önceden ısıtılmış 160 derecelik fırında yaklaşık 40-45 dakika pişirin. Derin bir tencereye süt tozu, süt, krema ve şekeri koyun. Karışımı ocak üzerinde, sürekli karıştırarak, süt tozları kaybolana kadar ısıtın. İlkık bir sıcaklık yeterlidir. Karıştırarak franbuazlı trileçe tatlısının şerbetini ocaktan alın ve dinlendirin. Pişen trileçe tatlısının kekini fırından çıkartıp, ılımaya bırakın. Ardından keki bıçak yardımı ile enlemesine ve boylamasına şeritler halinde keserek dilimlere ayırın. İlkık kekin üzerine, hazırladığımız trileçe tatlısının şerbetini yavaş yavaş yedirerek dökün. Kekin şerbeti emmesi için en az 2-3 saat kadar buzdolabında bekletin. Dinlenen kekin üzerine frambuaz sosu döküp, her tarafına geleçek şekilde iyice yayın. Sosu çekmesi için 1-2 saat kadar daha buzdolabında bekletin. Buzdolabından çıkardığınız frambuazlı trileçe tatlısını servis edebilirsiniz."
Havuçlu Kabak Çorbası,çorba,kabak havuç sarımsak tereyağı un süt sıcak su dereotu tuz karabiber zeytinyağ,"Bir kabın içerisine 2 adet kabağı ve 1 adet havucu rendeleyin. Geniş bir tava içine rendelenmiş havuç ve kabakları koyun. Üzerine 1 yemek kaşığı zeytinyağ ve rendelenmiş 1 diş sarımsak ekleyin. Sebzeler yumuşayana kadar soteleyin. Diğer taraftan derin bir tencere içine 1 yemek kaşığı tereyağ koyup, eritin. Eriyen tereyağının üzerine 2 yemek kaşığı un ekleyip, 1 dakika kadar kavurun. Ardından 1 su bardağı süt döküp, çırpma teli ile iyice karıştırın. Daha sonra azar azar 4 su bardağı kadar sıcak su döküp, çorbanın kıvamını ayarlayın. Çorba kaynamaya başladıktan sonra içine sotelenmiş kabak ve havuçları koyup, karıştırın. Tuz ve karabiberi de ayarlayıp, 5 dakika pişirin. Havuçlu kabak çorbası piştikten sonra ocaktan alın. Üzerine ince ince doğranmış 1 tutam dereotu ekleyip, karıştırın."
İç Pilavlı Kaburga Dolması,ana yemek,kuzu/koyun kaburgası pirinç çam fıstığı kuş üzümü zeytinyağı soğan tuz karabiber yoğurt domates salçası kırmızı toz biber,"Teflon tavaya 1 yemek kaşığı zeytinyağ koyun. Üzerine 50 gram çam fıstık (dolmalık fıstık) ilave edip, çam fıstıkların renkleri koyulaşana kadar kavurun. İç pilavıiçin, orta boy bir tencereye 3 yemek kaşığı zeytinyağ koyun. Üzerine ince ince doğranmış 1 adet soğan ilave edin. Soğanlar hafif pembeleşinceye kadar kavurun. Bu karışımın üzerine 1 su bardağı pirinç ekleyin. Soğanlar ile birlikte bir süre kavurun. Ardından 50 gram kuş üzümü ile kavrulmuş çam fıstıklarını ilave edip, karıştırın. Son olarak 2 su bardağına yakın sıcak su ekleyip, pirinçler suyunu çekene kadar tencerenin kapağı kapalı bir şekilde pişirin. 1 adet kuzu kaburgasının orta kısmını uzun bir bıçak yardımı ile yarın. Elinizle güzelce orta kısmını açın. Kaburganın içine hazırladığınız pilavlı iç harcı bir kaşık yardımıyla doldurun İçini pilav ile doldurduğunuz kaburganın ağzını, iğle iplik ile çok aralıklı olmayacak şekilde dikin. Diktiğiniz kaburgayı düdüklü tencerenin içine koyun. Üzerine, kaburganın yüzeyini geçmeyecek kadar sıcak su ekleyin. 15 dk kadar kapağı açık bir şekilde kaburgayı haşlayın. Ardından kaburgayı ters düz yapıp, düdüklü tencerenin kapağını kapatıp, orta ateşte 1 saat kadar pişirin. Karıştırma kabına 1 su bardağı yoğurt ve 1 yemek kaşığı domates salçası koyun. Üzerine bir miktar tuz ve kırmızı toz biber serpiştirin. Kaşık yardımıyla güzelce karıştırın. Kaburga dolması piştikten sonra tencereden alıp, fırın tepsisine koyun. Üzerine yoğurtlu salçalı karışımı bir fırça yardımıyla sürün. Önceden ısıtılmış 180 dereceli fırına verip, üzeri nar gibi kızarana kadar pişirin. Hazırladığınız iç pilavlı kaburga dolmasını fırından çıkartıp, dilimleyerek servis edebilirsiniz."
Kemalpaşa Tatlısı,tatlı,kemalpaşa tatlısı toz şeker su hindistan cevizi yeşil toz fıstık,"Bir tencereye 500 ml su ve 500 ml toz şeker koyun. Şeker eriyene kadar karıştırın. Şerbetiniz kaynamaya başladıktan sonra altını kısın. Ardından yarım paket kemal paşa tatlısını şerbetin içine ekleyin. Tencerenin kapağını kapatın. Kısık ateşte yumuşayıncaya kadar 20 dk kadar bekletin. Daha sonra kemal paşa tatlılarını kevgir ile süzerek tencereden alın. Servis tabağına koyup, soğumaya bırakın. Kemalpaşa tatlısının üzerlerini toz fıstık ya da hindistan cevizi ile süsleyerek, servis edebilirsiniz."
Kestaneli Tarhana Çorbası,çorba,tarhana kestane domates salçası biber salçası tere yağı su tuz,"Kestaneleri tavada pişirin. Kabuklarını soyun. Küçük parçalar halinde bölün. Değin bir tencereye tereyağ koyun. Üzerine salça ilave edin. 4 bardak su ile beraber tarhanayı orta ateşte pişirin. Tarhana çorbası kaynamaya başladıktan sonra, küçük parçalar halindeki kestaneleri ekleyin. Topaklanmaması için ara sıra karıştırarak 5-10 dk kadar pişirmeye devam edin."
Kıymalı Mercimek Yemeği,ana yemek,yeşil mercimek kavrulmuş kıyma soğan domates salçası kesme şeker Tuz Karabiber,"Yeşil mercimeği yıkayıp, tencereye koyun. Üzerine 2-3 parmak geçecek kadar su döküp, mercimekleri haşlayın. Ara ara kontrol edin ki mercimekler çok pişip dağılmasınlar. Daha sonra suyunu süzün. Diğer yandan derin bir tencereye zeytinyağ koyun. Üzerine 1 adet ince ince doğranmış soğan ekleyin. 2 dakika kavurun. Ardından 1 yemek kaşığı domates salçası ekleyin. 1-2 dakika daha kavurun. Daha sonra 200 gr kıyma koyun. 3-4 kere karıştırın. Daha sonra tencereye haşlanmış mercimekleri koyun. Son olarak üzerine tuz, 1 adet kesme şeker, karabiber ve üzerine çıkacak kadar sıcak su ekleyin. İyice karıştırın. Tencerenin kapağını kapatın. Kıymalı mercimek yemeğini yaklaşık 15-20 dakika kadar orta ateş üzerinde pişirin. Pişen kıymalı mercimek yemeğini ocaktan alın. 5 dakika dinlendirdikten sonra servis edebilirsiniz."
Klasik Sütlaç,tatlı,süt toz şeker pirinç su,"Yarım su bardağı pirinci iyice yıkayıp, süzün. Derin bir tencere içine koyun. Üzerine 1,5 su bardağı su ve bir tutam tuz ekleyin. Pirinçler tamamen yumuşayana kadar pişirin. İsteğe göre pirinçler piştikten sonra blender ile az miktar pirinçleri ezebilirsiniz. Daha sonra 750 ml süt koyup, kaynamaya bırakın. Kaynayan sütün içine yumuşayan pirinçleri ekleyin. Pirinçler açılana kadar pişirin. Daha sonra 1 su bardağı şeker ekleyip, karıştırın. Bu esnada şeker miktarını damak tadınıza göre artırabilir ya da azaltabilirsiniz. Sütlaç piştikten sonra kepçe yardımı ile kaselere döküp, ılımaya bırakın. Daha sonra buzdolabında 3-4 saat soğumaya bırakın. Hazırladığınız klasik sütlacın üzerini tarçın ya da toz fıstık ile süsleyerek, servis edebilirsiniz."
Köfteli Patlıcan Sarma,ana yemek,patlıcan kıyma yumurta soğan maydanoz galeta unu tuz karabiber kekik kimyon domates tere yağı sarımsak,Kıyma harcını hazırlayın Patlıcanları dilimleyin ve kızartın Köfteleri hazırlayın Patlıcanları sarın ve fırına verin Domates sosunu hazırlayın Servis edin
Kuzu Gömleği Sarması,ana yemek,kuzu gömleği kuzu ciğer pirinç kuş üzümü zeytinyağı tuz karabiber kimyon yumurta sarısı,"200 gr kuzu ciğerini minik küpler halinde doğrayın. 1 su bardağı pirinci yıkayıp, süzün. Bir tencere içine 1 yemek kaşığı zeytinyağ koyun. Üzerine küp küp doğradığınız ciğerleri ekleyip, 10 dk kadar pişirin. Daha sonra ciğerlerin üzerine yıkadığınız pirinci, 2 yemek kaşığı kuş üzümü, tuz ve baharatları da ekleyin. Tüm malzemeyi 5 dk kadar kavurun. Ardından 1 su bardağı su döküp, pirinçler suyunu çekene kadar pişirin. Kuzu gömleğini en az 15 dk ılık suda ıslatıp yumuşamasını sağlayın. Daha sonra kuzu gömleğinden 15 cm'lik parçalar kesin. Çukur bir kasenin içine ya da tezgah üzerine kestiğiniz gömlek parçasını serin. Üzerine hazırladığınız iç pilavdan koyun. Gömlek kısımlarını pilavın üzerine doğru kapatıp, ters çevirin. Hazırladığınız kuzu gömleği sarmasını orta boy bir fırın kabı içine dizin. Üzerlerine 1 adet yumurta sarısı sürün. Fırın kabının içine yarım su bardağı su koyun. Önceden ısıtılmış 190 dereceli fırına verin. Kuzu gömleklerin üzerleri kızarana kadar pişirin."
Lor Peynirli Yumurta,kahvaltı,yumurta lor peyniri tereyağı kırmızı pul biber karabiber,"Orta boy bir tavaya az miktar tereyağ koyup, eritin. Daha sonra 3 yemek kaşığı lor peynir ekleyin. Tereyağın da biraz kavurun. Peynirin üzerine pul biber ve karabiber serpiştirin. Peynirin orta kısmını açın. 1 adet yumurtayı orta kısma kırıp, pişirin. Pişen lor peynirli yumurtayı ocaktan alın."
Narlı Bulgurlu Tabule Salatası,salata,pilavlık bulgur kırmızı biber nar kornişon turşu ceviz maydanoz dereotu nar ekşisi zeytinyağı limon suyu tuz,"Küçük bir tencere içine yarım su bardağı pilavlık bulguru koyun. Üzerine 1 su bardağı su dökün. Ocak üzerine alın. Suyunu çekene kadar pişirin. Bulgur piştikten sonra ara ara karıştırıp, soğumaya bırakın. Daha sonra derin bir kaba haşlanmış bulguru, ince ince doğranmış maydanoz ve dereotunu koyun. Minik küpler halinde doğranmış kırmızı biberi ve kornişon turşuları ekleyin. Son olarak ayıklanmış nar tanelerini ve yarım çay bardağı dövülmüş cevizi, zeytinyağı, yarım limon suyu, 3 yemek kaşığı nar ekşisi ve az miktar tuz koyup, iyice karıştırın."
Otlu Sini Pidesi,ana yemek,ılık süt ılık su zeytinyağı toz şeker tuz yumurta akı yaş maya un pazı soğan karabiber yumurta sarısı susam,"Derin bir kaba ılık su ve yaş mayayı koyup, karıştırın. Daha sonra ılık süt, zeytinyağı, yumurta akı, tuz ve toz şekeri koyup, tekrar karıştırın. Azar azar unu ekleyip, ele yapışmayan ama yumuşak bir hamur elde edene kadar yoğurun. Yoğurduğunuz hamurun üzerini örtüp, 30 dakika kadar mayalamaya bırakın. Diğer yandan pazı yapraklarını ya da ıspanakları iyice yıkayıp, ince ince doğrayın. Geniş bir tencere içine ince ince doğranmış soğanları koyun. Üzerine az miktar zeytinyağı ve tuz ekleyip, 1 dakika kadar kavurun. Daha sonra doğranmış pazıları ya da ıspanakları ekleyip, suyunu salıp, çekene kadar pişirin. Piştikten sonra soğumaya bırakın. Mayalanan hamuru yağlanmış büyükçe bir tepsi içine alın. Eliniz ile olabildiğince yayın. Üzerine pazılı harcı koyup, fotoğraftaki gibi hamuru kapatın. Üzerine hafifçe bastırıp, hamuru ters çevirin. Tekrar eliniz ile bastırarak, tepsi içine yayın. Hazırladığınız otlu sini pidesinin üzerine yumurta sarısı sürüp, susam serpiştirin. Bıçak yardımı ile kesin. Daha sonra önceden ısıtılmış 170 derecelik fırına verip, üzeri kızarana kadar pişirin."
Patatesli Kıbrıs Köftesi,ana yemek,dana kıyma patates soğan sarimsak galeta unu yumurta maydanoz kırmızı pul biber karabiber kimyon tuz,"Derin bir kaba 250 gr kıyma koyun. Üzerine 1 adet rendelenmiş soğan ve 1 diş sarımsak ekleyin. 1 adet patatesin kabuğunu soyup, rendenin ince tarafı ile rendeleyin. Rendelediğiniz patatesin suyunu sıkıp, hazırladığınız kıyma karışımına ekleyin. Üzerine 1 adet yumurta kırın. Ardından 1 tutam ince ince doğranmış maydanoz, 2 yemek kaşığı galeta unu ekleyin. Son olarak tuz ve baharatları da ilave edip, karışımı iyice yoğurun. Kıymalı karışımı 1-2 saat buzdolabında dinlenmeye bırakın. Geniş yanmaz bir tavaya az miktar sıvıyağ koyup, kızdırın. Köfte harcından ceviz büyüklüğünde parçalar alın. Oval ya da yuvarlak şekli verin. Şekil verdiğiniz patatesli kıbrıs köftesini kızgın yağ içine koyun. Orta ateş üzerinde kızartın. Kızaran köfteleri kağıt havlu üzerine alın. Hazırladığınız patatesli kıbrıs köftesini sıcak olarak pilav veya piyaz eşliğinde servis edebilirsiniz."
Patates Pilaki,ana yemek,patates havuç domates soğan sarımsak zeytinyağı su kesme şeker tuz,"1 adet soğanın ve 2 diş sarımsağın kabuklarını soyun. İnce ince doğrayın. Daha sonra 2 adet patatesin, 1 adet havucun ve domatesin kabuklarını soyun. Eşit büyüklükte küpler halinde doğrayın. Geniş bir tencereye 4 yemek kaşığı zeytinyağ koyun. Üzerine ince ince doğranmış soğanları ve sarımsakları koyup, 2 dakika kadar kavurun. Daha sonra doğranmış havuçları ekleyin. 2 dakika kadar soteleyin. Ardından patatesleri koyun. Tuz ve şekeri de ayarlayıp, 1 dakika kadar kavurun. Son olarak üzerine doğranmış domatesleri ve suyu koyun. Tencerenin kapağını kapatıp, kısık ateşte 25-30 dakika pişirin. Zeytinyağlı patates pilaki yemeği piştikten sonra ocaktan alıp, ılımaya bırakın. Servis tabağına koyup, servis edebilirsiniz."
Şakşukalı Kırmızı Biber Dolması,ana yemek,kırmızı biber patates kabak patlıcan sıvıyağ domates sarımsak kesme şeker tuz,"Kızgın yağda közleyin. Kabuklarını soyup, iç çekirdeklerini çıkartın. Kızarttığınız sebzeleri bir tabağa koyup, karıştırın. Domateslerin kabuklarını soyun ve 2-3 parçaya kesin. Domatesleri mutfak robotuna koyup, püre haline getirin ya da rendeleyin. Geniş bir tavaya tereyağını koyup, eritin. Tereyağ eridikten sonra domates püresini ekleyin. İsteğe göre üzerine sarımsak rendeleyebilirsiniz. Kaynayana kadar pişirin. Ocağın altını kısın. Tuz, karabiber ve şekerini koyup, 5 dakika kadar daha pişirin. Hazırladığınız şakşukalı kırmızı biber dolmasını servis tabağına koyun. Üzerlerine domates sosu döküp, servis edebilirsiniz."
Soğuk Mısır Çorbası,çorba,bulgur çorbalık mısır salatalık yoğurt dereotu taze nane su zeytinyağı tuz,"Derin bir tencereye 6 yemek kaşığı mısır koyun. Yumuşayıp hafifçe patlayıncaya kadar haşlayın. Ayrı bir tencereye de 4 yemek kaşığı bulgur koyun. Yumuşayana kadar pişirin. Diğer taraftan 2 adet salatalığı minik minik doğrayın. 3 tutam dereotu ve 3 tutam naneyi de ince ince kıyın. Derin bir kaba 8 yemek kaşığı yoğurt koyup, iyice çırpın. Daha sonra üzerine 2 su bardağı su ve tuz ekleyip, karıştırın. Bulgur ve mısır haşlandıktan sonra suyunu süzün. Derin bir kaba buğdayı ve mısırı koyun. Üzerine doğranmış salatalıkları, nane ve dereotunu ekleyin. Son olarak yoğurtlu karışımı ve 2 yemek kaşığı zeytinyağ döküp, karıştırın. Soğuk mısır çorbanızın tuzunu ve yoğurdun yoğunluğunu kendi damak tadınıza göre ayarlayabilirsiniz. Hazırladığınız soğuk mısır çorbasını buzdolabında soğumaya bırakın. Daha sonra üzerini dereotu ya da nane ile süsleyerek, soğuk olarak servis edebilirsiniz."
Sultan Lokumu,tatlı,süt toz şeker irmik toz krem şanti hindistan cevizi,"Derin bir tencere içerisine 3 su bardağı süt, 7 yemek kaşığı toz şeker ve 7 yemek kaşığı irmik koyun. Tencereyi ocağın üzerine alın. Sürekli karıştırarak, muhallebi koyulaşana kadar pişirin. Ardından muhallebiyi ocaktan alın. Ilımaya bırakın. Daha sonra üzerine 1 paket toz krem şanti ekleyin. İyice karıştırın. Buzdolabında 35-40 dk kadar bekletin. Hazırladığınız karışımdan ceviz büyüklüğünde parçalar alın. Elinizde yuvarlayın. Son olarak sultan lokumlarını hindistan cevizine bulayın. Sultan lokumlarını servis tabağına dizin. Soğuk olarak servis edebilirsiniz."
Sütlü Ovmaç Çorbası,çorba,süt yumurta un tuz tere yağı kırmızı toz biber,"Geniş bir kaba 1 adet küçük boy yumurta kırın. Üzerine azar azar 8 yemek kaşığı un ekleyin. Eliniz ya da çatal yardımı ile hamur parçaları oluşana kadar karıştırın. Daha sonra çıkan iri parçalara çimdik atıp, küçük parçalar elde edin. Diğer taraftan derin bir tencere içine 5 su bardağı süt koyun. Ocak üzerine alıp, kaynamaya bırakın. Süt kaynadıktan sonra hazırladığınız hamurlu küçük parçaları sütün içine yavaşça bırakıp, karıştırın. Yaklaşık 5 dakika pişmeye bırakın. Son olarak küçük bir tava içine 1 yemek kaşığı tereyağ koyup, eritin. Üzerine 1 çay kaşığı kırmızı toz biber koyup, kızdırın. Sütlü oğmaç çorbası üzerine kırmızı toz biber karışımı ve tuz ekleyip, karıştırın."
Tavada Kuzu Pirzola Kızartma,ana yemek,kuzu pirzola kekik kimyon sıvıyağ tuz,"4 adet kuzu pirzolayı bir kaba koyun. Üzerine tuz, kekik ve kimyon serpiştirin. Eliniz ile iyice harmanlayın. Geniş bir tavaya 1 çay bardağı sıvıyağ koyup, kızdırın. Yağın içine pirzolaları koyun. Tavanın kapağını kapatıp, kuzu pirzoların her iki tarafını iyice pişirin. Kızaran tavada kuzu pirzolaları servis tabağına alıp, sıcak olarak servis edebilirsiniz."
Tavuklu Hünkar Beğendi,ana yemek,tavuk göğsü soğan domates yeşil biber kırmızı toz biber tuz karabiber patlıcan tere yağı un süt kaşar peynir,"Geniş bir tavayı ocağa koyup, kızdırın. Üzerine 500 gr tavuk eti koyun. 1 adet ince ince doğranmış soğan ekleyin. Tavuklar suyunu salıp, çekene kadar pişirin. Daha sonra tavuk etlerin üzerine 2 adet doğranmış biber ve 1 adet domates ekleyin. 5 dakika kısık ateşte pişirin. Son olarak tuz ve baharatları ekleyip, karıştırın. Beğendisi İçin; küçük bir tencereye 1/2 yemek kaşığı tereyağ koyup, eritin. Üzerine 1 yemek kaşığı un ekleyip, 1 dakika kadar kavurun. Daha sonra 1/2 su bardağı sütü azar azar döküp, unun topaklanmaması için sürekli karıştırın. Bir taşım kaynatın. Kısık ateşte 2-3 dakika pişirin (Koyu bir kıvam alana kadar pişirin). Daha sonra 5 yemek kaşığı közlenmiş patlıcanı, tuz ve karabiberi ekleyin. Son olarak 3 yemek kaşığı rendelenmiş kaşar peynir koyup, 1-2 kere karıştırın. Daha sonra ocaktan alın. Hazırladığınız patlıcan beğendiği servis tabağının tabanına yayın. Üzerine de hazırladığınız tavuk soteyi koyun."
Tekirdağ Köftesi,ana yemek,dana kıyma soğan sarımsak irmik karbonat karabiber kırmızı toz biber kırmızı pul biber kimyon tuz,"Derin bir kaba 350 gr kıyma koyun. Üzerine 1 adet rendelenmiş soğan ve 2 diş sarımsak ekleyin. Son olarak 1 çimdik karbonat ve 1 çay kaşığı irmik de ilave edip, iyince yoğurun. Daha sonra hazırladığınız köfte karışına tuz ve baharatları ilave edin. Köfte karışımını 1-2 saat buzdolabında dinlenmeye bırakın. Geniş yanmaz bir tavaya 3 yemek kaşığı sıvıyağ koyup, kızdırın. Küçük bir kaba az miktar su koyun. Elinizi suya batırın. Köfte harcından ceviz büyüklüğünde parçalar alın. Parmak uzunluğunda şekiller verin. Şekil verdiğiniz tekirdağ köftelerini kızgın yağ içinde kızartın. Kızaran köfteleri kağıt havlu üzerine alın. Hazırladığınız tekirdağ köftesini sıcak olarak servis edebilirsiniz."
Tencerede Sebzeli Et Yemeği,ana yemek,kuzu eti patates havuç soğan domates yeşil biber sarımsak domates salçası tuz karabiber,"Patates, soğan ve domatesin kabuklarını soyup, halkalar halinde kesin. Havucu ve yeşil biberi jülyen şeklinde doğrayın. Tencere tabanına doğranmış soğanları dizin. Üzerlerine sırasıyla havuçları ve patatesleri yerleştirin. Son olarak da sebzelerin üzerine kuzu etini dizin. Kuzu etlerin üzerine doğranmış domatesleri ve biberleri ekleyin. Etlerin aralarına sarımsak yerleştirin. Son olarak tuz ve karabiberi de serpiştirin. Domates salçasını 1 su bardağı su ile iyice ezin. Hazırladığınız sebzeli et yemeğinin üzerine azar azar dökün. Orta ateş üzerinde 45-40 dakika kadar pişirin."
Terbiyeli Sebzeli Pirinçli Sulu Köfte Yemeği,ana yemek,kıyma soğan maydanoz domates salçası pirinç galeta unu patates havuç su karabiber tuz terbiye yumurta sarısı limon suyu,"Derin bir kaba 300 gr kıyma koyun. Üzerine rendelenmiş 1 adet soğan, 3 yemek kaşığı pirinç, ince ince kıyılmış 2 tutam maydanoz ekleyin. Son olarak 1 yemek kaşığı galeta unu, tuz ve karabiber, de ekleyip tüm malzemeyi iyice yoğurun. Daha sonra hazırladığınız köfte harcından parçalar alın. Elinizde parmak uzunluğunda şekiller verip, bir kaba dizin. Diğer taraftan 2 adet patates ve 1 adet havucun kabuklarını soyup, köftelerin uzunluğunda doğrayın. Derin bir tencere içine az miktar yağ dökün. Üzerine 1 yemek kaşığı salça ekleyip, 2-3 kere karıştırın. Daha sonra 1.5 litre su ilave edip, kaynatın. Kaynayan suyun içine doğranmış sebzeleri atıp, orta ateşte pişirin. Ardından hazırladığınız pirinçli köfteleri tek tek suya koyun. Üzerine az miktar da tuz ekleyin. Sebzeli pirinçli sulu köfte yemeğini yaklaşık 20 dk (pirinçler şişene) kadar pişirin. Diğer taraftan bir kaba yarım limon suyu ve 1 adet yumurta sarısı koyup, iyice çırpın. Hazırladığınız terbiyenin içine yemeğin suyundan bir kepçe kadar ekleyip, karıştırın. Daha sonra yemeğin içine döküp, 1-2 kere karıştırın. Son olarak 1-2 taşım kaynatıp, ocağın altını kapatın."
Trileçe Arnavut Tatlısı,tatlı,yumurta toz şeker un kabartma tozu vanilya süt süt kreması toz şeker süt tozu karamel jöle,"Yumurtanın aklarını ve sarılarını ayırın. Yumurta sarılarını çırpın. Yumurta aklarını toz şeker ile çırpın. Yumurta sarılarını karışıma azar azar ekleyin. Un, kabartma tozu ve vanilya ile karıştırın. Kek karışımını fırına verin. Şerbeti hazırlayın. Keki şerbet ile ıslatın. Karamel sosu dökün."
Yumurtalı Fasulye Turşusu Kavurması,turşu,taze fasulye turşusu soğan tere yağı yumurta,"13 adet taze fasulye turşusunu 2 ya da 3 parçaya bölün. Diğer yandan orta boy bir tava içine 1 yemek kaşığı tereyağı koyup, eritin. Üzerine ince ince doğranmış 1 adet küçük boy soğanı ekleyip, 1 dakika kavurun. Ardından taze fasulye turşularını koyun. Soğan ile beraber 2 dakika daha kavurun. Daha sonra 1 adet büyük boy yumurtayı bir kaba kırıp, iyice çırpın. Çırpılmış yumurtayı kavrulmuş fasulye turşularının üzerine dökün. Yumurta pişene kadar sürekli karıştırın. Pişen yumurtalı fasulye turşusu kavurmasını ocaktan alıp, sıcak ya da ılık olarak servis edebilirsiniz."
Zeytinyağlı Yaprak Sarması,ana yemek,salamura asma yaprağı soğan pirinç kuş üzümü dolmalık fıstık dereotu maydanoz toz şeker zeytinyağı limon tuz karabiber,"2 adet ince ince doğranmış soğanı geniş bir tavaya koyun. Üzerine 1 çay bardağı zeytinyağı döküp, 1-2 dakika kadar soteleyin. Ardından 2 su bardağı pirinç ekleyin. 1 yemek kaşığı toz şeker, tuz ve karabiberi koyup, 1 dakika daha kavurun. Daha sonra 2 tutam ince ince doğranmış dereotu, maydanoz, 2 yemek kaşığı fıstık ve 2,5 yemek kaşığı kuş üzümü koyun. Kaşık yardımı ile iyice karıştırın. Son olarak 1 su bardağı kadar sıcak su ekleyin. Kısık ateşte pirinçler suyunu çekene kadar pişirip, soğumaya bırakın. Diğer yandan 300 gr salamura yaprakları 5 dakika sıcak su içerisinde bekletin. Daha sonra 2-3 su yıkayın. Yaprakları tek tek tezgahın üzerine koyun. Hazırladığınız iç harçtan koyup, fotoğraflardaki gibi sarın. Sardığınız yaprak sarmalarını geniş bir tencere içine boşluk kalmayacak şekilde dizin. Üzerlerine limon dilimlerini yerleştirin ve porselen bir tabak kapatın. 1,5 su bardağı sıcak su ve 1/2 çay bardağı zeytinyağı ekleyin. Tencerenin kapağını kapatın. Kısık ateşte 40 dakika kadar pişirin."
4 Kaşık Çorbası,çorba,yeşil mercimek kırmızı mercimek bulgur pirinç sıcak su tuz yoğurt yumurta sarısı un kuru soğan zeytinyağı kuru nane kırmızı pul biber,"1 yemek kaşığı pirinç, 1 yemek kaşığı bulgur, 1 yemek kaşığı kırmızı mercimek ve 1 yemek kaşığı yeşil mercimeği süzgeç içine alıp, güzelce yıkayın. Yıkayıp suyunu süzdüğünüz bakliyatları orta boy derin bir tencere içine alın. Bakliyatların üzerine 6 buçuk su bardağı sıcak su döküp, kaynamaya bırakın. Kaynadıktan sonra kısık ateş üzerinde bakliyatlar iyice yumuşayana kadar pişirin. Terbiyesi için; bir kase içine 1 su bardağı yoğurt, 1 yemek kaşığı dolusu un ve 1 adet yumurta sarısı koyun. Tüm malzemeleri tel çırpıcı yardımı ile iyice karıştırın. Daha sonra kaynayan çorba suyundan 1 kepçe alıp, terbiyenin içine dökün. Terbiyenin kesilmemesi için hızlı bir şekilde karıştırıp, ılımasını sağlayın. Ardından terbiyeli karışımı çorbanın içine azar azar döküp, bir yandan da çorbanın kesilmemesi için hızlı bir şekilde karıştırın. Çorbanın kesilme yapmaması için kaynayana kadar karıştırmaya devam edin. Çorbanın sosu için; bir sos tavası içine 5 yemek kaşığı zeytinyağı koyup, ısıtın. Yağın üzerine 1 adet küçük boy ince ince doğranmış soğan koyun. Soğanlar renk değiştirip, iyice yumuşayana kadar sürekli karıştırarak kavurun. Son olarak kavurduğunuz soğanın üzerine 1 yemek kaşığı kuru nane ve 1 tatlı kaşığı kadar kırmızı pul biber ekleyip, hafifçe kızdırın. Ardından sosu çorbanın üzerine dökün. Damak tadınıza göre tuz koyup, güzelce karıştırın. Çorbayı 2-3 taşım daha kaynatıp, ocağın altını kapatın. Hazırladığınız terbiyeli 4 kaşık çorbasını 10 dakika kadar dinlenmeye bırakın. Daha sonra sıcak olarak servis edebilirsiniz."
Erişteli Nohutlu Yayla Çorbası,çorba,erişte haşlanmış nohut su tuz yoğurt yumurta sarısı un tereayağı kuru nane kırmızı pul biber,"Tencereye su koyup kaynatın. Kaynayan suyun içine erişte ekleyip, erişteler yumuşayana kadar pişirin. Terbiye için yoğurt, yumurta sarısı ve unu karıştırın. Erişteler piştikten sonra nohut ekleyip, karıştırın. Terbiyeyi çorbaya ekleyip, karıştırın. Üzeri için tereyağı, kuru nane ve kırmızı pul biberi karıştırıp, çorbanın üzerine dökün."
Közlenmiş Biberli Domates Çorbası,çorba,domates kapyabiber soğan sarimsak domates salçası tere yağı zeytinyağı un süt tuz kekik karabiber sıcak su,"5 adet orta boy domatesi ortadan ikiye bölün. Domateslerin baş kısımlarını kesin. 2 adet kapya biberi de ortadan ikiye kesip, çekirdek kısımlarını temizleyin. Domates ve biberleri yağlı kağıt serili fırın tepsisi içine dizin. 1 adet büyük boy soğanın kabuğunu soyun. Soğanı çok kalın olmayacak şekilde halkalar halinde dilimleyip, tepsi içine yerleştirin. 3 diş sarımsağı da küçük küçük dilimleyin. Dilimlediğiniz sarımsakları domateslerin üzerine serpiştirin. Tepsi içine dizdiğiniz sebzelerin üzerine biraz zeytinyağı gezdirin. Damak tadınıza göre tuz, karabiber ve kekik serpiştirin. Önceden ısıtılmış 200 derece fırına verip, sebzeleri közleyin. Daha sonra közlediğiniz sebzeleri fırından çıkartıp, kenarda ılımaya bırakın. Ardından közlenmiş domates ve biberlerin kabuğunu soyup, derin bir kase içine koyun. Közlenmiş soğan ve sarımsakları da ekleyin. Sebzelerin üzerine 1 su bardağı sıcak su dökün. Pürüzsüz bir kıvam alana kadar blendardan geçirin. Diğer tarafta orta boy derin derin bir tencere içine 2 yemek kaşığı zeytinyağı ve 1 yemek kaşığı tereyağı koyup, ısıtın. Isınan yağın üzerine 1 yemek kaşığı dolusu un ekleyin. Unun kokusu çıkana kadar sürekli karıştırarak, kavurun. Kavrulan unun üzerine 1 yemek kaşığı domates salçası ekleyin. Salçanın da kokusu çıkana kadar kavurmaya devam edin. Ardından tencereye blenderdan geçirdiğiniz domates ve biber karışımını ekleyip, güzelce karıştırın. Daha sonra tencereye 3 buçuk su bardağı sıcak su döküp, güzelce karıştırın. Ardından çorbayı kaynayana kadar karıştırmaya devam edin. Son olarak çorbaya 1 çay bardağı süt dökün. Damak tadınıza göre tuz koyup, karıştırın. Çorbayı 1-2 taşım daha kaynatıp, ocağın altını kapatın."
Pirinçli Yoğurt Çorbası,çorba,pirinç su tuz yoğurt yumurta sarısı un tere yağı kuru nane,"Pirinçleri yıkayın ve tencereye koyun. Pirinçlerin üzerine su dökün ve karıştırın. Pirinçler yumuşayana kadar pişirin. Terbiye için yoğurt, yumurta sarısı ve unu karıştırın. Terbiyeyi çorbaya azar azar dökün ve karıştırın. Çorbayı kaynayana kadar pişirin. Tuz ekleyin ve karıştırın. Naneli yağ karışımını çorbanın üzerine dökün ve karıştırın."
Arpa Şehriyeli Yoğurt Çorbası,çorba,arpa şehriye sıvı yağ sıcak su yoğurt yumurta sarısı un tereayağı kuru nane,Terbiyesini hazırlayın. Arpa şehriyeleri kavurun. Sıcak su ekleyin. Terbiyeyi ılıtın. Terbiyeyi çorbaya ekleyin. Kızdırılmış naneli tereyağını çorbaya ekleyin.
Bıt Bıt Çorbası,çorba,kıyma ince bulgur haşlanmış nohut kuru soğan yumurta un karabiber sıvı yağ su tuz yoğurt yumurta sarısı tereyağı biber salçası kuru nane,"Çukur bir kaba 250 gr kıyma koyun. Üzerine 1 adet yumurta kırın. 1 adet kuru soğan rendeleyin. Ardından 1 su bardağı ince bulgur, 1 çay kaşığı karabiber ve tuz ekleyin. Eliniz ile iyice yoğurun. Yoğurduğunuz kıymalı harçtan nohuttan biraz büyük parçalar alıp, elinizde yuvarlayın. Daha sonra tavaya az miktar sıvı yağ koyup, kızdırın. Köfteleri hafifçe sallayarak, kızartın. Daha sonra terbiyesi için; çukur bir kaba 1 su bardağı yoğurt ve 1 adet yumurta sarısı koyun. Tel çırpıcı yardımı ile iyice çırpın. Diğer tarafta orta boy derin bir tencere içine 2 yemek kaşığı sıvı yağ döküp, ısıtın. Yağın üzerine 2 yemek kaşığı un ekleyin. Unun kokusu çıkana kadar kavurun. Kavrulan unun üzerine 4 buçuk su bardağı su döküp, hızlı bir şekilde karıştırın. Ardından kaynamaya bırakın. Kaynayan çorba suyundan 1 kepçe alın. Yoğurtlu terbiyenin üzerine dökün. Hızlı bir şekilde karıştırarak, karışımın ılımasını sağlayın. Ardından yoğurtlu terbiyeyi çorbanın içine azar azar dökün. Hızlı bir şekilde karıştırıp, kaynamaya bırakın. Kaynayan çorbaya 1 su bardağı haşlanmış nohut koyun. Ardından kızarttığınız köfteleri ve damak tadınıza göre tuz koyup, karıştırın. Çorbayı 1-2 taşım daha kaynatın. Son olarak küçük bir tava içine 1 yemek kaşığı tereyağı koyup, eritin. Eriyen yağın üzerine 1 tatlı kaşığı biber salçası koyun. Salçanın kokusu çıkana kadar kavurun. Kavrulan salçanın üzerine 1 tatlı kaşığı kuru nane ekleyip, biraz daha kızdırın. Pişen bıt bıt çorbasının üzerine salçalı nane karışımını dökün. Çorbayı 2-3 kere karıştırın. Çorbanın kıvamı koyu ise üzerine azar azar sıcak su ekleyebilirsiniz."
Lokanta Usulü Tavuk Çorbası,çorba,tavuk göğsü fileto su tere yağı sıvı yağ un pirinç yumurta sarısı yoğurt sarımsak limon suyu,"Tavuk göğsü filetoyu 5 su bardağı su ile haşlayın. Haşlanan tavuk etini suyundan alın ve soğumaya bırakın. Tavuk etini küçük parçalara ayırın. Sıvı yağ ve tereyağını eritin. Unu ekleyip 1 dakika kavurun. Tavuk suyunu döküp hızlıca karıştırın. Pirinçleri ekleyip yumuşayana kadar pişirin. Terbiye için yumurta sarısı, yoğurt, sarımsak ve limon suyunu karıştırın. Terbiyeyi çorba suyuna azar azar döküp karıştırın. Tavuk etlerini, tuz ve karabiberi ekleyin."
Alişke Çorbası,çorba,kemiksiz tavuk eti patates soğan domates tereyağı sıcak su tuz un su yumurta limon suyu,Tavuk etini doğrayın. Patatesi soyup küp küp kesin. Tencerede tereyağını eritip soğanı kavurun. Tavuk etini ekleyip 10 dakika pişirin. Patatesi ekleyip 6-7 dakika pişirin. Domates ve tuz ekleyip 1 dakika kavurun. Sıcak su ekleyip kaynatın. Hamuru hazırlayıp çorbaya ekleyin. Terbiyeyi hazırlayıp çorbaya ekleyin.
Aşçıbaşı Çorbası,çorba,tavuk göğsü fileto kırmızı mercimek tel şehriye domates soğan tereyağı sıvı yağ un domates salçası tavuk suyu tuz karabiber kuru nane kırmızı pul biber maydanoz,"Orta boy derin bir tencere içine 1 adet küçük boy tavuk göğsü filetoyu koyun. Üzerine 6 su bardağı su döküp, yumuşayana kadar haşlayın. Daha sonra haşladığınız tavuk etini suyundan alıp, soğumaya bırakın. Ardından tavuk etini küçük küçük parçalara ayırın. Diğer tarafta başka derin bir tencere içine 1 yemek kaşığı tereyağ ve 1 yemek kaşığı sıvı yağ koyup, ısıtın. Yağın üzerine 1 adet küçük boy ince ince doğranmış soğan ekleyip, 2 dakika kavurun. Kavrulan soğanın üzerine 1 yemek kaşığı un ekleyip, yaklaşık 1 dakika kadar kavurun. Daha sonra tencereye 1 tatlı kaşığı dolusu domates salçası koyun. Salçanın hafifçe kokusu çıkana kadar kavurun. Ardından yarım su bardağı yıkanmış kırmızı mercimeği ekleyip, kısa bir süre kavurun. Son olarak tencereye 6 su bardağı tavuk suyu döküp, karıştırın. Mercimekler yumuşayana kadar çorbayı pişirin. Mercimekler iyice yumuşadıktan sonra pürüzsüz bir kıvam alana kadar blenderdan geçirin. Ardından çorbanın içine yarım çay bardağı kadar tel şehriye ve didiklediğiniz tavuk etlerini koyun. 1 adet küçük boy minik küpler halinde doğranmış domatesi de ekleyip, karıştırın. Şehriyeler ve domatesler yumuşayana kadar pişirin. Çorbanın kıvamı koyu ise azar azar sıcak su ya da tavuk suyu döküp, kıvamı açabilirsiniz. Pişen aşçı çorbası üzerine damak tadınıza göre tuz, karabiber, kuru nane ve kırmızı pul biber koyup, karıştırın. Çorbayı 1-2 taşım kaynatıp, ocağın altını kapatın. Hazırladığınız aşçıbaşı çorbasını kaselere koyup, üzerine ince ince doğranmış maydanoz serpiştirip, servis edebilirsiniz."
Bulgur Çorbası,çorba,kalın bulgur soğan yeşil biber domates domates salçası zeytinyağı sıcak su maydanoz tuz,"Orta boy derin bir tencere içine 3-4 yemek kaşığı zeytinyağı döküp, ısıtın. Yağın üzerine 1 adet küçük boy ince ince doğranmış soğan koyup, 1 dakika kavurun. Ardından soğanın üzerine 1 adet küçük küçük doğranmış yeşil biberi ekleyip, 1 dakika daha kavurun. Daha sonra tencereye 2 adet orta boy rendelenmiş domates ve 1 yemek kaşığı kadar domates salçası koyun. Salça ve domatesi 2 dakika kadar kavurun. Yarım su bardağı yıkanmış bulguru da ekleyip, 3-4 kere karıştırın. Ardından tencereye 6 su bardağı sıcak su dökün. 1-2 kere karıştırıp, kaynamaya bırakın. Çorba kaynadıktan sonra kısık ateş üzerinde bulgurlar yumuşayana kadar pişirin. Domatesli bulgur çorbası piştikten sonra üzerine 1 tutam ince ince doğranmış maydanoz ve damak tadınıza göre tuz ekleyin. Çorbayı güzelce karıştırıp, ocaktan alın. Çorbanın kıvamı koyu ise üzerine azar azar kaynar su ekleyip, kıvamını açabilirsiniz. Hazırladığınız bulgur çorbasını sıcak olarak servis edebilirsiniz."
Gırar Çorbası,çorba,haşlanmış buğday haşlanmış nohut küçük boy kabak taze nane tereyağı yoğurt yumurta sarısı un su,"1 adet küçük boy kabağı yıkayıp, minik küpler şeklinde doğrayın. Derin bir tencere içine 1 su bardağı haşlanmış buğday ve 1 su bardağı haşlanmış nohut koyun. Üzerlerine doğradığınız kabakları ve 1 yemek kaşığı tereyağı ekleyin. Tenceredeki malzemelerin üzerine 4 buçuk su bardağı suyun yarısını döküp, karıştırın. Bir kase içine 2 buçuk su bardağı yoğurt koyun. Yoğurdun üzerine 1 adet yumurta sarısı ve 1 yemek kaşığı un ekleyin. Bu karışımın üzerine kalan suyu döküp, iyice karıştırın. Hazırladığınız bu yoğurtlu karışımı tencerenin içine dökün. Son olarak 2-3 tutam ince ince doğranmış taze nane koyup, güzelce karıştırın. Hazırladığınız gırar çorbasını ocak üzerine alın. Sürekli karıştırarak, kaynamaya bırakın. Çorbanız kaynadıktan sonra kısık ateş üzerinde kabaklar yumuşayana kadar ara ara kontrol ederek pişirin. Gırar çorbası piştikten sonra ocak üzerinden alıp, kenarda 15 dakika kadar dinlenmeye bırakın."
Hidiv Çorbası,çorba,patates kabak havuç zeytinyağı sıcak su tuz karabiber tereyağı un soğuk su yumurta sarısı süt dereotu,"2 adet orta boy patates, 2 adet orta boy kabak ve 2 adet orta boy havucun kabuğunu soyup, güzelce yıkayın. Sebzeleri rendeleyin. Orta boy derin bir tencere içine 6 yemek kaşığı zeytinyağı döküp, ısıtın. Yağın üzerine rendelediğiniz sebzeleri koyun. Sebzeleri 5 dakika kadar sürekli karıştırarak, kavurun. Kavrulan sebzelerin üzerine 1 litre sıcak su döküp, kaynamaya bırakın. Kaynadıktan sonra orta kısık ateş üzerinde sebzeler iyice yumuşayana kadar ara ara karıştırarak, pişirin. Diğer tarafta çorbanın meyanesi için; bir sos tavası içine 1 yemek kaşığı tereyağı koyup, eritin. Eriyen yağın üzerine 2 yemek kaşığı un ekleyin. Unun hafifçe kokusu çıkana kadar kavurun. Kavrulan unun üzerine 1 su bardağı soğuk su dökün. Bir yandan da çırpıcı yardımı ile iyice karıştırıp, 1 taşım kaynatın. Ardından hazırladığınız meyaneyi çorbanın içine dökün. Çorbanız kaynayana kadar sürekli karıştırın. Daha sonra çorbanızın altını kısın. Ardından çorbayı pürüzsüz bir kıvam alması için ince tel süzgeçten geçirin. Arzu ederseniz tel süzgeçten geçirmek yerine hızlıca blender ile de çekebilirsiniz. Daha sonra çorbanın terbiyesi için; bir kase içine 1 adet yumurta sarısı koyun. Üzerine 1 su bardağı süt döküp, çırpıcı yardımı ile iyice karıştırın. Ardından çorba suyundan 1-2 kepçe alıp, terbiyenin içine dökün. Terbiyenin kesilmemesi için hızlı bir şekilde karıştırıp, ılımasını sağlayın. Daha sonra terbiyeli karışımı çorbanın içine döküp, bir yandan da çorbayı hızlı bir şekilde karıştırın. Çorbayı kaynayana kadar karıştırmaya devam edin. Çorbanız kaynadıktan sonra damak tadınıza göre tuz ve biraz karabiber ekleyip, karıştırın. Ardından ocağın altını kapatın. Hazırladığınız hidiv çorbasının üzerine 1 tutam ince ince doğranmış dereotu serpiştirip, sıcak olarak servis edebilirsiniz."
Karamelize Soğanlı Çorba,çorba,soğan un zeytinyağı tereyağı süt su tuz karabiber,"Soğanları ay şeklinde ince ince doğrayın. Tencere içine zeytinyağı döküp, ısıtın. Soğanları ekleyin ve karamelize olana kadar sürekli karıştırarak, pişirin. Tereyağı ekleyip, 1 dakika kadar daha sürekli karıştırarak, pişirmeye devam edin. Un koyun ve hafif kokusu çıkana kadar kavurmaya devam edin. Su azar azar döküp, topaklanma olmaması için hızlı bir şekilde karıştırın. Çorba suyu kaynayana kadar karıştırmaya devam edin. Tuz, karabiber ve süt koyun. 5 dakika kadar daha kaynatın."
Kıymalı Erişte Çorbası,çorba,eriste kıyma tereyağı sıvı yağ soğan domates salçası sıcak su tuz yoğurt yumurta sarısı un kuru nane,"Derin bir tencere içine 1 yemek kaşığı tereyağı ve 1 yemek kaşığı sıvı yağ koyup, ısıtın. Isınan yağın üzerine 1 adet küçük boy ince ince doğranmış soğan ekleyin. Soğanı 3 dakika kadar kavurun. Daha sonra kavrulan soğanın üzerine 3-4 yemek kaşığı kavrulmuş kıyma koyup, 3-4 kere karıştırın. Ardından tencereye 1 yemek kaşığı domates salçası ekleyin. Salçanın hafifçe kokusu çıkana kadar kavurun. Salçayı kavurduktan sonra tencerenin içine 6 su bardağı sıcak su döküp, karıştırın. Ardından kaynamaya bırakın. Çorba suyu kaynadıktan sonra içine 1 çay bardağı erişte koyup, karıştırın. Erişteler yumuşayana kadar pişirin. Diğer tarafta çorbanın terbiyesi için; bir kap içine 1 su bardağı yoğurt, 1 adet yumurta sarısı ve 1 yemek kaşığı un ekleyin. Terbiyeyi pürüzsüz bir kıvam alana kadar çırpıcı ile iyice karıştırın. Ardından kaynayan çorba suyundan 1 kepçe alıp, terbiyeli karışımın içine dökün. Terbiyeyi hızlı bir şekilde karıştırıp, ılımasını sağlayın. Yoğurtlu terbiyeyi azar azar çorbanın içine döküp, kesilmemesi için hızlı bir şekilde karıştırın. Daha sonra çorbayı kaynayana kadar karıştırmaya devam edin. Çorbanız kaynadıktan sonra üzerine damak tadınıza göre tuz ve kuru nane ekleyip, karıştırın."
Kolay Domates Çorbası,çorba,domates püresi domates salçası tere yağı un su süt tuz karabiber,Tencereye tereyağını koyup eritin. Eriyen yağın üzerine un koyun. Unun kokusu çıkana kadar kavurun. Kavrulan unun üzerine domates salçası ekleyin. Salçanın da kokusu çıkana kadar kavurun. Ardından tencereye domates püresi koyup karıştırın. Daha sonra karışımın üzerine su döküp karıştırın. Domates çorbası kaynayana kadar ara ara karıştırarak pişirin. Son olarak kaynayan domates çorbası içine süt döküp karıştırın. Damak tadınıza göre tuz ve karabiber ekleyin. 1-2 taşım kaynatıp ocağın altını kapatın.
Kremasız Mantar Çorbası,çorba,kültür mantarı soğan sarımsak tereyağı zeytinyağı un süt suy tuz karabiber,"Mantarı temizleyip, çok küçük olmayacak şekilde dilimleyin. Soğanı ve sarımsağı ince ince doğrayın. Tereyağı ve zeytinyağı koyup, ısıtın. Isınan yağın üzerine doğranmış soğanları ekleyin. Soğanları hafifçe yumuşayana kadar sürekli karıştırarak, kavurun. Kavrulan soğanların üzerine dilimlediğiniz mantarları ve 1 diş ince ince doğranmış sarımsak koyun. Mantarlar suyunu salıp, hafifçe çekene kadar orta ateş üzerinde sürekli karıştırarak, kavurun. Kavurduğunuz mantarların üzerine 2 buçuk yemek kaşığı un ekleyin. Mantarları un ile birlikte karıştırarak, bir süre daha kavurmaya devam edin. Tencereye 3 su bardağı soğuk suyu azar azar ekleyin. Topaklanma olmaması için bir yandan da çorbayı hızlı bir şekilde karıştırın. Ara ara karıştırarak, kaynamaya bırakın. Çorbanız kaynadıktan sonra içine 1 su bardağı süt döküp, karıştırın. Son olarak damak tadınıza göre tuz ve karabiber koyup, 1-2 taşım kaynatın. Çorbanızın kıvamı koyu ise üzerine azar azar sıcak su döküp, kıvamını ayarlayabilirsiniz. Çorbanızın piştikten sonra ocak üzerinden alıp, 5 dakika kadar dinlenmeye bırakın. Daha sonra sıcak olarak servis edebilirsiniz."
Lokanta Usulü Yayla Çorbası,çorba,pirinç yoğurt su yumurta sarısı un tuz tereayağı kuru nane,"Pirinçleri yıkayın ve 5.5 su bardağı su ile haşlayın. Yoğurt, yumurta sarısı ve unu karıştırın. Karışıma 2 kepçe kaynar çorba suyu ekleyin. Karışımı çorba suyuna azar azar dökün ve karıştırın. Tuz ekleyin ve 2-3 dakika kaynatın. Üzerine tereyağı ve kuru nane karışımı dökün."
Mantarlı Kuskuslu Tavuk Çorbası,çorba,tavuk budu kültür mantarı sıvı yağ un tavuk suyu kuskus süt maydanoz tuz karabiber,"Derin bir tencere içine 1 adet büyük boy tavuk budu koyun. Üzerine 6 su bardağı su döküp, kaynamaya bırakın. Kaynadıktan sonra kısık ateş üzerinde yumuşayana kadar pişirin. Daha sonra haşladığınız tavuk budunu suyundan alıp, küçük küçük parçalara ayırın. Suyunu da çorbada kullanmak üzere ayırın. Diğer tarafta 12 adet kültür mantarını temizleyip, çok küçük olmayacak şekilde doğrayın. Derin bir tencere içine 3 yemek kaşığı sıvı yağ döküp, ısıtın. Yağın üzerine doğradığınız mantarları ekleyin. Mantarlar suyunu salıp, hafifçe çekene kadar kavurun. Ardından kavrulan mantarların üzerine 1 buçuk yemek kaşığı un koyun. Unu da 1 dakika kavurun. Daha sonra başta haşladığınız tavuğun suyundan 5 su bardağını alıp, tencereye azar azar döküp, topaklanma olmaması için hızlı bir şekilde karıştırın. Ara ara karıştırarak kaynamaya bırakın. Çorbanın suyu kaynadıktan sonra üzerine yarım çay bardağı kadar kuskus koyun. Güzelce karıştırıp, kuskuslar yumuşayana kadar pişirin. Kuskuslar piştikten sonra küçük küçük parçalara ayırdığınız tavuk etlerini de çorbaya ekleyip, 3-4 kere karıştırın. Daha sonra çorbaya 1 buçuk su bardağı süt döküp, karıştırın. Damak tadınıza göre tuz ve karabiber de ekleyin. Güzelce karıştırıp, kaynamaya bırakın. Ardından ocağın altını kapatın. Eğer çorbanızın kıvamı yoğun ise üzerine azar azar tavuk suyu, su  ya da süt döküp, kıvamını açabilirsiniz. Hazırladığınız mantarlı kuskuslu tavuk çorbasının üzerine 1-2 tutam ince ince doğranmış maydanoz ekleyip, karıştırın. 10 dakika kadar dinlenmeye bırakın. Daha sonra sıcak olarak servis edebilirsiniz."
Sakala Çarpan Çorbası,çorba,haşlanmış yeşil mercimek erişte soğan domates salçası tereyağ zeytinyağı su tuz karabiber nane,"Orta boy derin bir tencere içine 2 yemek kaşığı tereyağı ve 1 yemek kaşığı zeytinyağı koyun. Tereyağı eriyince üzerine 1 adet orta boy ince ince doğranmış soğan ekleyip, 4-5 dakika kadar kavurun. Daha sonra kavrulan soğanın üzerine 1 yemek kaşığı dolusu domates salçası ekleyin. Salçanın hafifçe kokusu çıkana kadar kavurun. Salçayı kavurduktan sonra üzerine 1 su bardağı haşlanmış yeşil mercimek koyup, 3-4 kere karıştırın. Ardından tencereye 6 su bardağı sıcak su ya da et suyu döküp, kaynamaya bırakın. Çorba kaynadıktan sonra içine 1 su bardağı erişte koyup, karıştırın. Erişteler yumuşayana kadar pişirin. Son olarak erişteler piştikten sonra damak tadınıza göre tuz, kuru nane ve karabiber ekleyin. Çorbayı karıştırıp, 1-2 taşım kaynatın."
Sarımsaklı Un Çorbası,çorba,un tereyağı zeytinyağı sarımsak su tuz karabiber kırmızı toz biber kuru nane sirke,"Orta boy derin bir tencere içine 1 yemek kaşığı tereyağı ve 2 yemek kaşığı zeytinyağı koyup, ısıtın. Isınan yağın üzerine 4 yemek kaşığı un ekleyin. Çırpıcı yardımı ile unu yağa güzelce yedirin. Ardından unun kokusu çıkıp, hafifçe kahverengi olana kadar sürekli karıştırarak, kavurun. Daha sonra kavrulan unun üzerine 6 su bardağı suyu azar azar dökün. Bir yandan da topaklanma olmaması için çırpıcı yardımı ile hızlı bir şekilde karıştırın. Çorbayı sürekli karıştırarak, kaynamasını sağlayın. Çorbanız iyice kaynadıktan sonra içine 2 diş dövülmüş sarımsak, damak tadınıza göre tuz ve karabiber koyun. Sarımsaklı un çorbasını güzelce karıştırın. Orta kısık ateş üzerinde 30-35 saniye kadar daha kaynatıp ocak üzerinden alın. Çorbanın üzeri için; küçük bir tava içine 1 yemek kaşığı tereyağı koyup, eritin. Eriyen yağın üzerine 1 çay kaşığı kırmızı toz biber ekleyip, hafifçe kızdırın. Hazırladığınız sarımsaklı un çorbasını servis tabağına koyun. Üzerine kızdırdığınız tereyağlı kırmızı toz biber karışımından döküp, biraz kuru nane serpiştirin. Ardından servis edebilirsiniz."
Sebzeli Mantar Çorbası,çorba,kültür mantarı havuç kırmızı kapya biber soğan sarımsak dereotu un tereyağı zeytinyağı ılık su süt tuz karabiber,"1 adet orta boy havuç ve 1 adet orta boy kırmızı kapya biberi minik küpler şeklinde doğrayın. 1 adet küçük boy soğan, 1 diş sarımsak ve 1 tutam dereotunu ince ince doğrayın. Daha sonra 200-250 gr kültür mantarını temizleyip, çok küçük olmayacak şekilde doğrayın. Orta boy derin bir tencere içine 1 yemek kaşığı tereyağı ve 2 yemek kaşığı zeytinyağı koyun. Yağın üzerine önce doğranmış soğan ve sarımsağı koyup, 2 dakika kavurun. Ardından doğranmış havucu koyup, 2-3 dakika kadar kavurun. Daha sonra doğranmış kapya biberi ekleyin. Kapya biberi de 30 saniye kadar daha kavurun. Son olarak doğranmış mantarları koyup, 2 dakika sürekli karıştırarak kavurmaya devam edin. Daha sonra sebzelerin üzerine 1 yemek kaşığı tepeleme un ekleyin. Unu da sebzeler ile birlikte 1 dakika kadar daha kavurun. Ardından sebzelerin üzerine 4 su bardağı ılık su döküp, sürekli karıştırın. Sebzeler yumuşayana kadar ara ara karıştırarak pişirin. Sebzeler piştikten sonra üzerlerine 1 su bardağı süt dökün. Ardından damak tadınıza göre tuz ve karabiber ekleyin. Güzelce karıştırıp, 1 taşım kaynatın. Çorbanız kaynadıktan sonra üzerine ince ince doğranmış dereotu serpiştirip, karıştırın. Ocaktan alıp, 5-10 dakika kadar dinlenmeye bırakın."
Terbiyeli Tavuk Çorbası,çorba,tavuk but soğan tel şehriye su tuz karabiber yumurta sarısı limon suyu un çay bardağı su,"Derin bir tencere içine 2 adet tavuk budu koyun. 1 adet soğanın kabuğunu soyup, ortadan ikiye bölün. Soğanları tavuk butlarının arasına koyun. Üzerlerine 1 buçuk litre su dökün. Ocak üzerine alıp, tavuk butlarını yumuşayana kadar haşlayın. Daha sonra haşlanan tavuk butlarını suyundan alın. Bir tabak içine koyup, soğumaya bırakın. Ardından tavuk etlerini kemiklerinden çıkartıp, küçük küçük parçalara ayırın. Tavuk suyunun içindeki soğanı da çıkartıp, atın. Tavuk suyunu tekrar ocak üzerine alıp, kaynamaya bırakın. Çorbanın terbiyesi için; küçük bir kap içine 1 adet yumurta sarısı, 1 yemek kaşığı limon suyu ve 1 yemek kaşığı un koyun. Üzerine 1 çay bardağı su koyup, terbiyeyi iyice çırpın. Diğer tarafta kaynayan çorba suyunun içine 3 yemek kaşığı tel şehriye ekleyip, 10 dakika kadar pişmeye bırakın. Daha sonra çorba suyundan 1 kepçe alın. Hazırladığınız terbiyenin içine ekleyip, iyice karıştırarak ılımasını sağlayın. Terbiyeyi, çorba suyuna azar azar döküp, hızlı bir şekilde karıştırın. Orta ateş üzerinde 2-3 dakika kadar kaynamaya bırakın. Son olarak çorbanın içine tavuk etlerini, tuz ve karabiber koyup, karıştırın. Terbiyeli tavuk çorbasını 1-2 taşım daha kaynatıp, ocağın altını kapatın."
Topçata Çorbası,çorba,bulgur (iri) bulgur (ince) sıcak su tuz kıyma kimyon yoğurt yumurta sarısı maydanoz,Köfte harcını hazırlayın. Köfteleri şekillendirin ve bulgura bulayın. Çorba suyunu kaynatın ve köfteleri ekleyin. Bulgurları ekleyin ve pişirin. Terbiyeyi hazırlayın ve çorbaya ekleyin. Maydanozu ekleyin ve servis edin.
Valide Sultan Çorbası,çorba,pirinç bulgur hazır garnitür su tuz kıyma soğan galeta unu yoğurt un tereyağı kuru nane,"Pirinç ve bulguru yıkayıp, suyunu süzün. Derin bir tencere içine pirinç ve bulguru koyun. Üzerine 2 litreye yakın su döküp, ocak üzerinde kaynamaya bırakın. Kaynamaya başlayınca ocağın altını kısın. Kısık ateş üzerinde pirinç ve bulgurlar yumuşayana kadar pişirin. Küçük bir kaba 150 gr kıyma koyun. Üzerine rendelenmiş 1 adet küçük boy soğan, 1 yemek kaşığı galeta unu ve tuz ekleyin. Eliniz ile iyice yoğurun. Daha sonra kıymalı harçtan nohut büyüklüğünde parçalar alıp, elinizde yuvarlayın. Ardından hazırladığınız minik köfteleri sıvı yağ içerisinde hafifçe kızartın. Daha sonra 1 su bardağı hazır garnitürü süzgeç içerisinde yıkayıp, süzün. Pişen pirinç ve bulgurların üzerine garnitürü koyun. Ardından kızarttığınız köfteleri ekleyin. Karıştırıp, kaynamaya bırakın. Çorbanın terbiyesi için; bir kaba 1 buçuk su bardağı yoğurt ve 1 buçuk yemek kaşığı un koyup, iyice karıştırın. Ardından kaynayan çorba suyundan 1 kepçe kadar su alın. Terbiyenin içine koyup, karışımın ılınmasını sağlayın. Daha sonra yoğurtlu terbiyeyi çorbanın içine azar azar döküp, karıştırın. Son olarak damak tadınıza göre tuz ekleyip, çorbayı 3-4 dakika kadar daha kaynamaya bırakın. Çorbanın kıvamı koyu ise azar azar su ekleyerek, kıvamı açabilirsiniz. Son olarak küçük bir tava içine 1 tatlı kaşığı tereyağı ve 1 tatlı kaşığı kuru nane koyun. Ocak üzerine koyup, kokusu çıkana kadar kızdırın. Ardından çorbanın üzerine gezdirin. Kepçe yardımı ile karıştırın."
Yoğurtlu Semizotu Çorbası,çorba,semizotu bulgur soğan zeytinyağı su tuz yoğurt yumurta sarısı un limon suyu,"Semizotunu temizleyip, iyice yıkayın. Ardından bıçak ile ince ince kıyın. Orta boy derin bir tencere içine 1 adet ince ince doğranmış soğan koyun. Üzerine 3 yemek kaşığı zeytinyağı döküp, 2-3 dakika kadar kavurun. Kavurduğunuz soğanların üzerine doğranmış semizotunu ekleyin. Semizotunu 1-2 dakika kadar kavurun. Daha sonra tencereye 3 yemek kaşığı kalın bulgur koyun. 5 su bardağı kadar da ılık su dökün. Orta ateş üzerinde bulgurlar yumuşayana kadar pişirin. Diğer tarafta terbiyesi için; çukur bir kaba 1 su bardağı yoğurt koyun. Üzerine 1 adet yumurta sarısı, 1 tatlı kaşığı un ve yarım limon suyu ekleyin. Çırpıcı yardımı ile iyice karıştırarak, pürüzsüz bir kıvam elde edin. Daha sonra kaynayan çorba suyundan 1-2 kepçe alıp, terbiyeye koyun. Terbiyeyi hızlı karıştırarak, ılımasını sağlayın. Ardından yoğurtlu terbiyeyi çorba içine azar azar döküp, hızlı bir şekilde karıştırın. Kesilme yapmaması için kaynayana kadar sürekli karıştırarak, pişirin. Hazırladığınız yoğurtlu semizotu çorbasının içine damak tadınıza göre tuz ekleyip, karıştırın."
Artan Pilavdan Çorba,çorba,yoğurt yumurta sarısı un su pirinç pilavı tuz tereyağı kuru nane,"Orta boy derin bir tencere içine 1 buçuk su bardağı yoğurt, 1 adet yumurta sarısı ve 2 yemek kaşığı un koyun. Tüm malzemelerin iyice karışmasını sağlayın. Karışımın üzerine 7 su bardağı suyu azar azar döküp, bir yandan da güzelce karıştırın. Tencereye 2 su bardağı pirinç pilavı ekleyip, iyice karıştırın. Tencereyi ocak üzerine alın. Çorba kaynayana kadar sürekli karıştırarak, pişirin. Çorbanız piştikten sonra damak tadınıza göre tuz ekleyip, karıştırın. Çorbanın kıvamı koyu ise azar azar sıcak su ekleyip, kıvamı ayarlayabilirsiniz. Çorbanın üzeri için; küçük bir sos tavasına 1 yemek kaşığı dolusu tereyağı koyup, eritin. Eriyen yağın üzerine 1 yemek kaşığı dolusu kuru nane ekleyip, hafifçe kızdırın. Kızdırdığınız naneli karışımı çorbanın üzerine döküp, karıştırın."
Brüksel Lahanası Çorbası,çorba,brüksel lahanası zeytinyağı un süt su Karabiber Tuz,"Brüksel lahanasının sap kısımlarını kesip, ilk kattaki yapraklarını kopartın. Lahanaları güzelce yıkayıp, her birini dörde kesin. Orta boy derin bir tencere içine 5-6 yemek kaşığı zeytinyağı döküp, ısıtın. Isınan yağın üzerine kestiğiniz brüksel lahanalarını ekleyip, 3-4 kere karıştırın. Kısık ateş üzerinde brüksel lahanaları renk değiştirip, hafifçe yumuşayana kadar ara ara karıştırarak kavurun. Hafifçe yumuşayan lahanaların üzerine 1 yemek kaşığı un koyup, 1 dakika kadar kavurun. Daha sonra sebzelerin üzerine 4 buçuk su bardağı su döküp, güzelce karıştırın. Ardından kaynamaya bırakın. Kaynadıktan sonra kısık ateş üzerinde lahanalar iyice yumuşayana kadar pişirin. Lahanalar iyice yumuşadıktan sonra çorbayı pürüzsüz bir kıvam alana kadar blenderdan geçirin. Son olarak brüksel lahanası çorbasının içine 1 su bardağı süt döküp, güzelce karıştırın. Damak tadınıza göre tuz ve karabiber ekleyip, 1-2 taşım kaynatın. Ardından ocağın altını kapatın."
Etli Bamya Çorbası,çorba,taze bamya kuşbaşı doğranmış et küçük boy kuru soğan orta boy domates sarıkmsak domates salçası biber salçası tere yağı zeytinyağı limon suyu sıcak su tuz karabiber,"Ayıkladığınız taze bamyaları güzelce yıkayın. Yapışkan sıvı salmasını önlemek için bamyaları derin bir kaba koyun. Üzerlerine geçecek kadar su koyun. Ardından suyun içine 1 adet limon suyu sıkıp, çok az tuz ekleyip, bu şekilde bekletin. Daha sonra orta boy derin bir tencereyi ocak üzerine alıp, iyice ısıtın. Isınan tencereye 200 gr küçük kuşbaşı doğranmış eti koyun. Etlerin rengi dönüp, suyunu salana kadar sürekli karıştırarak, kavurun. Ardından etlerin üzerini hafifçe geçecek kadar su döküp, kaynamaya bırakın. Kaynadıktan sonra kısık ateş üzerinde etler suyunu çekip, yumuşayana kadar pişirin. Daha sonra pişen etlerin üzerine 1 adet küçük boy ince ince doğranmış soğan, 1 yemek kaşığı tereyağı ve 2 yemek kaşığı zeytinyağı ekleyin. Soğanlar yumuşayana kadar sürekli karıştırarak, kavurun. Daha sonra tencereye 1 yemek kaşığı domates salçası, yarım yemek kaşığı biber salçası ve 2 diş ince ince doğranmış sarımsak koyun. Salçaların kokusu çıkana kadar sürekli karıştırarak, kavurun. Ardından tencereye 1 adet orta boy rendelenmiş domates ekleyin. 1 dakika daha kavurmaya devam edin. Daha sonra tencereye suyunu süzdüğünüz bamyaları koyun. Bamyaların üzerine 1 litre sıcak su dökün. Su miktarını isteğe göre azaltabilirsiniz. Son olarak etli bamya çorbasına yarım limon suyu sıkın. Limon miktarını da isteğe göre arttırabilirsiniz. Damak tadınıza göre tuz ve karabiber ekleyin. Çorbayı 1-2 kere karıştırıp, kaynamaya bırakın. Çorbanız kaynadıktan sonra kısık ateş üzerinde bamyalar yumuşayana kadar pişirin."
Havuç Çorbası,çorba,havuç patates soğan tereyağı un süt su karabiber tuz dereotu,"Havuç, patates ve soğanı soyup rendeleyin. Tencereye tereyağı koyup eritin. Unu ekleyip kavurun. Soğanı ekleyip 2 dakika kavurun. Havuç ve patatesi ekleyip kavurun. Su ekleyip kaynatın. Kısık ateşte sebzeler yumuşayana kadar pişirin. Blenderdan geçirin. Süt ekleyip karıştırın. Tuz ve karabiber ekleyip kaynatın. Dereotu ekleyip karıştırın."
Havuçlu Mantar Çorbası,çorba,kültür mantarı havuç soğan sarıkmsak tere yağı zeytinyağı un tavuk suyu su süt dereotu tuz karabiber,"Mantarların kabuğunu soyup, nemli bir bez ile temizleyin. Havuçların kabuğunu soyun. Mantarları ve havuçları minik küpler şeklinde doğrayın. Soğanı ince ince doğrayın. Tereyağı ve zeytinyağıyı ısıtıp, soğanları ekleyin. Soğanların üzerine havuçları koyun. Havuçları da çok hafif yumuşayana kadar kavurun. Tencereye doğranmış mantarları ve sarımsağı ekleyin. Mantarları suyunu salıp, çok hafif çekene kadar kavurun. Unu ekleyin ve kavurmaya devam edin. Tavuk suyu ve suyu ekleyin. Çorbayı ara ara karıştırarak, kaynamaya bırakın. Kaynadıktan sonra 10 dakika kadar pişirin. Sütü ekleyin ve karıştırın. Tuz, karabiber ve dereotu ekleyin. 1-2 taşım kaynatın. Kıvamını ayarlayın ve servis edebilirsiniz."
Helle Çorbası,çorba,un tere yağı sıvı yağ pirinç su tuz kırmızı toz biber,"Tencereye tereyağı ve sıvı yağ koyun, karıştırın. Un ekleyin, kavurun. Su dökün, kaynatın. Pirinç ve tuz ekleyin, 15-20 dakika pişirin. Üzerine tereyağı ve kırmızı toz biber karışımı dökün."
İpek Çorbası,çorba,kırmızı mercimek tavuk göğsü kırmızı kapya biber havuç patates tavuk suyu süt un sıvı yağ tuz tereyağı kuru naen kırmızı kapya biber,"1 adet kırmızı kapya biber, 1 adet havuç ve 1 adet patatesi çok küçük olmayacak şekilde kesin. Daha sonra haşladığınız tavuk etini suyundan alıp, soğumaya bırakın. Ardından tavuk etlerini ince ince parçalara ayırın. Mercimek ve sebzeler yumuşadıktan sonra ocak üzerinden alın. Pürüzsüz bir kıvam alana kadar blenderdan geçirin. Çorbayı yapacağınız tencere içerisine 2 yemek kaşığı sıvı yağ ve 1 yemek kaşığı un koyun. Unun kokusu çıkana kadar kavurun. Kavrulan unun üzerine 1 su bardağı süt ve 2 su bardağı tavuk suyu ekleyip, iyice karıştırın. Ardından tencereye blendırdan geçirdiğiniz mercimekli karışımı da ekleyin. 1-2 kere karıştırıp, kaynamaya bırakın. Kaynamaya başladıktan sonra kısık ateş üzerinde 10 dakika daha pişirin. Çorbanın kıvamı koyu ise üzerine sıcak tavuk suyu ya da su ekleyip, kıvamı açabilirsiniz. Son olarak ipek çorbasının üzerine parçalara ayırdığınız tavuk etlerini ve damak tadınıza göre tuz koyun. Çorbayı 1-2 taşım daha kaynatıp, ocağın altını kapatın."
Kavrulmuş Tarhana Çorbası,çorba,toz tarhana tere yağı domates salçası biber salçası sarımsak su kırmızı pul biber kuru nane tuz,"Tencereye tereyağı koyup eritmek Sarımsak ekleyip 2-3 kere çevirmek Domates ve biber salçası ekleyip kavurmak Tarhana ekleyip 2 dakika kavurmak Su ekleyip karıştırarak kaynatmak Tuz, kuru nane ve kırmızı pul biber ekleyip karıştırmak"
Köfteli Şehriye Çorbası,çorba,arpa şehriye dolusudomates salçası sıvı yağ domates su tuz kıyma karabiber maydanoz,"Bir kaba 150 gr kıyma koyun. Damak tadınıza göre tuz ve karabiber ekleyin. Köfteli harcı eliniz ile iyice yoğurun. Yoğurduğunuz köfteli harçtan küçük parçalar alıp, elinizde yuvarlayın. Bir tencere içine 3-4 yemek kaşığı sıvı yağ dökün. Üzerine 1 tatlı kaşığı dolusu domates salçası koyup, salçanın kokusu çıkana kadar kavurun. Kavrulan salçanın üzerine 2 adet orta boy rendelenmiş domates ekleyin. Domatesi 2 dakika kadar ara ara karıştırarak, pişirin. Daha sonra tencereye 4 su bardağı su döküp, kaynamaya bırakın. Çorba suyu kaynadıktan sonra pürüzsüz bir kıvam alması için blenderdan geçirin. Ardından çorba suyunun içine yarım çay bardağı arpa şehriye koyun. Hazırladığınız minik köfteleri de ekleyip, karıştırın. Arpa şehriyeler ve köfteler yumuşayana kadar ara ara karıştırarak, pişirin. Köfteli şehriye çorbası piştikten sonra üzerine damak tadınıza göre tuz ve 1 tutam ince ince doğranmış maydanoz serpiştirip, karıştırın."
Közlenmiş Patlıcan Çorbası,çorba,patlıcan tere yağı zeytinyağı un sarımsak süt su tuz karabiber kırmızı pul biber,"Patlıcanları fırın tepsisine koyun, delikler açın, 220 derece fırında 30 dakika közleyin. Patlıcanları fırından çıkartıp, kenarda ılımaya bırakın. Patlıcanların kabuğunu soyun, ince ince doğrayın. Tencereye tereyağı, zeytinyağı, un koyup, ısıtın, karıştırın. Kavrulan una patlıcan, sarımsak ekleyin, 2 dakika kavurun. Süt, su ekleyin, karıştırın, kaynatın. Blenderdan geçirin, tuz, karabiber ekleyin. Tereyağı, kırmızı pul biber karışımını üzeri için hazırlayın."
Kuskus Çorbası,çorba,kuskus makarna kuru soğan kıyma sıvı yağ domates salçası su tuz pulbiber nane,"Derin bir tencere içine 1 adet ince ince doğranmış soğan ve 2-3 yemek kaşığı sıvı yağ ekleyin. Soğanı 2 dakika kadar kavurun. Kavrulan soğanın üzerine 100 gr kıyma koyun. Kıyma suyunu salıp, çekene kadar sürekli karıştırarak, pişirin. Daha sonra pişen kıymanın üzerine 1 yemek kaşığı domates salçası, damak tadınıza göre kırmızı pul biber, nane ve tuz ekleyin. Kıymalı harcı salça ve baharatlar ile biraz kavurun. Ardından tencereye 7 su bardağı sıcak su döküp, karıştırın. Çorba kaynamaya başladıktan sonra içine 1 su bardağından 1 parmak az kuskus makarna koyup, karıştırın. Kuskuslar yumuşayıncaya kadar ara ara karıştırarak, pişirin. Çorbanın kıvamı koyu olursa üzerine sıcak su döküp, kıvamı açabilirsiniz. Kuskus çorbası piştikten sonra servis kaselerine koyun. Üzerlerine ince ince doğranmış maydanoz serpiştirip, servis edebilirsiniz."
Lokanta Usulü Ezogelin Çorbası,çorba,kırmızı mercimek bulgur pirinç soğan tereyağı un domates salçası sıcak su nane pulbiber tuz karabiber,"Derin bir tencere içine 1 adet soğanı büyük parçalar halinde kesin. Üzerlerine 1 çay bardağı kırmızı mercimek, 2 yemek kaşığı pirinç ve 2 yemek kaşığı bulguru yıkayıp, tencere içine koyun. Üzerlerine 6 su bardağı su dökün. Hepsi yumuşayana kadar pişirin. Bütün bakliyatlar yumuşadıktan sonra iyice blenderdan geçirin. Orta boy bir tava içine 1 yemek kaşığı tereyağı koyup, eritin. Üzerine 1 yemek kaşığı un ekleyip, 1 dakika kadar kavurun. Daha sonra 1 buçuk yemek kaşığı domates salçası koyun. Salçanın üzerine yaklaşık 1-1 buçuk su bardağı ılık su ekleyip, salçanın kıvamını pürüzsüz hale gelene kadar açın. Hazırladığınız salçalı sos karışımını, çorbanın üzerine dökün. Tuz, karabiber, 1 tatlı kaşığı kuru nane ve yarım tatlı kaşığı kırmızı pul biber ekleyin. Çorbayı kepçe yardımı ile iyice karıştırın. Lokanta usulü ezogelin çorbasını 1-2 taşım kaynatıp, ocağın altını kapatın."
Mantarlı Domates Çorbası,çorba,domates püresi kültür mantar domates salçası tere yağı un sarımsak su tuz karabiber,"Mantarların dış kabuğunu soyup, sap kısımlarını biraz kısaltın. Mantarların dış yüzeyini nemli bir bez ile güzelce temizleyin. Mantarları çok küçük olmayacak şekilde dilimleyin. Tencere içine tereyağı koyup, eritin. Eriyen yağın üzerine sarımsak ekleyin. Sarımsağı hafifçe kokusu çıkana kadar kısa bir süre kavurun. Tencereye doğranmış mantarları ekleyin. Mantarları suyunu çekene kadar sürekli karıştırarak, kavurun. Kavrulan mantarların üzerine yarım yemek kaşığı tereyağı ekleyip, karıştırın. Tencereye un ekleyin. Unun kokusu çıkana kadar kavurmaya devam edin. Tencereye domates salçası koyun. Salçayı da diğer malzemeler ile birlikte 1 dakika kadar kavurun. Tencereye domates püresi ekleyip, 1 dakika sürekli karıştırarak, kavurun. Tencereye su döküp, bir yandan da topaklanma olmaması için sürekli karıştırın. Çorbayı kaynayana kadar ara ara karıştırarak, pişirmeye devam edin. Çorbanız kaynadıktan sonra damak tadınıza göre tuz ve karabiber ekleyin. 1-2 taşım daha kaynatıp, ocağın altını kapatın."
Mercimekli Tarhana Çorbası,çorba,toz tarhana kırmızı mercimek domates salçası tereyağı zeytinyağı su karabiber tuz,"Derin bir kase içine yarım su bardağı toz tarhana koyun. Tarhananın üzerine 1 su bardağı su döküp, iyice karıştırın. Kısa bir süre bekletip, erimesini sağlayın. Orta boy derin bir tencere içine yarım yemek kaşığı tereyağı ve 1-2 yemek kaşığı zeytinyağı koyup, ısıtın. Yağın üzerine 1 yemek kaşığı domates salçası koyun. Salçanın kokusu çıkana kadar kavurun. Daha sonra kavrulan salçanın üzerine yarım su bardağı yıkanmış kırmızı mercimek ekleyin. Mercimeği de 1 dakika kadar sürekli karıştırarak, kavurun. Kavrulan mercimeğin üzerine 6 su bardağı su dökün. Ardından su ısınmadan kasede erittiğiniz tarhanayı da ekleyip, güzelce karıştırın. Çorbayı kısık ateş üzerinde ara ara karıştırarak, mercimekler yumuşayana kadar pişirin. Mercimekler piştikten sonra çorbayı blender ile pürüzsüz bir hale getirin. Son olarak çorbanızın içine damak tadınıza göre tuz ve karabiber ekleyip, güzelce karıştırın."
Nohutlu Tarhana Çorbası,çorba,toz tarhana haşlanmış nohut tere yağı zeytinyağı domates salçası sarımsak soğuk su kuru nane kırmızı pul biber karabiber tuz,"Tencereye tereyağı ve zeytinyağı koyup ısıtın. Ezilmiş sarımsak ekleyip 2-3 kere çevirin. Domates salçası koyun ve salçanın kokusu çıkana kadar karıştırarak kavurun. Toz tarhana ekleyin ve 1 dakika kadar kavurun. Soğuk suyu azar azar dökün ve topaklanma olmaması için hızlı bir şekilde karıştırın. Çorba kaynayana kadar sürekli karıştırın. Haşlanmış nohut koyup 1-2 dakika kadar pişirin. Tuz, karabiber, kuru nane ve kırmızı pul biber koyun. 1-2 kere karıştırıp ocağın altını kapatın."
Patatesli Kabak Çorbası,çorba,kabak patates havuç tereyağı zeytinyağı un süt su tuz karabiber dereotu,"2 adet orta boy kabak, 1 adet orta boy patates ve 1 adet orta boy havucun kabuğunu soyun. Sebzeleri rendenin kalın tarafı ile rendeleyin. Orta boy derin bir tencere içine 1 yemek kaşığı tereyağı ve 2-3 yemek kaşığı zeytinyağı koyup, ısıtın. Yağın üzerine rendelediğiniz sebzeleri ekleyin. Sebzeleri suyunu çekene kadar sürekli karıştırarak, kavurun. Suyunu çeken sebzelerin üzerine 2 yemek kaşığı un ekleyin. Unu sebzeler ile birlikte 1 dakika daha kavurmaya devam edin. Daha sonra sebzelerin üzerine 1 litre su dökün ve topaklanma yapmaması için hızlı bir şekilde karıştırın. Ardından ara ara karıştırarak, kaynamaya bırakın. Kaynadıktan sonra 2-3 dakika kadar daha kaynatmaya devam edin. Çorbanız kaynadıktan sonra üzerine 1 su bardağı süt, damak tadınıza göre tuz ve karabiber ekleyin. Çorbayı güzelce karıştırıp, 1-2 taşım kaynatın. Son olarak çorbanız piştikten sonra üzerine 1 tutam ince ince doğranmış dereotu serpiştirip, karıştırın."
Patatesli Mercimek Çorbası,çorba,kırmızı mercimek kuru soğan havuç patates tere yağı zeytinyağı sıcak su tuz karabiber,"Patates, havuç ve soğanı küçük küpler halinde doğrayın. Tencere içinde tereyağı ve zeytinyağını ısıtın. Soğanı 2 dakika kavurun. Patates ve havucu ekleyip 2 dakika daha kavurun. Mercimeği ekleyip 1 dakika kavurun. Sıcak su döküp kaynamaya bırakın. Mercimek ve sebzeler yumuşayana kadar pişirin. Blenderdan geçirin. Tuz ve karabiber ekleyip 1-2 taşım kaynatın."
Pirinç Çorbası,çorba,pirinç soğan sivri biber kırmızı biber domates domates salçası zeytinyağı maydanoz sıcak su tuz karabiber,"1 adet küçük boy soğan, 1 adet kırmızı biber ve 2 adet yeşil biberi ince ince doğrayın. 2 adet domatesin kabuğunu soyup, rendeleyin. Derin bir tencere içine 4-5 yemek kaşığı zeytinyağı koyun. Üzerine doğradığınız biberleri ve soğanı koyup, 1 dakika kavurun. Daha sonra tencere içine rendelenmiş domatesi ekleyip, 1 dakika kadar daha kavurun. Ardından 1 yemek kaşığı domates salçası koyun. Salçayı diğer malzemeler ile çok az daha kavurun. Kavurma işlemleri bittikten sonra tencere içine 6 su bardağı sıcak su döküp, karıştırın. Ardından kaynamaya bırakın. Kaynayan çorbanın içine 1 çay bardağı pirinç koyup, karıştırın. Pirinçler yumuşayıp, şişene kadar pişirin. Pirinç çorbası piştikten sonra üzerine damak tadınıza göre tuz, karabiber ve 1 tutam ince ince doğranmış maydanoz ekleyip, karıştırın. Çorbanın kıvamı koyu ise azar azar sıcak su ekleyip, kıvamı ayarlayabilirsiniz."
Kremalı Sebze Çorbası,çorba,patates havuç kırmızı kapya biber soğan kabak haşlanmış bezelye konserve mısır sıvı yağ un sıvı krema sıcak su tuz karabiber dereotu,"Patates, havuç, kabak, kırmızı kapya biber ve soğanı küçük küçük küpler halinde doğrayın. Orta boy derin bir tencere içine 5 yemek kaşığı sıvı yağ dökün. Yağın üzerine ilk önce doğranmış soğanı koyun. Üzerine doğranmış havuç ve doğranmış patatesi ekleyin. Soğan, havuç ve patatesi 2 dakika kadar kavurun. Ardından doğranmış kabak ve doğranmış kırmızı kapya biberi de koyun. Tüm sebzeleri 2 dakika kadar kavurmaya devam edin. Daha sonra sebzelerin üzerine 2 yemek kaşığı un ekleyin. Unu da sebzeler ile birlikte 1-2 dakika kadar daha kavurun. Daha sonra sebzelerin üzerine 5 buçuk su bardağı sıcak su döküp, karıştırın. Sebzeler yumuşayana kadar pişirin. Sebzeler yumuşadıktan sonra 1 çay bardağı haşlanmış bezelye ve 1 çay bardağı konserve mısır ekleyip, güzelce karıştırın. Son olarak tencereye 200 ml sıvı krema, damak tadınıza göre tuz ve karabiber koyun. Çorbayı güzelce karıştırıp, kaynamaya bırakın. Kaynadıktan sonra ocağın altını biraz kısıp, çorbayı 2-3 dakika daha pişirin. Tane sebzeli kremalı çorbanın üzerine 1-2 tutam ince ince doğranmış dereotu serpiştirip, tekrar karıştırın. Ocaktan alıp, 5-10 dakika kadar dinlenmeye bırakın."
Sebzeli Tavuk Çorbası,çorba,tavuk but havuç kırmızı kapya biber yeşil biber sarımsak tereyağı sıvı yağ un tel şehriye maydanoz tavuk suyu tuz karabiber,"Orta boy derin bir tencere içine 1 adet büyük boy tavuk budu koyun. Üzerini 3-4 parmak geçecek kadar su döküp, kaynamaya bırakın. Kaynadıktan sonra kısık ateş üzerinde tavuk budu yumuşayana kadar pişirin. Pişen tavuk etini suyundan alıp, soğumaya bırakın. Ardından küçük küçük parçalara ayırın. Diğer tarafta 1 adet küçük boy havucu, 1 adet küçük boy kırmızı kapya biberi ve 1 adet küçük boy yeşil biberi küçük küpler halinde doğrayın. Orta boy derin bir tencere içine yarım yemek kaşığı tereyağı ve 1 yemek kaşığı sıvı yağ koyup, ısıtın. Isınan yağın üzerine doğranmış havuçları ekleyip, 1 dakika kavurun. Ardından tencereye doğranmış biberleri ve 1 diş rendelenmiş sarımsağı koyup, 1 dakika kadar daha kavurun. Kavrulan sebzelerin üzerine 1 buçuk yemek kaşığı un ekleyip, unun kokusu çıkana kadar kavurun. Daha sonra tencereye 6 su bardağı tavuk suyu döküp, güzelce karıştırın. Ardından çorba suyunu kaynamaya bırakın. Kaynayan çorba suyunun üzerine 1 çay bardağı tel şehriye koyup, karıştırın. Şehriyeler yumuşayana kadar pişirin. Son olarak tencereye küçük küçük parçalara ayırdığınız tavuk etlerini koyun. Damak tadınıza göre tuz ve karabiber ekleyip, karıştırın. Tavuk çorbasını 2 dakika kadar daha pişirip, ocağın altını kapatın."
Semizotu Çorbası,çorba,semizotu bulgur soğan zeytinyağı su tuz yoğurt yumurta sarısı un limon suyu,"Semizotunu ayıklayıp, yıkayın. İnce ince kıyın. Tencereye zeytinyağı ve ince doğranmış soğan ekleyip, 2-3 dakika kadar kavurun. Semizotunu ekleyin. 2 dakika kadar kavurun. Tencereye bulgur koyun. 5 su bardağı kadar da ılık su döküp, orta ateşte bulgurlar yumuşayana kadar pişirin. Çorbanın terbiyesi için; bir kaba yoğurt, yumurta sarısı, un ve limon suyu ekleyin. Çırpıcı yardımı ile iyice karıştırın. Kaynayan çorba suyundan 1-2 kepçe alıp, terbiye içine koyun. Hızlı bir şekilde karıştırarak, ılımasını sağlayın. Hazırladığınız yoğurtlu terbiyeyi çorba içine azar azar döküp, hızlı bir şekilde karıştırın. Çorbanın kesilme yapmaması için kaynayana kadar sürekli karıştırın. Semizotu çorbası piştikten sonra damak tadınıza göre tuz koyup, karıştırın."
Süleymaniye Çorbası,çorba,kırmızı mercimek ıspanak yaprağı patates havuç kabak kuru soğan sarımsak tereyağı un zeytinyağı tuz karabiber sıcak su kıyma,"Orta boy derin bir tencere içine 1 su bardağı yıkanmış kırmızı mercimeği koyun. Mercimeğin üzerine 6 su bardağı sıcak su döküp, iyice yumuşayana kadar pişirin. Hafifçe derin orta boy bir tencere içine 1 adet ince ince doğranmış soğan koyun. Üzerine 3 yemek kaşığı zeytinyağı döküp, 2 dakika kavurun. Kavrulan soğanın üzerine 1 adet rendelenmiş küçük boy havucu ekleyip, 1-2 dakika kavurun. Daha sonra tencereye 1 adet rendelenmiş küçük boy patatesi ve 1 adet rendelenmiş küçük boy kabağı koyup, 1-2 dakika daha kavurun. Ardından sebzelerin üzerine 2 su bardağı su ekleyip, hafifçe pişirin. Büyük derin bir tencere içine 1 yemek kaşığı dolusu tereyağı ekleyip, eritin. Eriyen yağın üzerine 1 yemek kaşığı un koyun. Unun kokusu çıkana kadar kavurun. Kavrulan unun üzerine pişen sebzeleri suyuyla birlikte ekleyin. Ardından da haşlanmış olan mercimeği suyuyla beraber tencereye koyun. 2 diş rendelenmiş sarımsak, damak tadınıza göre tuz, karabiber ve 1-2 su bardağı kadar sıcak su ekleyip, çorbayı pişirin. Çorbanın köftesi için; bir kaba 200 gr kıyma, tuz ve karabiber koyup, eliniz ile iyice yoğurun. Köfte harcından küçük parçalar alıp, elinizde yuvarlayın. Bir tava ya da tencere içine biraz tereyağı koyup, eritin. Yağın içine köfteleri koyup, kızartın. Kızaran köfteleri ve 10 adet ince ince doğranmış ıspanak yaprağını pişen çorbanın içine ekleyin. Süleymaniye çorbasını yaklaşık 5 dakika daha pişirin."
Sütlü Erişte Çorbası,çorba,erişte süt su tere yağı kuru nane kırmızı toz biber tuz,"Orta boy derin bir tencere içine 2 buçuk su bardağı su dökün. Suyun üzerine 2 buçuk su bardağı süt ekleyip, karıştırın. Kaynamaya bırakın. Kaynayan sütlü çorba suyuna 1 su bardağı erişte koyup, karıştırın. Erişteler yumuşayana kadar ara ara karıştırarak, pişirin. Son olarak damak tadınıza göre tuz ekleyip, karıştırın. Çorbanın sosu için; küçük bir sos tavası içine 1 yemek kaşığı tereyağı koyup, eritin. Eriyen yağın üzerine 1 yemek kaşığı kadar kuru nane ve 1 çay kaşığı kırmızı toz biber koyun. Güzelce karıştırıp, hafifçe kızdırın. Ardından naneli yağ karışımını çorbanın üzerine döküp, karıştırın."
Sütlü Mantar Çorbası,çorba,kültür mantarı un sıvı yağ süt suy tuz karabiber,"400 gr mantarı iyice yıkayıp, ince ince dilimleyin. İsteğe göre mantarların kabuklarını ayıklayabilirsiniz. Bir tencere içine 3 yemek kaşığı sıvı yağ koyun. Üzerine ince ince dilimlediğiniz mantarları ekleyin. Mantarlar suyunu salıp, çekene kadar kavurun. Kavrulmuş olan mantarların üzerine 2 yemek kaşığı un ekleyin. Mantarları un ile birlikte karıştırarak, az bir süre daha kavurun. Tencereye 3 buçuk su bardağı soğuk suyu azar azar ekleyip, hızlı bir şekilde karıştırın. Ara ara karıştırarak, kaynamaya bırakın. Kaynayan çorbanın altını kısıp, 3-4 dakika daha kaynatın. Daha sonra çorbanın içine 1 su bardağı süt ekleyip, karıştırın. Damak tadınıza göre tuz ve karabiber koyup, 1-2 taşım kaynatın. Sütlü mantar çorbası piştikten sonra ocağın altını kapatın. 5 dakika kadar dinlenmeye bırakın. Daha sonra sıcak olarak servis edebilirsiniz."
Sütlü Mısır Çorbası,çorba,haşlanmış konserve mısır süt tavuk suyu tere yağı sıvı yağ un dereotu tuz pul biber,"Küçük derin bir tencere içine 1 yemek kaşığı tereyağı ve 1 yemek kaşığı sıvı yağ koyun. Tereyağını karıştırıp, erimesini sağlayın. Eriyen yağın üzerine 2 yemek kaşığı un ekleyin. Unun kokusu çıkana kadar sürekli karıştırarak, kavurun. Daha sonra kavrulan unun üzerine 2 su bardağı süt ve 2 su bardağı tavuk suyu dökün. Unun topaklanmaması için çırpıcı yardımı ile hızlı bir şekilde karıştırın. Ardından çorbayı kaynayana kadar karıştırmaya devam edin. Çorba kaynadıktan sonra üzerine 1 su bardağı haşlanmış konserve mısır koyun. Damak tadınıza göre tuz ekleyip, çorbayı kısık ateş üzerinde 6-7 dakika pişirin. Çorbanın kıvamı koyu ise biraz sıcak su ekleyip, kıvamı açabilirsiniz. Sütlü mısır çorbası piştikten sonra üzerine 1 tutam ince ince doğranmış dereotu serpiştirip, karıştırın. Çorbanın üzeri için; küçük bir sos tavası içine 1 yemek kaşığı tereyağı koyup, eritin. Eriyen yağın üzerine 1 çay kaşığı dolusu kırmızı pul biber koyup, biraz kızdırın. Hazırladığınız sütlü mısır çorbasını kaselere koyun. Üzerine tereyağında kızdırdığınız kırmızı pul biberi gezdirip, sıcak olarak servis edebilirsiniz."
Sütlü Un Çorbası,çorba,un tereyağı sıvı yağ süt su tuz kırmızı toz biber kuru nane,"Orta boy derin bir tencere içine 2 yemek kaşığı tereyağı ve 1 yemek kaşığı sıvı yağ koyup, yağın erimesini sağlayın. Eriyen yağın üzerine 5 yemek kaşığı un ekleyin. Unun kokusu çıkıp, hafifçe kahverengi olana kadar kavurun. Daha sonra kavrulan unun üzerine öncelikle 3 su bardağı soğuk süt döküp, bir yandan da topaklanma olmaması için hızlı bir şekilde karıştırın. Kısa bir süre karıştırdıktan sonra çorbaya 3 buçuk su bardağı su dökün. Son olarak damak tadınıza göre tuz ekleyin. Çorbayı hafifçe koyu bir kıvam alana kadar sürekli karıştırarak, pişirin. Çorbanın üzeri için; küçük bir tava içine 1 yemek kaşığı tereyağı koyup, eritin. Eriyen yağın üzerine biraz kırmızı toz biber ve kuru nane ekleyip, kızdırın. Hazırladığınız sütlü un çorbasını servis kaselerine koyun. Üzerine kızdırdığınız tereyağlı karışımdan döküp, servis edebilirsiniz."
Tavuklu Mercimek Çorbası,çorba,kırmızı mercimek tavuk baget soğan sarımsak un tereyağı tuz sıvı yağ kırmızı toz biber,"Tencereye tereyağı koyup eritin. Unu ekleyin ve 1 dakika kavurun. Mercimek, soğan, sarımsak, tavuk baget ve tuz ekleyin. 4.5 su bardağı sıcak su ekleyin ve kapağını kapatıp pişirin. Tavuk bagetleri didikleyin ve mercimekleri pürüzsüz hale getirin. Çorbanın içine didiklenen tavuk etlerini ekleyin. Üzerine kızdırılan kırmızı biberli yağ karışımını dökün."
Tel Şehriye Çorbası,çorba,tel şehriye haşlanmış nohut domates salçası zeytinyağı su maydanoz kırmızı pul biber tuz,"Orta boy derin bir tencere içine 3 yemek kaşığı zeytinyağı koyup, ısıtın. Isınan yağın üzerine 1 yemek kaşığı domates salçası ekleyin. Salçanın kokusu çıkana kadar sürekli karıştırarak, kavurun. Daha sonra kavrulan salçanın üzerine 1 çay bardağı tel şehriye ekleyin. Şehriyeyi de kısık ateş üzerinde sürekli karıştırarak, 1 dakika kavurun. Ardından tencereye 4 su bardağı su, 1 çay kaşığı kırmızı pul biber ve damak tadınıza göre tuz ekleyip, güzelce karıştırın. Çorbayı orta ateş üzerinde kaynamaya bırakın. Çorbanız kaynadıktan sonra içine 1 çay bardağı haşlanmış nohut koyun. Tel şehriyeler yumuşayana kadar ara ara karıştırarak, pişirmeye devam edin. Tel şehriye çorbası piştikten sonra içine 1 tutam ince ince doğranmış maydanoz ekleyin. Çorbayı güzelce karıştırıp, ocak üzerinden alın."
Terbiyeli Ispanak Çorbası,çorba,ıspanak soğan sıvı yağ su tuz yoğurt yumurta sarısı un limon suyu tereayağı kırmızı pul biber,"100 gr ıspanağı temizleyip, yıkayın. Bıçak yardımı ile ince ince doğrayın. Orta boy derin bir tencere içine 2 yemek kaşığı sıvı yağ dökün. Üzerine 1 adet küçük boy ince ince doğranmış soğanı koyup, 2 dakika kadar kavurun. Daha sonra tencere içine ince ince doğranmış ıspanakları ekleyin. Ispanakları 4-5 dakika kavurup, üzerine 4 buçuk su bardağı su döküp, kaynamaya bırakın. Çorbanın terbiyesi için; çukur bir kaba 5 yemek kaşığı yoğurt koyun. Üzerine 1 adet yumurta sarısı, 1 yemek kaşığı un ve 1-2 damla limon suyu ekleyin. Tel çırpıcı ile iyice çırpın. Ardından çorbanın kaynayan suyundan 1 kepçe alıp, terbiyenin üzerine ekleyin. Hızlı bir şekilde karıştırarak, terbiyenin ılımasını sağlayın. Hazırladığınız terbiyeyi çorbanın üzerine azar azar döküp, hızlıca karıştırın. Ara ara karıştırarak, kaynamaya bırakın. Çorba kaynadıktan sonra üzerine damak tadınıza göre tuz ekleyip, karıştırın. Çorbanın kıvamı koyu ise üzerine azar azar sıcak su döküp, kıvamı açabilirsiniz. Küçük bir tava içine 1 yemek kaşığı tereyağı koyup, eritin. Eriyen yağın üzerine 1 tatlı kaşığı kırmızı pul biber koyup, biraz kızdırın. Çorbanın üzerine döküp, sıcak olarak servis edebilirsiniz."
Terbiyeli Kavrulmuş Şehriye Çorbası,çorba,tel şehriye tereyağı sıcak su tuz karabiber yumurta sarısı yoğurt,"Orta boy bir tencere içine 1 yemek kaşığı tereyağı koyup, eritin. Üzerine 1 su bardağı tel şehriyeyi ekleyin. Hafifçe kahve rengi alana kadar sürekli kavurun. Daha sonra kavrulmuş şehriyenin üzerine 5 su bardağı sıcak su döküp, kaynamaya bırakın. Kaynadıktan sonra ocağın altını kısıp, yaklaşık 10 dakika kadar pişirin. Çorbanın terbiyesi için; küçük bir kaba 1 adet yumurta sarısı koyun. Üzerine 2 yemek kaşığı yoğurt ekleyip, iyice karıştırın. Ardından terbiyeli karışıma kaynayan çorba suyundan az miktar su ekleyip, karışımın ılınmasını sağlayın. Daha sonra çorbanın üzerine azar azar döküp, hızlı bir şekilde karıştırın. Damak tadınıza göre tuz ve az miktar karabiber de ekleyip, 1-2 taşım kaynatın."
Terbiyeli Pırasa Çorbası,çorba,pırasa tere yağı su tuz karabiber yoğurt yumurta sarısı un limon suyu,"Pırasaları temizleyin, ikiye kesin, ince ince doğrayın. Tencereye tereyağı koyup, eritin. Doğranmış pırasaları ekleyin, karıştırarak yumuşayana kadar pişirin. Pırasaların üzerine su döküp, 10 dakika daha pişirin. Terbiye için yoğurt, un, yumurta sarısı ve limon suyunu karıştırın. Kaynayan çorba suyundan 1 kepçe alıp, terbiyeye dökün, karıştırın. Terbiyeli karışımı çorbaya dökün, karıştırın. Tuz ve karabiber ekleyin, karıştırın."
Terbiyeli Şehriye Çorbası,çorba,arpa şehriye tereyağı su yoğurt yumurta sarısı un kuru nane kırmızı pul biber,"Orta boy derin bir tencere içine 1 yemek kaşığı tereyağı koyup, eritin. Eriyen yağın üzerine yarım su bardağı arpa şehriyeyi ekleyin. Şehriyeleri hafifçe kahverengi olana kadar sürekli karıştırarak, kavurun. Daha sonra şehriyelerin üzerine 4 buçuk su bardağı su döküp, kaynamaya bırakın. Kaynadıktan sonra kısık ateş üzerinde 6-7 dakika kadar pişirin. Çorbanın terbiyesi için; çukur bir kap içine 3 yemek kaşığı yoğurt koyun. Üzerine 1 adet yumurta sarısı ve 1 yemek kaşığı un ekleyin. Tel çırpıcı yardımı ile iyice çırpın. Ardından kaynayan çorba suyundan 1 kepçe kadar alıp, terbiyenin üzerine koyun. Hızlı bir şekilde karıştırarak, terbiyenin ılımasını sağlayın. Hazırladığınız yoğurtlu terbiyeyi azar azar çorbanın üzerine döküp, kesilme yapmaması için hızlı bir şekilde karıştırın. Hazırladığınız terbiyeli şehriye çorbasını ara ara karıştırarak, kaynamaya bırakın. Çorba kaynadıktan sonra üzerine damak tadınıza göre tuz ekleyin. Karıştırıp, ocağın altını kapatın. Çorbanın kıvamı koyu ise üzerine azar azar sıcak su döküp, kıvamı açabilirsiniz. Son olarak küçük bir tava içine 1 yemek kaşığı tereyağı koyup, eritin. Üzerine kuru nane ve kırmızı pul biber koyup, biraz kızdırın. Hazırladığınız terbiyeli şehriye çorbasının üzerine kızdırılmış tereyağlı karışımdan döküp, sıcak olarak servis edebilirsiniz."
Yeşil Mercimekli Mantı Çorbası,çorba,yeşil mercimek hazır kayseri mantısı yoğurt yumurta sarısı un su tuz tere yağı nane kırmızı pulbiber,"Yeşil mercimekli mantı çorbası için; ilk olarak 1 çay bardağı mercimeği derin bir tencere içine koyun. Üzerine çıkacak kadar su ekleyip, yumuşayana kadar pişirin. Ayrı bir tencere içine 4 su bardağı su koyup, kaynamaya bırakın. Kaynayan suyun içine 1 su bardağı hazır kayseri mantısı ekleyip, pişirin. Mantıların pişmesine yakın haşlanmış mercimeği koyun. Diğer taraftan bir kaba 1 buçuk su bardağı yoğurt koyun. Üzerine 1 adet yumurta sarısı, 1 yemek kaşığı un ve 1 su bardağı kadar su ekleyip, iyice karıştırın. Ardından yoğurtlu karışım içine kaynayan çorba suyundan az miktar da su ekleyip, ılımasını sağlayın. Yoğurtlu karışımı azar azar çorbaya döküp, hızlı bir şekilde karıştırın. Çorbayı ara ara karıştırarak, kaynamaya bırakın. Kaynadıktan sonra damak tadınıza göre tuz ekleyip, karıştırın. Yeşil mercimekli mantı çorbasının üzeri için; küçük bir tava içine 1 yemek kaşığı tereyağ koyup, eritin. Eriyen tereyağının içine 1 tatlı kaşığı nane ve 1 çay kaşığı pulbiber ekleyip, biraz kızdırın. Naneli karışımı yeşil mercimekli mantı çorbasının üzerine dökün. Çorbayı kepçe yardımı ile güzelce karıştırın."
Yoğurtlu Mısır Unu Çorbası,çorba,mısır unu tereyağı yoğurt yumurta sarısı arpa şehriye sıcak su tuz kırmızı toz biber kuru nane,"Orta boy derin bir tencereye 1 yemek kaşığı tereyağı koyup, eritin. Eriyen yağın üzerine 2 yemek kaşığı mısır unu ekleyin. Mısır ununu 2 dakika kadar sürekli karıştırarak, kavurun. Kavrulan mısır ununun üzerine 4 buçuk su bardağı sıcak su döküp, bir yandan da hızlı bir şekilde karıştırın. Ardından kaynamaya bırakın. Daha sonra kaynayan çorba suyuna 2 yemek kaşığı arpa şehriye ekleyip, karıştırın. Arpa şehriyeler yumuşayana kadar ara ara karıştırarak, pişirin. Diğer tarafta bir kase içine 3 yemek kaşığı yoğurt ve 1 adet yumurta sarısı koyun. Çırpıcı yardımı ile karışımı iyice çırpın. Daha sonra çorba suyundan 1 kepçe alıp, yoğurtlu karışımın içine dökün. Karışımı hızlı bir şekilde karıştırıp, ılımasını sağlayın. Hazırladığınız yoğurtlu karışımı azar azar çorbanın içine döküp, kesilmemesi için hızlı bir şekilde karıştırın. Daha sonra çorbayı kaynayana kadar karıştırmaya devam edin. Mısır unlu yoğurt çorbasının üzeri için; küçük bir sos tavası içine 1 yemek kaşığı kadar tereyağı koyup, eritin. Eriyen yağın üzerine biraz kırmızı toz biber ve biraz kuru nane koyup, kızdırın. Hazırladığınız çorbanın üzerine döküp, karıştırın. Çorbayı 10 dakika kadar dinlenmeye bırakın. Daha sonra sıcak olarak servis edebilirsiniz."
Yoğurtlu Topalak Çorbası,çorba,irmik ince bulgur kuru soğan yumurta akı yumurta sarısı sıcak su haşlanmış nohut sıcak su tuz karabiber yoğurt un limon suyu tereyağı zeytinyağı kırmızı toz biber kuru nane,"Bulgurlu karışımın üzerine sıcak su dökün. Kaptaki tüm malzemeyi kaşık yardımı ile güzelce karıştırın. Kabın üzerini kapatıp, 3-4 dakika bekletin. Daha sonra kabın üzerini açıp, içine yumurta akı ekleyin. Yumurtanın sarısı çorbanın terbiyesi için kullanılacaktır. Ardından 1 adet rendelenmiş soğan koyun. Tüm köfte harcını eliniz ile iyice yoğurun. Köfte harcını iyice yoğurduktan sonra nohut büyüklüğünde parçalar alıp, elinizde yuvarlayın. Derin bir tencere içine 2 litre sıcak su koyup, kaynamaya bırakın. Su kaynadıktan sonra yuvarladığınız köfteleri suyun içine koyup, karıştırın. Yaklaşık 10 dakika pişirin. Daha sonra tencereye 1 su bardağı haşlanmış nohut ekleyip, 5 dakika kadar daha pişirin. Çorbanın terbiyesi için; bir kaba 1 su bardağı yoğurt, 1 adet yumurta sarısı, 1 yemek kaşığı un ve 1 yemek kaşığı limon suyu koyun. Terbiyeli karışımı tel çırpıcı yardımı ile iyice karıştırın. Ardından çorbanın suyundan 1-2 kepçe alın. Terbiyenin içine ekleyip, hızlı bir şekilde karıştırarak, ılımasını sağlayın. Daha sonra terbiyeyi çorbanın içine azar azar döküp, kesilme olmaması için hızlı bir şekilde kaynayana kadar karıştırın. Çorba kaynadıktan sonra ocağın altını kısıp, 1-2 dakika daha pişirin. Son olarak damak tadınıza göre tuz ekleyip, karıştırın. Yoğurtlu topalak çorbasının üzeri için; küçük bir tava içine 1 yemek kaşığı tereyağı ve 1 yemek kaşığı zeytinyağı koyup, ısıtın. Yağın üzerine 1 tatlı kaşığı kırmızı toz biber ve 1 tatlı kaşığı kuru nane ekleyip, biraz kızdırın. Hazırladığınız yoğurtlu topalak çorbasının üzerine naneli kırmızı biberli yağ karışımını döküp, sıcak olarak servis edebilirsiniz."
Arpa Şehriye Çorbası,çorba,arpa şehriye soğan havuç yeşil biber tereyağ sıvı yağ domates salçası limon suyu maydanoz sıcak su tuz karabiber,"Derin bir tencere içine 1 yemek kaşığı tereyağı ve 1 yemek kaşığı sıvı yağ koyun. Üzerine ince ince doğranmış soğanı ekleyip, 1 dakika kavurun. Ardından minik minik doğranmış havuçları ekleyip, 1 dakika kadar daha kavurun. Doğranmış biberleri de koyup, 1 dakika kavurun. Kavurduğunuz sebzelerin üzerine 1 çay bardağı arpa şehriye koyup, 2 dakika kadar daha kavurun. Tencere içine 1 yemek kaşığı domates salçası ekleyin. Tüm malzemeleri salça ile birlikte kısa bir süre daha kavurun. Daha sonra tencereye 5 su bardağı sıcak su döküp, karıştırın. Çorbayı kaynamaya bırakın. Arpa şehriye çorbası kaynadıktan sonra ocağın altını kısın. Şehriyeler yumuşayana kadar pişirin. Çorba piştikten sonra içine damak tadınıza göre tuz, karabiber, 2 yemek kaşığı limon suyu ve 1 tutam ince ince doğranmış maydanoz ekleyin. Çorbayı kepçe yardımı ile güzelce karıştırın."
Avokado Çorbası,çorba,avokado yoğurt salatalık dereotu taze nane zeytinyağı limon suyu su tuz,"Avokadoyu uzunlamasına kesin ve ikiye ayırın. Ortasındaki çekirdeği çıkardıktan sonra kabuğunun kenarından yemek kaşığı sokup sıyırarak, iç kısmını alıp, dilimleyin. Salatalığı kabuğu ile birlikte küçük küçük dilimleyin. Dereotu ve taze naneyi 2-3 parçaya kesin. Tüm malzemeleri blender yardımı ile iyice püre haline getirin. Son olarak yoğun boza kıvamına gelen çorbanın üzerine 1 su bardağı kadar suyu azar azar döküp, karıştırarak kıvamını biraz açın."
Dövme Buğday Çorbası,çorba,aşurelik buğday haşlanmış nohut yumurta sarısı un yoğurt tavuk ya da et suyu tuz tere yağı kuru nane,"Derin bir tencere içine 6-7 su bardağı kadar tavuk suyu, et suyu ya da normal su koyup, kaynamaya bırakın. Kaynayan suyun içine buğdayları koyup, buğdaylar şişene kadar pişirin. Buğdaylar piştikten sonra 1 su bardağı haşlanmış nohut ekleyip, karıştırın. Diğer tarafta bir kap içine 1 buçuk su bardağı yoğurt, 1 adet yumurta sarısı ve 1 yemek kaşığı un koyup, iyice karıştırın. Kaynayan çorba suyundan 1 kepçe alın. Yoğurtlu karışımın içine ekleyip, hızlıca karıştırın. Ardından yoğurtlu karışımı çorbanın içine azar azar döküp, çorbanın kesilmemesi için hızlı bir şekilde karıştırın. Dövme buğday çorbasını kaynamaya bırakın. Kaynadıktan sonra tuz ekleyip, ocağın altını kapatın. Son olarak küçük bir tava içine 1 yemek kaşığı tereyağı koyup, eritin. Üzerine 1 tatlı kaşığı nane koyup, biraz kızdırın. Bu naneli karışımı dövme buğday çorbası üzerine döküp, karıştırın."
Erişteli Kırmızı Mercimek Çorbası,çorba,kırmızı mercimek erişte haşlanmış nohut zeytinyağı tere yağı domates salçası sıcak su kuru nane tuz,"Orta boy derin bir tencere içine 2 yemek kaşığı zeytinyağı ve 1 tatlı kaşığı tereyağı koyup, ısıtın. Isınan yağın üzerine 1 yemek kaşığı domates salçası ekleyin. Salçanın hafifçe kokusu çıkana kadar kavurun. Kavrulan salçanın üzerine yarım su bardağı yıkanmış kırmızı mercimeği koyun. Mercimeği 1 dakika sürekli karıştırarak, kavurun. Kavrulan mercimeğin üzerine 5 buçuk su bardağı sıcak su döküp, karıştırın. Ardından kaynamaya bırakın. Kaynadıktan sonra kısık ateş üzerinde mercimekler yumuşayana kadar pişirin. Mercimekler yumuşadıktan sonra blenderdan geçirin. Çorbanın kıvamı koyu ise sıcak su ekleyebilirsiniz. Daha sonra çorbanın içine yarım su bardağı erişte koyup, karıştırın. Kısık ateş üzerinde erişteler yumuşayana kadar pişirin. Eriştelerin pişmesine yakın üzerine yarım su bardağından biraz fazla haşlanmış nohut ekleyin. Son olarak pişen çorbanın üzerine damak tadınıza göre tuz ve kuru nane koyup, karıştırın."
Erzincan Çorbası,çorba,kıyma tuz karabiber soğan zeytinyağı erişte nohut su yoğurt un yumurta sarısı limon suyu sarımsak su tereyağı kuru nane,"Kıymalı harçtan misket büyüklüğünde toplar yapıp, unladığınız tepsi içine dizin. Tepsiyi hafifçe sallayıp, köftelerin unlanmasını sağlayın. Derin bir tencere içine 4 yemek kaşığı zeytinyağı koyun. Üzerine 1 adet küçük boy ince ince doğranmış soğan ekleyin. Soğanı 2-3 dakika kadar kavurun. Kavurduğunuz soğanların üzerine köfteleri koyun. Rengi dönene kadar 3-4 dakika kadar köfteleri pişirin. Köfteler piştikten sonra üzerine 1 buçuk litre sıcak su dökün. Çorba suyunun içine 1 su bardağı erişte koyun. Ardından 1 su bardağı nohut ekleyin. Erişteler yumuşayıncaya kadar pişirin. Terbiyesi için; derin bir kap içine 2 su bardağı yoğurt koyun. Üzerine 1 adet yumurta sarısı, 1 yemek kaşığı un, yarım limon suyu, 1 diş rendelenmiş sarımsak ve yarım su bardağı su ekleyin. Tel çırpıcı yardımı ile pürüzsüz bir kıvam alana kadar iyice karıştırın. Terbiyeli karışımın üzerine 2 kepçe kadar kaynayan çorba suyundan koyun. Yoğurdun kesilmemesi için hızlıca karıştırarak, ılımasını sağlayın. Hazırladığınız yoğurtlu terbiyeyi azar azar kaynayan çorba suyunun üzerine döküp, kesilme yapmaması için hızlı bir şekilde karıştırın. Ardından çorba kaynayana kadar karıştırmaya devam edin. Kaynadıktan sonra damak tadınıza göre tuz ekleyin. Kısık ateş üzerinde 2-3 dakika kadar daha kaynatıp, ocağın altını kapatın. Üzeri için; küçük bir tava içine 2 yemek kaşığı tereyağı koyup, eritin. Eriyen yağın üzerine 1 yemek kaşığı kuru nane ekleyip, kızdırın. Erzincan çorbasının üzerine kızdırılmış naneli yağ karışımını dökün. Çorbayı 2-3 kere karıştırın."
Ispanaklı Şehriye Çorbası,çorba,ıspanak tel şehriye domates salçası soğan su zeytinyağı tuz karabiber,Ispanağı iyice yıkayın ve ince ince doğrayın. Soğanı ince ince doğrayın ve zeytinyağında 1 dakika kavurun. Domates salçası ekleyin ve 1 dakika kavurun. Ispanakları ekleyin ve 2-3 kere karıştırın. Su ekleyin ve kaynamaya bırakın. Tel şehriye ekleyin ve karıştırın. Şehriyeler şişene kadar pişirin. Tuz ve karabiber ekleyin ve karıştırın.
Karnabahar Yaprağı Çorbası,çorba,karnabahar yaprağı soğan havuç pirinç zeytinyağı domates salçası sıcak su maydanoz tuz,"1 adet orta boy karnabaharın yapraklarını güzelce çıkarın. Yaprakları iyice yıkayıp, kurulayın. Karnabahar yapraklarını bıçak yardımı ile küçük küçük doğrayın. 1 adet orta boy soğanı ince ince doğrayın. 1 adet orta boy havucu da küçük küçük doğrayın. Orta boy derin bir tencere içine 4 yemek kaşığı zeytinyağı döküp, ısıtın. Isınan yağın üzerine doğradığınız soğanları koyun. Soğanları 2 dakika kadar sürekli karıştırarak, kavurun. Ardından kavrulan soğanların üzerine 1 yemek kaşığı domates salçası ekleyin. Salçanın kokusu çıkana kadar sürekli karıştırarak, kavurmaya devam edin. Daha sonra kavrulan salçanın üzerine doğradığınız karnabahar yapraklarını ve doğradığınız havuçları ekleyin. Yaprakları ve havuçları 4-5 dakika sürekli karıştırarak, kavurun. Ardından tencereye 1 litre sıcak su dökün. Çorbayı ara ara karıştırarak, kaynamaya bırakın. Çorbanız kaynadıktan sonra içine 3 yemek kaşığı pirinç koyup, karıştırın. Pirinçler ve sebzeler yumuşayana kadar çorbayı orta kısık ateş üzerinde pişirin. Çorbanız piştikten sonra damak tadınıza göre tuz ve 1-2 tutam ince ince doğranmış maydanoz ekleyip, karıştırın. Çorbanızın kıvamı koyu ise üzerine azar azar kaynar su döküp, kıvamını açabilir ya da yemek gibi olsun isterseniz su miktarını biraz daha azaltabilirsiniz."
Kış Çorbası,çorba,ıspanak yaprağı havuç un tere yağı sarımsak su tuz karabiber,"8 adet ıspanak yaprağını iyice yıkayıp, kurulayın. Bıçak yardımı ile ince ince doğrayın. 1 adet büyük boy havucun kabuğunu soyup, rendenin iri tarafı ile rendeleyin. Orta boy derin bir tencere içine 3 yemek kaşığı tereyağı koyup, eritin. Eriyen yağın üzerine 3 yemek kaşığı un ekleyip, hafifçe unun kokusu çıkana kadar kavurun. Kavrulmuş unun üzerine 1 diş rendelenmiş sarımsak ekleyip, kısa bir süre daha kavurun. Ardından tencereye 5 su bardağı suyu döküp, bir yandan da hızlı bir şekilde karıştırın. Tenceredeki çorba suyuna rendelenmiş havucu koyun. Çorbayı karıştırıp, kaynamaya bırakın. Çorba kaynadıktan sonra ince ince doğranmış ıspanağı ekleyip, tekrar karıştırın. Çorbayı 6-7 dakika kadar pişirin."
Kıymalı Yeşil Mercimekli Şehriye Çorbası,çorba,kıyma yeşil mercimek arpa şehriye domates salçası maydanoz sıvı yağ sıcak su kırmızı pul biber karabiber tuz,"Orta boy derin bir tencere içine 3 yemek kaşığı sıvı yağ koyun. Üzerine 100 gr kıyma ekleyin. Kıymayı sürekli karıştırarak, pişirin. Kıyma piştikten sonra üzerine 1 yemek kaşığı domates salçası koyun. Salçayı kıyma ile birlikte 1 dakika kavurun. Daha sonra tencereye 4 buçuk su bardağı sıcak su döküp, kaynamaya bırakın. Çorba kaynamaya başladıktan sonra içine haşlanmış yeşil mercimeği koyun. Ardından yarım çay bardağı arpa şehriye ekleyin. Damak tadınıza göre tuz, karabiber ve kırmızı pul biber koyun. Çorbayı karıştırıp, şehriyeler şişene kadar pişirin. Kıymalı yeşil mercimekli şehriye çorbası piştikten sonra ocağın altını kapatın. Çorbanın içine 1 tutam ince ince doğranmış maydanoz ekleyip, karıştırın."
Kremalı Mercimek Çorbası,çorba,kırmızı mercimek kuru soğan patates sarımsak tere yağı sıvı yağ domates salçası sıvı krema sıcak su tuz kuru nane karabiber,"Patates, soğan ve sarımsağın kabuğunu soyup, küçük küpler halinde kesin. Tencere içine tereyağı ve sıvı yağ koyup, ısıtın. Yağın üzerine doğradığınız soğan, patates ve sarımsağı ekleyip, yaklaşık 2 dakika kadar kavurun. Kavrulan sebzelerin üzerine domates salçası koyun. Salçanın hafifçe kokusu çıkana kadar 1 dakika kadar daha kavurun. Ardından tencereye kırmızı mercimeği koyun. Mercimeği de diğer sebzeler ile birlikte kısa bir süre daha kavurun. Daha sonra tencerenin içine sıcak su döküp, mercimek ve patatesler yumuşayana kadar pişirin. Mercimek ve patatesler yeterince yumuşadıktan sonra pürüzsüz bir kıvam alana kadar blenderdan geçirin. Çorbanın kıvamı koyu ise biraz daha sıcak su ekleyip, kıvamı açabilirsiniz. Blenderdan geçirdiğiniz çorbanın içine damak tadınıza göre tuz, karabiber ve kuru nane ekleyip, karıştırın. Son olarak çorbanın içine sıvı kremayı azar azar döküp, güzelce karıştırın. Kremalı mercimek çorbasını 1-2 taşım daha kaynatıp, ocağın altını kapatın."
Mantarlı Tarhana Çorbası,çorba,kültür mantarı toz tarhana domates salçası biber salçası kırmızı kapya biber sarıkmsak tere yağı su tuz kuru nane,"250 gr mantarın kabuğunu soyup, nemli bir bez ile temizleyin. Mantarları çok küçük olmayacak şekilde dilimleyin. 1 adet küçük boy kırmızı kapya biberi minik küpler şeklinde doğrayın. 2 diş sarımsağı da ince ince doğrayın. Orta boy derin bir tencere içine 1 yemek kaşığı tereyağı koyup, ısıtın. Yağın üzerine doğradığınız biberleri ekleyin. Biberleri 1 dakika kadar sürekli karıştırarak, kavurun. Daha sonra biberlerin üzerine doğranmış mantarları ve doğranmış sarımsakları koyun. Mantarlar suyunu salıp, çekene kadar orta ateş üzerinde sürekli karıştırarak, kavurun. Ardından kavrulan mantarların üzerine 1 tatlı kaşığı domates salçası ve 1 tatlı kaşığı biber salçası ekleyin. Salçaların hafifçe kokusu çıkana kadar bir süre daha kavurmaya devam edin. Daha sonra tencereye 4 yemek kaşığı toz tarhana koyun. Tarhanayı da diğer malzemeler ile birlikte 1 dakika kadar daha kavurmaya devam edin. Son olarak tencereye 4 buçuk su bardağı suyu azar azar dökün. Topaklanma olmaması için bir yandan da çorbayı hızlı bir şekilde karıştırın. Çorbanız kaynayıp, kıvam alana kadar orta ateş üzerinde sürekli karıştırarak, pişirin. Daha sonra damak tadınıza göre tuz ve kuru nane ekleyip, karıştırın. Mantarlı tarhana çorbası piştikten sonra 5 dakika dinlenmeye bırakın. Daha sonra sıcak olarak servis edebilirsiniz."
Mercimekli Erişteli Yoğurt Çorbası,çorba,erişte haşlanmış yeşil mercimek haşlanmış nohut sıcak su yoğurt yumurta sarısı un soğan zeytinyağı kuru nane,"Su kaynadıktan sonra içine 1 çay bardağı erişte koyun. Ardından tencereye 1 çay bardağı haşlanmış yeşil mercimek ve 1 çay bardağı haşlanmış nohut ekleyin. Erişteler yumuşayana kadar ara ara karıştırarak, 10-15 dakika kadar pişirin. Çorbanın terbiyesi için; derin bir kaba 1 buçuk su bardağı yoğurt, 1 adet yumurta sarısı ve 1 yemek kaşığı un ekleyin. Yoğurt, yumurta ve unu tel çırpıcı yardımı ile iyice karıştırın. Daha sonra kaynayan çorba suyundan 1 kepçe alıp, yoğurtlu terbiyenin içine dökün. Terbiyeyi hızlı bir şeklide karıştırıp, ılımasını sağlayın. Hazırladığınız yoğurtlu terbiyeyi çorbanın içine azar azar dökün. Çorbanın kesilmemesi için de bir yandan hızlı bir şekilde karıştırın. Kaynayana kadar çorbayı karıştırın. Küçük bir tavaya 5 yemek kaşığı zeytinyağı koyun. Yağın üzerine 1 adet küçük boy ince ince doğranmış soğan ekleyip, yumuşayana kadar kavurun. Kavrulan soğanın üzerine 1 tatlı kaşığı kuru nane koyup, 2-3 kere karıştırıp, ocaktan alın. Hazırladığınız mercimekli erişteli yoğurt çorbasının üzerine soğanlı naneli sosu ve damak tadınıza göre tuz koyup, karıştırın. Çorbayı 5 dakika daha pişirin."
Mısırlı Patates Çorbası,çorba,patates soğan konserve mısır zeytinyağı un su tuz tereyağı kırmızı toz biber,"Derin bir tencereye 4 yemek kaşığı zeytinyağı dökün ve ısıtın. Yağın üzerine 1 adet büyük boy ince ince doğranmış soğan koyun ve soğanı yumuşayana kadar sürekli karıştırarak kavurun. Kavrulan soğanın üzerine 1 yemek kaşığı dolusu un ekleyin ve unun kokusu çıkana kadar sürekli karıştırmaya devam edin. Daha sonra tencereye 2 adet orta boy küpler halinde doğradığınız patatesleri koyun ve patatesleri de 1-2 dakika kadar kavurmaya devam edin. Ardından tencereye 6 su bardağı su döküp, bir yandan da iyice karıştırın. Patatesleri iyice yumuşayana kadar ara ara karıştırarak pişirin. Patatesler yeterince yumuşadıktan sonra çorbayı pürüzsüz bir kıvam alana kadar blenderdan geçirin. Son olarak çorbanın içine 1 buçuk çay bardağı kadar konserve mısır ve damak tadınıza göre tuz koyup, karıştırın. Hazırladığınız mısırlı patates çorbasını orta kısık ateş üzerinde 4-5 dakika pişirin. Çorbanın kıvamı koyu ise biraz sıcak su ekleyip, kıvamını açabilirsiniz. Patatesli mısır çorbası piştikten sonra 5 dakika dinlenmeye bırakın. Daha sonra küçük bir sos tavası içine 1 yemek kaşığı tereyağı koyup, eritin. Yağın üzerine 1 çay kaşığı kırmızı toz biber koyup, biraz kızdırın. Ardından çorbanın üzerine gezdirip, sıcak olarak servis edebilirsiniz."
Nohutlu Patates Çorbası,çorba,haşlanmış nohut patates soğan tereyağı un su zerdeçal tuz zeytinyağı kırmızı toz biber,Tencereye tereyağı koyup eritmek Soğanı ince ince doğrayıp kavurmak Unu ekleyip kavurmak Patatesleri küçük küpler halinde doğrayıp eklemek Su ve zerdeçal ekleyip kaynatmak Patatesler piştikten sonra nohut ve tuz eklemek 10 dakika daha pişirmek Blenderdan geçirmek Zeytinyağı ve kırmızı toz biber ile sos hazırlayıp servis etmek
Pancar Çorbası,çorba,kırmızı pancar patates havuç kuru soğan sarımsak zeytinyağı su tuz karabiber,"2 adet orta boy kırmızı pancar, 1 adet orta boy patates, 1 adet orta boy havuç, 1 adet orta boy soğan ve 3 diş sarımsağın kabuğunu soyup, küçük küpler halinde doğrayın. Orta boy derin bir tencere içine 5 yemek kaşığı zeytinyağı döküp, iyice ısıtın. Üzerine doğranmış havuç, soğan, sarımsak ve patatesi ekleyin. Ardından doğranmış kırmızı pancarları koyun. Tüm sebzeleri ara ara karıştırarak, 5 dakika kavurun. Kavrulan sebzelerin üzerine 1 litre su döküp, kaynamaya bırakın. Kaynadıktan sonra tencerenin kapağını kapatın. Kısık ateş üzerinde sebzeler iyice yumuşayana kadar pişirin. Sebzeler yeterince yumuşadıktan sonra pürüzsüz bir kıvam alana kadar blenderdan geçirin. Son olarak çorbaya damak tadınıza göre tuz ve karabiber ekleyip, karıştırın."
Paşazade Çorbası,çorba,kıyma soğan galeta unu maydanoz tuz karabiber patates haşlanmış nohut su yoğurt yumurta sarısı un tere yağı nane,"Kıymayı bir kaba koyun. Üzerine soğanı rendeleyin. Galeta unu, maydanoz, tuz ve karabiber ekleyin. İyice yoğurun. Yoğurduğunuz kıymalı harçtan küçük parçalar alın. Avuç içinde sıkarak, şekil verin. Köftelerin üzerine un serpiştirip, hafifçe sallayın. Geniş bir tava içine az miktarda sıvı yağ koyup, kızdırın. Köfteleri kızgın yağ içinde kızartın. Patatesin kabuğunu soyup, küçük küpler halinde kesin. Derin bir tencere içine su döküp, kaynamaya bırakın. Kaynayan suyun içine patatesleri ekleyin. Ardından haşlanmış nohut koyun. Patatesler yumuşayana kadar pişirin. Patateslerin pişmesine yakın köfteleri de ekleyip, 5 dakika daha pişirmeye devam edin. Çorbanın meyanesi için; yoğurt, yumurta sarısı ve un ekleyin. Tel çırpıcı ile iyice karıştırın. Patatesler piştikten sonra kaynayan çorba suyundan 1 kepçe alıp, meyanenin içine dökün. Karıştırıp, ılımasını sağlayın. Hazırladığınız paşazade çorbasının üzerine kızdırılmış naneli karışımı döküp, sıcak olarak servis edebilirsiniz."
Pirinçli Tarhana Çorbası,çorba,toz tarhana pirinç tereyağı domates salçası biber salçası su kırmızı pul biber kuru nane tuz,"Orta boy derin bir tencere içine 1 yemek kaşığı tereyağı koyup, eritin. Yağın üzerine 1 tatlı kaşığı domates salçası ve 1 tatlı kaşığı biber salçası koyun. Salçaların kokusu çıkana kadar kavurmaya devam edin. Salçayı kavurduktan sonra üzerine 4 yemek kaşığı toz tarhana ekleyin. Tarhanayı da 1 dakika kadar sürekli karıştırarak, kavurun. Daha sonra tarhananın üzerine 5 su bardağı soğuk suyu azar azar dökün. Bir yandan da hızlı bir şekilde karıştırın. Çorba kaynayana kadar sürekli karıştırmaya devam edin. Kaynama noktasına gelen çorbanın içine 3 yemek kaşığı pirinç ekleyip, karıştırın. Orta kısık ateş üzerinde pirinçler iyice yumuşayana kadar ara ara karıştırarak, pişirin. Pirinçli tarhana çorbası piştikten sonra damak tadınıza göre tuz, kuru nane ve kırmızı pul biber koyup, güzelce karıştırın. İsteğe göre 1 tutam da ince ince doğranmış maydanoz ekleyebilirsiniz."
Brokoli Çorbası,çorba,brokoli soğan havuç patates süt tere yağı un tuz karabiber,"Derin bir tencere içine doğradığınız bütün sebzeleri koyun. Sebzelerin üzerlerini geçecek kadar su döküp, ocak üzerine koyun. Sebzeler yumuşayana kadar haşlayın. Haşlama suyunu dökmeyin. Diğer tarafta başka derin bir tencere içine 2 yemek kaşığı tereyağı koyup, eritin. Üzerine 1 yemek kaşığı un ekleyin. Unu 1 dakika kadar kavurun. Kavrulan unun üzerine 2 su bardağı sütü azar azar dökün. Sürekli karıştırarak, pişirin. Daha sonra haşladığınız sebzeleri sütlü karışımın içine alın. Son olarak üzerlerine 2 buçuk su bardağı haşlama suyundan dökün. Çorbayı blender ile iyice ezin. Daha sonra çorbanın içine damak tadınıza göre tuz ve karabiber koyup, karıştırın. 1-2 taşım kaynatıp, ocağın altını kapatın."
Sütlü Soğan Çorbası,çorba,kuru soğan tereyağı zeytinyağı sarımsak un süt süt tuz karabiber kırmızı toz biber,Soğanları yarım ay şeklinde ince ince doğrayın. Tereyağı ve zeytinyağını ısıtın. Soğanı tencereye koyun ve yumuşayana kadar kavurun. Sarımsağı ekleyin ve kokusu çıkana kadar kavurun. Unu ekleyin ve kokusu çıkana kadar kavurun. Soğuk suyu azar azar dökün ve topaklanma olmaması için hızlı bir şekilde karıştırın. Sütü ekleyin ve kaynamaya bırakın. Çorbanızı blenderdan geçirin. Tuz ve karabiber ekleyin ve karıştırın. Üzeri için zeytinyağı ve kırmızı toz biberi kızdırın. Hazırladığınız çorbanızı kaselere koyun ve sıcak olarak servis edebilirsiniz.
Tavuklu Tarhana Çorbası,çorba,toz tarhana tavuk but tere yağı sarımsak domates salçası tavuk suyu su kuru nane tuz,Tavuk budunu kaynatın. Tavuk budunu didikleyin. Tereyağını eritip domates salçası ve sarımsak ekleyin. Tarhana ekleyin ve karıştırın. Tavuk suyu ve su ekleyin ve karıştırın. Tavuk etlerini ekleyin ve karıştırın. Tuz ve kuru nane ekleyin.
Tavuk Suyu Çorbası,çorba,kalçalı tavuk but tel şehriye soğan sarımsak havuç zeytinyağı maydanoz tavuk suyu tuz karabiber terbiye yumurta sarısı un su limon suyu,"Derin bir tencere içine 1 adet kalçalı tavuk but koyun. 1 adet küçük boy soğanı dörde bölüp, tencere içine koyun. Üzerlerine 3-4 parmak geçecek kadar su döküp, ocak üzerine alın. Tavuk etini iyice yumuşayana kadar pişirin. Pişen tavuk etini tencere içinden alın. Tavuk etlerini kemiklerinden ayırıp, küçük küçük parçalayın. Tavuk suyunun içinde bulunan soğanı da alıp, atın. Orta boy derin bir tencere içine 4 yemek kaşığı zeytinyağı döküp, ısıtın. Yağın üzerine 1 adet orta boy rendelenmiş havuç koyup, 1 dakika sürekli karıştırarak, kavurun. Kavrulan havucun üzerine 1-2 diş küçük küçük doğranmış sarımsak ekleyin. Sarımsağı da havuçla birlikte kısa bir süre kavurun. Tencereye 6 su bardağı tavuk suyu döküp, karıştırın ve kaynamaya bırakın. Kaynayan tavuk suyunun içine 1 çay bardağı kadar tel şehriye koyun. Ardından da küçük küçük parçaladığınız tavuk etlerini ekleyip, karıştırın. Şehriyeler yumuşayana kadar ara ara karıştırarak, pişirmeye devam edin. Terbiyesi için; küçük bir kase içine 1 adet yumurta sarısı, 1 yemek kaşığı un, 1 adet sıkılmış limon suyu ve 3-4 yemek kaşığı su koyun. Karışımı çırpıcı yardımı ile iyice karıştırın. Ardından çorba suyundan 1 kepçe alın. Terbiyeli karışımın içine ekleyip, iyice karıştırarak ılımasını sağlayın. Daha sonra hazırladığınız terbiyeli karışımı çorbanın içine azar azar döküp, kesilme olmaması hızlı bir şekilde karıştırın. Ardından çorbayı sürekli karıştırarak, kaynamaya bırakın. Tavuk suyu çorbası kaynadıktan sonra damak tadınıza göre tuz, karabiber ve 1 tutam ince ince doğranmış maydanoz koyup, karıştırın. Çorbanın kıvamı koyu ise üzerine azar azar sıcak su döküp, kıvamını ayarlayabilirsiniz. Hazırladığınız şehriyeli tavuk suyu çorbasını kaselere döküp, sıcak olarak servis edebilirsiniz."
Yoğurtlu Kabak Çorbası,çorba,kabak soğan sarımsak zeytinyağı su dereotu tuz karabiber yoğurt un kuru nane kırmızı pul biber,"3 adet küçük boy kabağı iyice yıkayıp, kabuğunu alacalı soyun. Ardından iri küpler halinde kesin. Orta boy derin bir tencere içine 4 yemek kaşığı zeytinyağı koyun. Yağın üzerine 1 adet ince ince doğranmış soğan ekleyip, 1 dakika kavurun. Ardından 2 diş ince ince doğranmış sarımsağı da koyup, kısa bir süre daha kavurun. Kavrulan soğan ve sarımsağın üzerine iri küpler halinde kestiğiniz kabakları ekleyip, 1-2 dakika kadar kavurun. Daha sonra kabakların üzerine 4 buçuk su bardağı sıcak su döküp, kabaklar iyice yumuşayana kadar pişirin. Kabaklar iyice yumuşadıktan sonra pürüzsüz bir kıvam alana kadar blenderdan geçirin. Diğer tarafta çorbanın terbiyesi için; çukur bir kaba 1 su bardağı yoğurt ve 1 yemek kaşığı un ekleyin. Tel çırpıcı ile iyice karıştırın. Çorba suyundan 1-2 kepçe alıp, terbiyenin içine dökün. Hızlı bir şekilde karıştırarak, terbiyenin ılımasını sağlayın. Daha sonra da terbiyeli karışımı çorbanın içine azar azar döküp, kesilme yapmaması için hızlı bir şekilde karıştırın. Kaynayana kadar karıştırmaya devam edin. Çorba kaynadıktan sonra üzerine 1 tutam ince ince doğranmış dereotu, damak tadınıza göre tuz ve karabiber koyup, karıştırın. Eğer çorbanın kıvamı koyu ise üzerine azar azar sıcak su ekleyip, kıvamı açabilirsiniz. Hazırladığınız yoğurtlu kabak çorbasını kaselere döküp, üzerini kuru nane ve kırmızı pul biber ile süsleyerek servis edebilirsiniz."
Zerdeçallı Mercimek Çorbası,çorba,kırmızı mercimek kuru soğan zerdeçal tere yağı tavuk suyu sıcak su tuz,"Soğanın kabuğunu soyup, iri küpler halinde kesin. 2 su bardağı kırmızı mercimeği iyice yıkayıp, süzün. Derin bir tencere içine yıkanmış kırmızı mercimeği koyun. Mercimeklerin üzerine kestiğiniz soğanları ekleyin. Ardından 1 yemek kaşığı tereyağı ve 1 tatlı kaşığı zerdeçal koyun. Daha sonra tencereye 2 su bardağı tavuk suyu ve 3 su bardağı su dökün. Tencereyi ocak üzerine alıp, mercimekler iyice yumuşayana kadar pişirin. Mercimekler piştikten sonra pürüzsüz bir kıvam alana kadar blenderdan geçirin. Çorbanın kıvamı koyu ise üzerine sıcak su ya da tavuk suyu ekleyip, kıvamını açabilirsiniz. Son olarak damak tadınıza göre tuz da ekleyip, karıştırın. 1-2 taşım daha kaynatıp, ocağın altını kapatın."
Balık Çorbası,çorba,levrek balığı su tere yağı un limon tuz sarımsak sirke,"Balık çorbası yapımı için; 1 adet orta boy levrek balığını ortadan ikiye kesin. Derin bir tencere içine alın. Balığın üzerine 600 ml yani 3 su bardağı su ekleyin. Balığın kokusunu alması için tencerenin içine 1 dilim limon koyun. Tencereyi ocak üzerine alıp, yumuşayana kadar yaklaşık 15 dakika kadar pişirin. Pişen balığın suyunu süzüp, kenara alın. Balığı soğumaya bırakın. Soğuyan balığın kılçıklarını ayıklayın. Etlerini eliniz ile küçük küçük parçalara ayırın. Diğer yandan ayrı bir tencere içine 2 yemek kaşığı tereyağı koyup, eritin. Üzerine 3 yemek kaşığı un ekleyin. Un kokusu çıkana kadar yaklaşık 3 dakika kavurun. Daha sonra kavrulan unun üzerine balığın suyunu azar azar dökün. Topaklanmaması için hızlı bir şekilde karıştırın. Çorbayı karıştırarak, kaynamaya bırakın. Bu süreçte çorba koyulaşacaktır. 1 su bardağı kadar sıcak suyu azar azar dökün. Karıştırarak, tekrar kaynamaya bırakın. Son olarak kaynayan çorbanın içine küçük küçük parçaladığınız balık etlerini koyun. Damak tadınıza göre tuz ekleyip, 1 taşım daha kaynatıp, ocağın altını kapatın. Balık çorbasının üzeri için 2 diş sarımsağı rendenin ince tarafı ile rendeleyin. Küçük bir kap içine rendelenmiş sarımsakları koyun. Üzerine yarım çay bardağı sirke döküp, karıştırın. Hazırladığınız balık çorbasını kaselere koyun. Üzerine sarımsaklı sirkeli balık çorbası sosundan 1 yemek kaşığı kadar döküp, servis edebilirsiniz."
Kıymalı Mantar Çorbası,çorba,kültür mantarı kıyma soğan sarımsak sıvı yağ un süt su tuz karabiber tereyağı sıvı yağ kuru nane kırmızı toz biber,"400 gr kültür mantarı temizleyip, ince ince dilimleyin. Derin bir tencere içine 3 yemek kaşığı sıvı yağ dökün. Yağın üzerine 1 adet küçük boy ince ince doğranmış soğan ve 1 diş ince ince doğranmış sarımsak koyup, 2 dakika kavurun. Kavrulmuş soğanın üzerine 100 gr kıyma ekleyin. Kıymayı sürekli karıştırarak, suyunu çekene kadar kavurun. Kavrulan kıymanın üzerine dilimlenmiş mantarları koyun. Mantarları kıyma ile birlikte 3-4 dakika kadar daha kavurun. Daha sonra mantarların üzerine 2 yemek kaşığı un ekleyip, 1 dakika kavurun. Ardından karışımın üzerine 2 buçuk su bardağı sütü azar azar döküp, karıştırın. 2 su bardağı suyu da ekleyip, kaynayana kadar karıştırmaya devam edin. Sütlü kıymalı mantar çorbası kaynadıktan sonra damak tadınıza göre tuz ve karabiber koyup, 2 dakika kadar daha kaynatın. Son olarak küçük bir tava içine 1 tatlı kaşığı tereyağı ve 1 yemek kaşığı sıvı yağ koyup, eritin. Yağın üzerine biraz kuru nane ve kırmızı toz biber koyup, kızdırın. Hazırladığınız naneli yağ karışımını kıymalı mantar çorbasının üzerine döküp, sıcak olarak servis edebilirsiniz."
Mısır Unu Çorbası,çorba,mısır unu tere yağı tel şehriye süt su tuz sıvıyağ kırmızı pul biber kekik,"Küçük bir derin tencere içine 1 yemek kaşığı tereyağı koyup, eritin. Eriyen tereyağın üzerine 2 yemek kaşığı mısır unu ekleyin. Mısır unun kokusu çıkana kadar yaklaşık 1 dakika kadar kavurun. Mısır unun rengi hafif koyulaşınca üzerine 1 buçuk su bardağı sütü azar azar döküp, çırpma teli ile hızlı bir şekilde karıştırın. Ardından da tencereye 1 buçuk su bardağı su koyun. Orta ateş üzerinde ara ara karıştırarak, kaynamaya bırakın. Kaynayan mısır unu çorbasının içine 1 yemek kaşığı tel şehriye ve tuz ekleyin. Tel şehriyeler yumuşayana kadar 5 dakika kadar kaynatın. Diğer tarafta küçük bir sos tavası içine 2 yemek kaşığı kadar sıvı yağ koyun. Üzerine 1 tatlı kaşığı kadar kırmızı pul biber ekleyip, kızdırın. Kızdırdığınız sosu mısır unu çorbasının üzerine döküp, güzelce karıştırın. Hazırladığınız mısır unu çorbasını sıcak olarak servis edebilirsiniz."
Salçalı Arpa Şehriye Çorbası,çorba,arpa şehriye domates salçası domates sıvı yağ su tuz nane,"1 adet domatesin kabuğunu soyup, rendeleyin. Orta boy derin bir tencere içine 3 yemek kaşığı sıvı yağ dökün. Yağın üzerine 1 yemek kaşığı domates salçası koyun. Salçanın hafifçe kokusu çıkana kadar kavurun. Kavurduğunuz salçanın üzerine rendelenmiş domatesi ekleyin. Domatesi de salçayla beraber 1 dakika kadar daha kavurun. Daha sonra tencereye 6 su bardağı sıcak su döküp, karıştırın. Kaynamaya bırakın. Kaynayan çorba suyuna 1 çay bardağı arpa şehriye ekleyip, karıştırın. Şehriyeler yumuşayıncaya kadar ara ara karıştırarak, pişirin. Arpa şehriye çorbası piştikten sonra üzerine damak tadınıza göre tuz ve nane koyun. Çorbayı 1-2 kere karıştırın."
Salçalı Yoğurt Çorbası,çorba,domates salçası tere yağı zeytinyağı tel şehriye sıcak su maydanoz tuz karabiber yoğurt yumurta un,"Orta boy derin bir tencere içine 1 buçuk yemek kaşığı tereyağı ve 1 yemek kaşığı zeytinyağı koyup, ısıtın. Isınan yağın üzerine 1 çay bardağı tel şehriye ekleyin. Şehriyelerin rengi hafifçe kahverengi olana kadar sürekli karıştırarak, kavurun. Kavrulan şehriyelerin üzerine 1 yemek kaşığı domates salçası koyun. Domates salçası yerine karışık salçada kullanabilirsiniz. Salçanın hafifçe kokusu çıkana kadar sürekli karıştırarak, kavurun. Daha sonra tencereye 1 litre sıcak su döküp, karıştırın. Ardından kaynamaya bırakın. Kaynadıktan sonra orta kısık ateş üzerinde şehriyeler yumuşayana kadar ara ara karıştırarak, pişirin. Diğer tarafta terbiyesi için; çukur bir kase içine 1 su bardağı yoğurt, 1 adet yumurta ve yarım yemek kaşığı un koyun. Kasedeki tüm malzemeleri tel çırpıcı yardımı ile iyice karıştırın. Daha sonra pişen çorba suyundan 1 kepçe alıp, terbiyenin içine dökün. Terbiyenin kesilmemesi için hızlı bir şekilde karıştırıp, ılımasını sağlayın. Ardından terbiyeli karışımı çorbanın içine azar azar döküp, bir yandan da çorbanın kesilmemesi için hızlı bir şekilde karıştırın. Çorbanın kesilme yapmaması için kaynayana kadar karıştırmaya devam edin. Son olarak salçalı yoğurt çorbasının içine 1-2 tutam ince ince doğranmış maydanoz ekleyin. Ardından damak tadınıza göre tuz ve karabiber koyup, güzelce karıştırın. Çorbanızın kıvamı koyu ise üzerine azar azar sıcak su döküp, kıvamını ayarlayabilirsiniz. Hazırladığınız şehriyeli salçalı yoğurt çorbasını 5 dakika dinlenmeye bırakın. Daha sonra sıcak olarak servis edebilirsiniz."
Şehriyeli Domates Çorbası,çorba,domates püresi domates salçası tereyağı sıvı yağ un su arpa şehriye tuz karabiber,"Domates kabuklarını soyun ve mutfak robotundan geçirip, püre haline getirin. Derin bir tencereye 1 yemek kaşığı tereyağı ve 1 yemek kaşığı sıvı yağ koyun ve eritin. Yağın üzerine 2 yemek kaşığı un ekleyin ve kavurun. Kavrulan unun üzerine 1 buçuk su bardağı domates püresi ve 1 yemek kaşığı domates salçası koyun. Domates salçasını ve domates püresini sürekli karıştırarak, 1 dakika kadar kavurun. Daha sonra karışımın üzerine 4 buçuk su bardağı su dökün ve topaklanma yapmaması için çırpıcı yardımı ile iyice karıştırın. Kaynamaya bırakın ve çorba kaynamaya başladığında içine yarım çay bardağı arpa şehriye koyun ve karıştırın. Şehriyeler yumuşayıncaya kadar ara ara karıştırarak, pişirin. Çorbanın kıvamı koyu olursa üzerine sıcak su döküp, kıvamı açabilirsiniz. Son olarak damak tadınıza göre tuz ve karabiber ekleyip, karıştırın."
Toros Çorbası,çorba,irmik ince bulgur kuru soğan yumurta akı yumurta sarısı sıcak su haşlanmış nohut sıcak su tuz karabiber yoğurt un limon suyu tereayağı zeytinyağı kırmızı toz biber kırmızı pul biber,Köfte harcını hazırlayın. Köfteleri yuvarlayın. Suyu kaynatın. Köfteleri ve nohutu ekleyin. Terbiyeyi hazırlayın. Terbiyeyi çorbaya ekleyin. Üzerini hazırlayın. Servis edin.
Yumurtasız Yoğurt Çorbası,çorba,pirinç yoğurt un su tuz tereyağı kuru nane,"Orta boy derin bir tencere içine 5 su bardağı su dökün. Ocak üzerinde kaynamaya bırakın. Kaynayan suyun içine 1 çay bardağı pirinç koyun. Kısık ateş üzerinde pirinçler yumuşayana kadar pişirin. Diğer tarafta derin bir kap içine 2 buçuk su bardağı yoğurt ve 1 yemek kaşığı un koyun. Yoğurtlu karışımı pürüzsüz bir kıvam alana kadar iyice çırpın. Yoğurtlu karışıma çorbanın suyundan 1 kepçe koyup, ılımasını sağlayın. Hazırladığınız yoğurtlu karışımı çorbanın içine azar azar dökün. Bir yandan da hızlı bir şekilde karıştırın. Yumurtasız yoğurt çorbasını ara ara karıştırarak, kaynamaya bırakın. Çorba kaynadıktan sonra damak tadınıza göre içine tuz ekleyip, karıştırın. Çorbanın üzeri için; küçük bir tava içine 1 yemek kaşığı tereyağı koyup, eritin. Eriyen yağın içine 1 tatlı kaşığı kuru nane ekleyip, kızdırın. Ardından çorbanın içine kızdırdığınız naneli yağ karışımını dökün. Çorbayı kepçe yardımı ile güzelce karıştırın."
Brokolili Mercimek Çorbası,çorba,kırmızı mercimek brokoli kuru soğan sarımsak havuç patates tere yağı zeytinyağı sıcak su tuz karabiber,"150 gr brokoliyi küçük küçük çiçeklerine ayırıp, iyice yıkayın. 1 adet küçük boy patates, 1 adet küçük boy havuç, 1 adet kuru soğan ve 2 diş sarımsağın kabuğunu soyup, küçük küpler halinde doğrayın. Derin bir tencere içine 1 yemek kaşığı kadar tereyağı ve 1 yemek kaşığı zeytinyağı koyup, ısıtın. Isınan yağın üzerine doğranmış soğan, sarımsak, patates ve havucu koyup, 2 dakika kavurun. Ardından 1 su bardağı yıkanmış kırmızı mercimeği ekleyip, 1 dakika daha kavurun. Kavurma işlemi bittikten sonra çiçeklerine ayırdığınız brokoliyi koyup, 2-3 kere karıştırın. Son olarak sebzelerin üzerine 6 buçuk su bardağı sıcak su döküp, kaynamaya bırakın. Kaynadıktan sonra ocağın altını kısıp, mercimek ve sebzeler yumuşayana kadar pişirin. Mercimek ve sebzeler iyice yumuşadıktan sonra pürüzsüz bir kıvam alana kadar blenderdan geçirin. Daha sonra brokolili mercimek çorbasının içerisine damak tadınıza göre tuz ve karabiber ekleyip, 1-2 taşım daha kaynatın."
Kremalı Brokoli Çorbası,çorba,brokoli sarimsak et suyu süt tere yağı un süt kreması tuz karabiber,"Brokoli saplarını kesip, çiçeklerine ayırın. Brokoliyi güzelce yıkayın. Derin bir tencereye brokoliyi koyun. Üzerine sarımsak, sıcak su ve et suyu ekleyin. Yumuşayana kadar haşlayın. Haşlanan brokoliyi suyu ile birlikte kenara alın. Başka bir tencereye tereyağı koyup, eritin. Üzerine un koyun. Unun kokusu çıkana kadar kavurun. Kavrulan unun üzerine brokoli suyundan biraz dökün. Suyu döktükten sonra, unun topaklanmaması için tel çırpıcı yardımıyla hızlı bir şekilde karıştırın. Tencereye diğer tencerede kalan brokoliyi ekleyin. Pürüzsüz bir kıvam alana kadar tüm malzemeleri blenderdan geçirin. Son olarak blenderdan geçirdiğiniz brokoli çorbasının üzerine süt kreması, tuz ve karabiber ekleyin. Çorbayı güzelce karıştırıp, kaynamaya bırakın."
Mantı Çorbası,çorba,küçük mantı haşlanmış nohut soğan sarımsak domates salçası sıvı yağ sıcak su tuz karabiber kırmızı pul biber nane,"Orta boy derin bir tencere içine doğranmış soğan ve havanda ezdiğiniz sarımsağı koyun. Üzerine 3 yemek kaşığı sıvı yağ ekleyip, 2-3 dakika kadar kavurun. Ardından tencereye yarım yemek kaşığı domates salçası koyun. Salçayı soğan ile beraber 1 dakika kadar daha kavurun. Kavurma işlemi bittikten sonra tencere içine 4 su bardağı sıcak su döküp, kaynamaya bırakın. Kaynayan çorba suyuna 1 su bardağı küçük hazır mantı ve 1 su bardağı haşlanmış nohut ekleyin. Mantılar pişene kadar ara ara karıştırın. Çorbanın kıvamı koyu olursa biraz daha sıcak su ekleyebilirsiniz. Mantı çorbası piştikten sonra içine damak tadınıza göre tuz, karabiber, nane ve kırmızı pul biber ekleyip, karıştırın. Daha sonra sıcak olarak servis edebilirsiniz."
Patlıcan Çorbası,çorba,patlıcan tereyağı un süt su kıyma kırmızı toz biber,"Patlıcanları yıkayıp, birkaç yerinden bıçak ile delikler açın. Patlıcanları tepsiye koyun ve önceden ısıtılmış 200 derece fırına verip, ara ara teryüz ederek közleyin. Közlediğiniz patlıcanların kabuklarını soyun ve bıçak yardımı ile ince ince kıyın. Orta boy derin bir tencere içine 1 buçuk yemek kaşığı tereyağ koyup eritin. Üzerine 1 buçuk yemek kaşığı un ekleyin ve unun kokusu çıkana kadar 1 dakika kavurun. Kavrulmuş unun üzerine közlenmiş patlıcanları ekleyin ve 1 dakika kadar eze eze karıştırın. Tencereye 1 buçuk su bardağı süt ve 1 buçuk su bardağı su dökün ve hızlı bir şekilde karıştırıp, patlıcan çorbasını kaynamaya bırakın. Çorbanızın kıvamı çok koyu ise su ya da süt ekleyerek, kıvamı açabilirsiniz. Közlenmiş patlıcan çorbası kaynadıktan sonra ocaktan alın ve pürüzsüz hale gelene kadar blenderdan geçirin. Tencereyi tekrar ocak üzerine alın ve üzerine 2 buçuk yemek kaşığı kavrulmuş kıyma, damak tadınıza göre tuz ve karabiber ekleyip, karıştırın. Közlenmiş patlıcan çorbasını 1-2 taşım daha kaynatıp, ocaktan alın. Küçük bir tava içine 1 yemek kaşığı kadar tereyağı koyup, eritin ve üzerine 1 çay kaşığı kırmızı toz biber koyup, kızdırın. Hazırladığınız kıymalı közlenmiş patlıcan çorbasını kaselere koyun ve üzerlerine az miktar yağda kızdırdığınız kırmızı toz biber karışımından döküp, servis edebilirsiniz."
Salçalı Domates Çorbası,çorba,domates salçası tere yağı sıvı yağ un su süt tuz karabiber,"Orta boy derin bir tencere içine 2 yemek kaşığı tereyağı ve 1 yemek kaşığı sıvı yağ koyup, eritin. Eriyen yağın üzerine 3 yemek kaşığı domates salçası ekleyin. Salçanın kokusu çıkana kadar yaklaşık 2 dakika kavurun. Kavrulan salçanın üzerine 2 yemek kaşığı dolusu un koyun. Çırpıcı yardımı ile 1 dakika kadar kavurmaya devam edin. Ardından karışımın üzerine 4 buçuk su bardağı suyu azar azar döküp, hızlı bir şekilde karıştırın. Damak tadınıza göre tuz ve karabiber koyun. Karıştırarak, kaynamaya bırakın. Son olarak kaynayan salçalı domates çorbası içine yarım su bardağı süt döküp, karıştırın. 1-2 taşım kaynatıp, ocağın altını kapatın."
Tel Şehriyeli Tarhana Çorbası,çorba,toz tarhana tereyağı tel şehriye sarımsak domates salçası su tuz,"Orta boy derin bir tencere içine yarım yemek kaşığı tereyağı koyup, eritin. Eriyen yağın üzerine 1 tatlı kaşığı domates salçası ve 1 diş rendelenmiş sarımsak koyun. Sürekli karıştırarak, 1 dakika kadar kavurun. Daha sonra kavurduğunuz salçanın üzerine 5 su bardağı soğuk su döküp, karıştırın. Üzerine 3 yemek kaşığı toz tarhanayı ekleyin. Kaynaya kadar çorbayı sürekli karıştırın. Kaynayan tarhana çorbasının içine yarım çay bardağı tel şehriye ve damak tadınıza göre tuz ekleyip, karıştırın. Çorbayı 5-6 dakika kadar daha pişirin. Tel şehriyeli tarhana çorbası piştikten sonra sıcak olarak servis edebilirsiniz."
Yoğurtlu Ezogelin Çorbası,çorba,kırmızı mercimek yoğurt kuru soğan domates salçası biber salçası pilavlık bulgur pirinç tel şehriye nane sıvı yağ su tuz,"Orta boy derin bir tencere içine 2 yemek kaşığı sıvı yağ, yarım yemek kaşığı domates salçası ve yarım yemek kaşığı biber salçası koyup, 10-15 saniye kadar kavurun. Ardından 1 adet ince ince doğranmış soğan ve yarım su bardağı kırmızı mercimeği ekleyin. Tenceredeki malzemeleri sürekli karıştırarak, 1 dakika kavurun. Ardından tencerenin içine 5 buçuk su bardağı sıcak su döküp, mercimekler yumuşayana kadar haşlayın. Mercimekler yumuşadıktan sonra tencere içine 1 yemek kaşığı pirinç koyun. Ardından 1 yemek kaşığı pilavlık bulgur ekleyip, karıştırın. 5-6 dakika kadar pişirin. Bu süre sonunda 1 yemek kaşığı tel şehriyeyi de ekleyin. Çorbayı 5 dakika kadar daha pişirmeye devam edin. Diğer tarafta yarım su bardağı yoğurdu bir kaba koyup, çırpıcı yardımı ile iyice çırpın. Kaynayan çorba suyundan 1 kepçe alıp, yoğurdun içine dökün. Hızlı bir şekilde karıştırarak, yoğurdun ılımasını sağlayın. Ardından yoğurdu çorbanın içine azar azar döküp, hızlı bir şekilde karıştırarak kaynamaya bırakın. Yoğurtlu ezogelin çorbası kaynadıktan sonra içine 1 tatlı kaşığı dolusu nane ve damak tadınıza göre tuz ekleyip, karıştırın. Çorbanın kıvamı koyu ise biraz daha su ekleyip, kıvamı açabilirsiniz. Hazırladığınız yoğurtlu ezogelin çorbasını sıcak olarak servis edebilirsiniz."
Kırmızı Biberli Mantar Çorbası,çorba,kültür mantarı kırmızı biber soğan sarımsak un tere yağı sıvı yağ süt su tuz karabiber,"Mantarları yıkayıp, kabuklarını soyun. Mantarları tencereye koyun, üzerlerini geçecek kadar su dökün. Mantarları yumuşayana kadar pişirin. Mantarların suyunu süzüp, ince ince dilimleyin. Kırmızı biberi küçük küpler halinde kesin. Soğan ve sarımsağı ince ince doğrayın. Tencereye tereyağı ve sıvı yağ koyun, soğanları 1 dakika kavurun. Sarımsak ve kırmızı biberi ekleyip, 2 dakika kavurun. Unu koyun, kokusu çıkana kadar kavurun. Sütü azar azar döküp, hızlı bir şekilde karıştırın. Su ve mantarları ekleyip, tekrar karıştırın. Kaynamaya bırakın, 2 dakika daha kaynatın. Tuz ve karabiber koyup, son kez karıştırın."
Sebzeli Ezogelin Çorbası,çorba,kırmızı mercimek kırmızı pirinç bulgur kabak havuç patates kuru soğan sıcak su tuz karabiber tereyağı kuru nane kırmızı toz biber,"Soğanı soyup, minik küpler halinde kesin. Derin bir tencere içine 3-4 yemek kaşığı zeytinyağı koyun. Üzerine doğranmış soğanı ekleyip, 1 dakika kavurun. Ardından doğranmış kabak, havuç ve patatesi koyun. Ara ara karıştırarak, 5 dakika kavurun. Kavrulan sebzelerin üzerine kırmızı mercimek, pirinç, bulgur, damak tadınıza göre tuz, karabiber koyun. Ardından tencereye 7 su bardağı sıcak su ekleyin. Sebze ve bakliyatlar yumuşayana kadar pişirin. Sebze ve bakliyatlar yumuşayıp, ezilme kıvamına gelince blendırdan geçirin. Çorbanın kıvamı koyu ise biraz daha sıcak su ekleyip, kıvamı açabilirsiniz. Çorbanın üzeri için; küçük bir tava içine 2 yemek kaşığı tereyağı koyup, eritin. Eriyen yağın üzerine 1 tatlı kaşığı kuru nane ve 1 çay kaşığı kırmızı toz biber ekleyip, biraz kızdırın. Hazırladığınız sebzeli ezogelin çorbasını servis kasesine koyun. Üzerine kızdırdığınız yağlı nane karışımını döküp, servis edebilirsiniz."
Terbiyeli Yoğurt Çorbası,çorba,arpa şehriye sıvı yağ sıcak su yoğurt yumurta sarısı un tereayağı kuru nane,"Orta boy derin bir tencere içine 2 yemek kaşığı sıvı yağ dökün. Üzerine yarım su bardağından 1 parmak fazla arpa şehriye ekleyin. Şehriyeleri hafifçe kahverengi olana kadar sürekli karıştırarak, kavurun. Şehriyeleri kavurduktan sonra üzerine 5 su bardağı sıcak su döküp, kaynamaya bırakın. Daha sonra kısık ateş üzerinde şehriyeler şişene kadar pişirin. Terbiyesi için; çukur bir kaba 1 buçuk su bardağı yoğurt koyun. Üzerine 1 adet yumurta sarısı ve 1 yemek kaşığı un ekleyin. Tel çırpıcı ile iyice çırpın. Ardından çorbanın kaynayan suyundan 1-2 kepçe alıp, terbiyenin üzerine ekleyin. Hızlı bir şekilde karıştırarak, terbiyenin ılımasını sağlayın. Hazırladığınız terbiyeyi çorbanın üzerine azar azar döküp, hızlıca karıştırın. Ardından sürekli karıştırarak, kaynamaya bırakın. Çorba kaynadıktan sonra üzerine tuz ekleyip, karıştırın. Çorbanın kıvamı koyu ise üzerine azar azar sıcak su döküp, kıvamı açabilirsiniz. Çorbanın üzeri için; küçük bir tava içine 1 yemek kaşığı tereyağı koyup, eritin. Eriyen yağın üzerine 1 buçuk tatlı kaşığı kuru nane koyup, biraz kızdırın. Naneli karışımı terbiyeli yoğurt çorbasının üzerine dökün. Hazırladığınız terbiyeli yoğurt çorbasını sıcak olarak servis edebilirsiniz."
Yeşil Mercimek Çorbası,çorba,yeşil mercimek arpa şehriye havuç soğan domates salçası sıvı yağ sıcak su kuru nane tuz karabiber,"Derin bir tencere içine 3 yemek kaşığı sıvı yağ koyun. Üzerine 1 adet büyük boy ince ince doğranmış soğan ekleyip, 2 dakika kadar kavurun. Kavrulan soğanın üzerine 1 adet küçük boy minik küpler halinde doğranmış havucu koyup, 2 dakika kadar daha kavurun. Daha sonra tencereye 1 yemek kaşığı domates salçası ekleyip, 1 dakika kadar daha kavurun. 1 küçük çay bardağı arpa şehriyeyi koyun. 1 tatlı kaşığı kuru naneyi de ekleyip, 3-4 defa karıştırın. Tencere içine 8 su bardağı sıcak su dökün. Karıştırıp, kaynamaya bırakın. Kaynayan çorbaya haşladığınız yeşil mercimeği ekleyin. Damak tadınıza göre tuz ve karabiber koyup, karıştırın. Kıvam alıncaya kadar kısık ateş üzerinde pişmeye bırakın."
Yoğurtlu Ispanak Çorbası,çorba,ıspanak soğan sıvı yağ su tuz yoğurt yumurta sarısı un limon suyu,"Ispanakları ayıklayıp, yıkayın. İnce ince doğrayın. Tencere içine sıvı yağ döküp, ısıtın. Soğanı ekleyip, 2 dakika kavurun. Ispanakları ekleyip, 4-5 dakika kavurun. Su döküp, kaynamaya bırakın. Yoğurt terbiyesi için; yoğurt, yumurta sarısı, un ve limon suyunu çırpın. Çorbanın kaynayan suyundan 1 kepçe alarak yoğurt terbiyesine ekleyin. Yoğurt terbiyesini çorbanın üzerine azar azar döküp, hızlıca karıştırın. Kaynamaya bırakın. Tuz ekleyip, karıştırın."
Salçalı Et Çorbası,çorba,küçük kase kavrulmuş kuşbaşı et zeytinyağı domates salçası un sarıkmsak et suyu su kimyon kırmızı pul biber kuru nane tuz,"Orta boy derin bir tencere içine 3 yemek kaşığı zeytinyağı dökün. Üzerine 2 diş ince ince doğranmış sarımsak koyup, biraz kavurun. Ardından 1 yemek kaşığı domates salçası ekleyip, kokusu çıkana kadar kavurun. 1 yemek kaşığı un da koyup, biraz daha kavurun. Kavurma işlemi bittikten sonra tencereye 2 buçuk su bardağı et suyu ve 1 su bardağı suyu azar azar dökün. Topaklanma olmaması için çırpıcı yardımı ile iyice karıştırın. Ardından kaynamaya bırakın. Kaynayan çorba suyuna küçük küçük parçalara ayırdığınız etleri koyun. Damak tadınıza göre tuz, yarım çay kaşığı kimyon, 1 çay kaşığı kırmızı pul biber ve 1 çay kaşığı kuru nane ekleyip, karıştırın. 1-2 taşım daha kaynatıp, ocağın altını kapatın."
Yalancı Kelle Paça Çorbası,çorba,et suyu haşlanıp didiklenmiş et su un yoğurt yumurta sarısı sarımsak tereyağı sirke limon suyu kırmızı pul biber,"Derin orta boy bir tencere içine 2 su bardağı et suyu ve 2 su bardağı su koyun. Üzerine 1 su bardağı didiklenmiş et koyup, kaynamaya bırakın. Diğer taraftan küçük bir kaba 1 yemek kaşığı un, 1 adet yumurta sarısı, 2 diş dövülmüş sarımsak ve 2 yemek kaşığı yoğurt koyup, iyice çırpın. Kaynayan et suyundan bir kepçe alıp, yoğurtlu karışımın içine ekleyin. Karışımın ılımasını sağlayın. Bu karışımı kaynayan et suyuna azar azar döküp, hızlı bir şekilde karıştırın. Ardından 5 dakika kadar kaynamaya bırakın. Çorba kaynadıktan sonra içine damak tadınıza göre tuz, 1 yemek kaşığı tereyağ koyun. Daha sonra 2 buçuk yemek kaşığı sirke ve yarım limon suyu ekleyin. Çorbayı 1-2 taşım daha kaynatın."
Ezogelin Çorbası,çorba,kırmızı mercimek kuru soğan domates salçası biber salçası pilavlık bulgur pirinç tel şehriye sıvı yağ su tuz kuru nane,"Orta boy derin bir tencere içine 3 yemek kaşığı sıvı yağ, yarım yemek kaşığı domates salçası ve yarım yemek kaşığı biber salçası koyun. Salçaların kokusu çıkana kadar kavurun. Daha sonra kavurduğunuz salçanın üzerine 1 adet ince ince doğranmış soğan ve yarım su bardağı kırmızı mercimek koyun. Mercimekle soğanı 1 dakika kadar kavurun. Ardından 5 su bardağı su koyup, mercimekler yumuşayana kadar pişirin. Mercimekler piştikten sonra üzerine 1 yemek kaşığı pirinç ekleyin. 1 yemek kaşığı pilavlık bulgur da koyup, 7-8 dakika kadar daha pişirmeye devam edin. Son olarak tencereye 1 yemek kaşığı tel şehriyeyi ekleyin. Şehriyeler şişene kadar 5 dakika daha kaynatın. Ezogelin çorbası piştikten sonra üzerine 3 çay kaşığı kuru nane ve damak tadınıza göre tuz koyup, karıştırın."
Sütlü Havuç Çorbası,çorba,havuç un süt su zeytinyağı tuz dereotu,Havuçları rendeleyin. Tencereye zeytinyağı dökün. Havuçları kavurun. Un ekleyip kavurun. Süt ve su döküp karıştırın. Kaynadıktan sonra 2-3 dakika daha kaynatın. Tuz ve dereotu ekleyip karıştırın.
Sütlü Patates Çorbası,çorba,patates tereyağı un süt su tuz kırmızı pul biber nane,"Patatesleri soyup, küçük küpler halinde kesin. Derin bir tencere içine patatesleri koyun. Patateslerin üzerini geçecek kadar su dökün. Yumuşayana kadar haşlayıp, suyunu süzün. Daha sonra başka derin bir tencere içine 1 yemek kaşığı tereyağı koyup, eritin. Eriyen yağın üzerine 1 yemek kaşığı un ekleyip, kokusu çıkana kadar kavurun. Ardından 2 su bardağı sütü azar azar döküp, hızlı bir şekilde karıştırın. 3 su bardağı su ve haşlanmış patatesleri de tencereye ekleyin. Karıştırıp, kaynamaya bırakın. Kaynamaya başlayan çorbanın içindeki patatesleri blender ile iyice ezin. Hazırladığınız sütlü patates çorbasının kıvamı koyu ise üzerine azar azar kaynar su ya da süt ekleyip, kıvamı ayarlayabilirsiniz. Daha sonra çorbanın içine damak tadınıza göre tuz koyup, karıştırın. 1-2 taşım kaynatın. Sütlü patates çorbasının üzeri için; küçük bir tava içine 1 yemek kaşığı tereyağı koyup, eritin. Eriyen yağın üzerine biraz kırmızı pul biber ve nane ekleyip, kızdırın. Çorbanın üzerine döküp, sıcak olarak servis edebilirsiniz."
Taneli Sebze Çorbası,çorba,patates havuç kapya biber soğan kabak sarımsak maydanoz tere yağı sıvı yağ su tuz yoğurt yumurta sarısı un limon suyu,"Derin bir tencere içine 1 yemek kaşığı tereyağı ve 2 yemek kaşığı sıvı yağ koyup, ısıtın. Isınan yağın üzerine ilk olarak kestiğiniz soğan ve sarımsağı ekleyip, 1 dakika kavurun. Doğradığınız havucu koyup, 2 dakika daha kavurun. Daha sonra tencereye doğranmış patatesi ekleyip, 2 dakika daha kavurmaya devam edin. Son olarak tencereye doğranmış kabak ve kapya biberi de koyup, 2 dakika daha kavurun. Tencerede kavrulmuş olan sebzelerin üzerine 5 buçuk su bardağı sıcak su döküp, kaynamaya bırakın. İsteğe göre su yerine tavuk suyu ya da et suyu kullanabilirsiniz. Çorba kaynadıktan sonra ocağın altını biraz kısıp, sebzeler yumuşayana kadar pişirin. Terbiyesi için; çukur bir kaba 1 yemek kaşığı yoğurt, 1 adet yumurta sarısı, yarım limon suyu ve 1 yemek kaşığı tepeleme un koyup, iyice çırpın. Kaynayan çorba suyundan 1-2 kepçe alın. Terbiyenin içine koyup, hızlı bir şekilde karıştırarak, ılımasını sağlayın. Daha sonra terbiyeyi çorbanın içine azar azar döküp, sürekli karıştırarak, kaynamaya bırakın. Taneli sebze çorbası kaynadıktan sonra içine tuz ve 1 tutam ince ince doğranmış maydanoz ekleyip, karıştırın. Çorbanın kıvamı koyu ise azar azar sıcak su ekleyip, kıvamı açabilirsiniz. Hazırladığınız taneli sebze çorbasını sıcak olarak servis edebilirsiniz."
Arpa Şehriyeli Kırmızı Mercimek Çorbası,çorba,kırmızı mercimek arpa şehriye soğan kırmızı kapya biber domates salçası kuru nane pulbiber sıvıyağ sıcak su tuz,"Derin bir tencere içine 4 yemek kaşığı sıvıyağ koyun. Üzerine 1 adet ince ince doğranmış soğan ve yarım ince ince doğranmış kırmızı kapya biberi ekleyin. Ara ara karıştırarak, 2 dakika kadar kavurun. Daha sonra 1 yemek kaşığı domates salçası koyup, 1 dakika kadar daha kavurun. Salça kavrulduktan sonra üzerine 1 çay kaşığı pul biber ve 6 su bardağı sıcak su ekleyip, karıştırın. Çorbayı kaynamaya bırakın. Çorbanın suyu kaynamaya başladıktan sonra üzerine 1 su bardağından iki parmak az kırmızı mercimek, yarım su bardağı arpa şehriye ve tuz koyup, karıştırın. Tencerenin kapağını kapatıp, kısık ateş üzerinde şehriye ile mercimekler yumuşayana kadar pişirin. Arpa şehriyeli kırmızı mercimek çorbası piştikten sonra ocaktan alın. Üzerine 2 tatlı kaşığı kuru nane ekleyip, karıştırın."
Bademli Tavuk Çorbası,çorba,tavuk budu file badem tereyağı un hazır süt kreması tavuk suyu tuz pul biber,"Derin bir tencereye 5 bardak su ve bir adet tavuk budunu koyun. Orta ateşte 25 dk kadar tencerenin kapağı kapalı bir şekilde haşlayın. Haşladığınız tavuk budunu tencereden alın. Tencerede kalan suyu, bademli tavuk çorbasında kullanmak üzere bir kaba alın. Haşlanmış tavuk budunu da elinizle tiftik tiftik ayırıp,söğüş tavuketlerini hazırlayın. Ayrı bir tencereye 2 yemek kaşığı tereyağ koyup, eritin. Üzerine 2 yemek kaşığı un ilave edin. Unun kokusu çıkana kadar 3 dk kadar kavurun. Kavrulan unun üzerine, ayırdığınız tavuk suyunu dökün ve karıştırın. Tavuk suyukaynamaya başlamadan önce, küçük söğüş olarak hazırladığımız tavuk etlerini ilave edin. Tuzunu ayarlayıp, 7-8 dk kadar bademli tavuk çorbasını kısık ateşte pişirmeye devam edin. Bademli tavuk çorbasını, ocaktan almaya yakın, 1 küçük kutu süt kreması ekleyip, iyice karıştırın. Çorbanızı 1-2 taşım kaynatın ve ocaktan alın. Tereyağı ile pul biberi bir küçük bir tavada kızdırın. Çorbanın içine dökün. Bir kepçe yardımıyla karıştırın. Hazırladığınız kremalı bademli tavuk çorbasını kaselere dökün. Üzerine file badem serpiştirin."
Enginar Çorbası,çorba,çanak enginar un limon suyu yumurta sarısı tuz su dereotu,"2 adet çanak enginarı minik küpler halinde doğrayın. Orta boy derin bir tencere içine koyun. Enginarların üzerine 5 su bardağı su ekleyip, yumuşayana kadar pişirin. Enginar çorbasının terbiyesi için; küçük bir kaba 1 yemek kaşığı dolusu un ve yarım su bardağı kadar su ekleyip, pürüzsüz bir kıvam alana kadar karıştırın. Ardından karışımın içine 1 adet yumurta sarısı ve yarım adet limon suyu koyup, tekrardan iyice karıştırın. Yumuşayan enginarların suyundan 1-2 kepçe alıp, terbiyeli karışımın içine dökün. İyice karıştırıp, ılımasını sağlayın. Ardından terbiyeli karışımı çorbanın içine azar azar döküp, karıştırın. Enginar çorbasını kaynamaya bırakın. Kaynadıktan sonra 1 çay kaşığı tuz ve 3 tutam ince ince doğranmış dereotu ekleyin. Karıştırıp, ocaktan alın. Çorbanızın kıvamı koyu ise biraz daha sıcak su ekleyebilirsiniz. Hazırladığınız enginar çorbasını sıcak olarak servis edebilirsiniz."
Kıymalı Arpa Şehriye Çorbası,çorba,arpa şehriye kavrulmuş kıyma domates salçası su maydanoz limon suyu tuz karabiber,"Orta boy derin bir tencere içine 1 yemek kaşığı domates salçası koyun. Üzerine 2 yemek kaşığı zeytinyağ ekleyip, 2-3 kere karıştırın. Salçanın üzerine 3,5 su bardağı su döküp, iyice karıştırın. Suyu kaynamaya bırakın. Daha sonra kaynayan suyun içine 5 yemek kaşığı kavrulmuş kıyma ve 5 yemek kaşığı arpa şehriye ekleyip, karıştırın. Arpa şehriyeler şişene kadar pişirin. Kıymalı arpa şehriye çorbası piştikten sonra üzerine ince ince doğranmış 1 tutam maydanoz, tuz ve karabiber ekleyip, karıştırın. Hazırladığınız kıymalı arpa şehriye çorbasını isteğe göre limon suyu ile servis edebilirsiniz."
Kıymalı Mercimek Çorbası,çorba,yeşil mercimek arpa şehriye kıyma soğan domates salçası su tuz karabiber tere yağı nane,"Yarım su bardağı yeşil mercimeği bir tencere içine koyun. Üzerine üç parmak çıkacak kadar su ekleyip, hafifçe yumuşayana kadar pişirin. Derin bir tencere içine 1 adet orta boy soğanı ince ince doğrayın. Üzerine yaklaşık 100 gr kadar kıyma ve 3-4 yemek kaşığı su ekleyin. Kıymayı sürekli karıştırarak pişirin. Ardından 1 yemek kaşığı domates salçası koyup, 3-4 kere karıştırın. Daha sonra tencerenin içine 4 su bardağı sıcak su döküp, kaynamaya bırakın. Ardından kaynayan suyun içine pişen mercimeği ve 2 yemek kaşığı arpa şehriyeyi koyun. Arpa şehriyeler şişene kadar çorbayı pişirin. Kıymalı mercimek çorbası piştikten sonra tuz ve karabiber koyun. Üzeri için küçük bir tava içine 1 yemek kaşığı tereyağ koyup, eritin. Eriyen tereyağının içine 1 tatlı kaşığı nane ekleyip, biraz kızdırın. Naneli karışımı çorbanın üzerine döküp, karıştırın."
Közlenmiş Domates Çorbası,çorba,domates soğan domates salçası sarıkmsak tere yağı su tuz karabiber,"Fırın kabı içine böldüğünüz domatesleri yerleştirin. Domateslerin yanına 4 diş sarımsak ve 1 adet orta boy soğanı kabukları ile birlikte koyun. Önceden ısıtılmış 190 derece fırına verin. 20 dakika kadar pişirin. Fırında pişen domates, soğan ve sarımsakların kabuklarını soyun. Soğanı küçük parçalar halinde kesin. Diğer tarafta derin bir tencere içine 1 yemek kaşığı tereyağı koyup, eritin. Üzerine doğradığınız soğanları ve kabuklarından ayrılmış sarımsakları ekleyip, 1 dakika kadar soteleyin. Daha sonra 1 tatlı kaşığı domates salçası koyup, 1 dakika kadar daha soteleyin. Kabuklarını soyduğunuz domatesleri de koyun. 5 dakika kadar karıştırarak, kavurun. Domateslerin üzerine 4 su bardağı sıcak su, tuz ve karabiber ekleyip, kaynamaya bırakın. Kaynayan çorbayı blenderdan iyice geçirin. Tekerardan 1-2 taşım kaynatıp, ocaktan alın."
Labneli Domates Çorbası,çorba,domates püresi labne peyniri tere yağı un su tuz karabiber fesleğen,"6 adet domatesin kabuklarını soyun. Mutfak robotuna koyup, iyice püre haline getirin. Derin bir tencereye 1 yemek kaşığı tereyağ koyup, eritin. Ardından 2 yemek kaşığı un ekleyin. 1 dakika kadar kavurun. Daha sonra domates püresini ekleyin. Unun topaklanmaması için iyice karıştırın. Kaynamaya bırakın. Diğer taraftan bir kaba yarım kutu labne peynir koyun. Üzerine az miktar sıcak su ekleyip, karıştırın. Ardından labneli karışımı tencere içine döküp, karıştırın. Son olarak 2,5 su bardağı sıcak su, tuz ve karabiber ekleyip, karıştırın. 1-2 taşım kaynatın. İsteğe göre labneli domates çorbasını ince bir süzgeçten geçirebilirsiniz. Hazırladığınız labneli domates çorbasını kaselere dökün. Labneli domates çorbasının üzerini labne peyniri ve fesleğen ile süsleyerek, servis edebilirsiniz."
Sebzeli Köy Tavuğu Çorbası,çorba,köy tavuk budu havuç domates maydanoz tel şehriye su tuz karabiber,"Derin bir tencereye 2 litre su ve 1 adet köy tavuk budu koyun. Orta ateşte 30-35 dk kadar haşlayın. Haşladığınız tavuk budunu tencereden alın. Soğumaya bırakın. Tencerede kalan tavuk suyunun içine yarım çay bardağı tel şehriye koyup, karıştırın. Daha sonra küpler halinde doğranmış 1 adet domates ve 1 adet rendelenmiş havuç ekleyin. Karıştırıp, 5 dakika kadar pişirin. Diğer taraftan soğuyan tavuk budunu küçük küçük parçalara ayırın. Tencereye ekleyin. Son olarak sebzeli köy tavuğu çorbasının içine ince ince doğranmış 2 tutam maydanoz, tuz ve karabiber de koyup, karıştırın. Pişen sebzeli köy tavuğu çorbasını ocaktan alıp, sıcak olarak servis edebilirsiniz."
Tavuklu Buğday Çorbası,çorba,buğday yoğurt tavuk göğsü un yumurta sarısı su tereayağı kırmızı toz biber,"Derin bir tencere içine küçük bir çay bardağı buğday koyun. Üzerine çıkacak kadar su ekleyip, yumuşayana kadar pişirin. Ayrı küçük bir tencere de 100 gr tavuk göğüs etini koyup, üzerine su döküp, haşlayın. Tavuk eti haşlandıktan sonra eliniz ile minik parçalara ayırın. Diğer taraftan haşlanmış olan buğdayın üzerine 4 su bardağı su döküp, kaynamaya bırakın. Kaynayan su içine tavuk etlerini ekleyin. Tavuklu Buğday Çorbasının Terbiyesi İçin; bir kap içine yarım su bardağı yoğurt, 1,5 yemek kaşığı un, 1 adet yumurta sarısı ve az miktar su ekleyip, iyice karıştırın. Ardından kaynayan çorba suyundan 1 kepçe kadar su koyup, terbiyenin ılınmasını sağlayın. Yoğurtlu terbiye karışımı çorbanın üzerine azar azar döküp, karıştırın. Tuzunu da ekleyip, tekrar kaynamaya bırakın. Tavuklu Buğday Çorbasının Üzeri İçin; küçük bir tava içine 1 yemek kaşığı tereyağ koyup, eritin. Üzerine 1 çay kaşığı kırmızı pulbiber ya da toz biber ekleyip, yağın içinde az miktar kızdırın. Pişen çorbanın üzerine kırmızı biberli karışımı döküp, karıştırın."
Un Çorbası,çorba,un tereyağı sıvıyağ limon suyu sarimsak yumurta sarısı su tuz karabiber kırmızı toz biber,"Derin bir tencere içine 1 yemek kaşığı tereyağı koyup, eritin. Üzerine 2 yemek kaşığı sıvıyağ ekleyip, karıştırın. Yağın içine 1,5 küçük çay bardağı un ekleyip, un kokusu çıkana kadar yaklaşık 5-6 dakika kavurun. Kavurduğunuz unun üzerine ilk olarak 3 su bardağı soğuk su döküp, unun topaklanmaması için hızlı bir şekilde çırpıcı yardımı ile iyice karıştırın. Ardından geri kalan 2 su bardağı soğuk suyu döküp, tekrar karıştırın. Daha sonra un çorbasının terbiyesi için; küçük bir kaba 1 adet yumurta sarısı koyun. Üzerine yarım limon suyu ve 3 küçük diş sarımsağı rendenin en ince tarafı ile rendeleyip, ekleyin. Karışımı iyice karıştırın. Bu karışımın içine kaynayan çorba suyundan biraz ekleyip, karıştırın. Ardından terbiyeli karışımı çorbanın üzerine azar azar döküp, (kesilmemesi için) hızlı bir şekilde karıştırın. Son olarak un çorbası üzerine tuz ve karabiber ekleyip, 1-2 taşım kaynatın. Çorbanın kıvamı size çok koyu gelirse biraz daha su ekleyerek, açabilirsiniz. Diğer tarafta küçük bir tava içine 1 yemek kaşığı kadar tereyağı koyup, eritin. Üzerine 1 çay kaşığı kırmızı toz biber koyup, kızdırın. Hazırladığınız un çorbasını kaselere koyun. Üzerlerine az miktar yağda kızdırdığınız kırmızı toz biber karışımından döküp, servis edebilirsiniz."
Yoğurtlu Bulgur Çorbası,çorba,bulgur yumurta sarısı un yoğurt su tuz tere yağı kuru nane,"Derin bir tencere içine yarım su bardağı bulguru koyun. Üzerine 3 su bardağı su ekleyin. Bulgurlar şişene kadar haşlayın. Diğer yandan derin bir kaba 1 su bardağı yoğurt, 1 adet yumurta sarısı, yarım yemek kaşığı un ve 1 su bardağı su koyup, iyice çırpın. Bulgurlar şiştikten sonra kaynayan suyundan 1 kepçe alın. Yoğurtlu karışımın içine ekleyip, karıştırın. Ardından yoğurtlu karışımı haşlanmış bulgurların üzerine azar azar döküp, çorbanın kesilmemesi için hızlı bir şekilde karıştırın. Yoğurtlu bulgur çorbasını kaynamaya bırakın. Kaynadıktan sonra tuz ekleyip, ocağın altını kapatın. Son olarak küçük bir tava içine 1 tatlı kaşığı tereyağı koyup, eritin. Üzerine 1 tatlı kaşığı nane koyup, biraz kızdırın. Bu naneli karışımı yoğurtlu bulgur çorbası üzerine döküp, karıştırın."
Yoğurtlu Mercimek Çorbası,çorba,yeşil mercimek yoğurt un yumurta sarısı su tuz tereyağı kuru nane,"Küçük 1 çay bardağı yeşil mercimeği bir tencere içine koyun. Üzerini geçecek kadar su döküp, yumuşayana kadar pişirin. Daha sonra yumuşayan mercimeğin suyunu süzün. Mercimeğin üzerine tekrardan yaklaşık 5 su bardağı su koyup, kaynamaya bırakın. Diğer tarafta bir kap içine 1 su bardağı dolusu yoğurt, 1 adet yumurta sarısı ve 1 yemek kaşığı dolusu un koyup, iyice karıştırın. Daha sonra kaynayan çorba suyundan 1-2 kepçe alıp, yoğurtlu karışımın içine dökün. İyice karıştırıp, ılımasını sağlayın. Ardından yoğurtlu karışımı çorbanın içine azar azar döküp, karıştırın. Yoğurtlu mercimek çorbasını kaynamaya bırakın. Kaynadıktan sonra çorbanın tuzunu ekleyip, ocaktan alın. Çorbanızın kıvamı koyu ise biraz daha sıcak su ekleyebilirsiniz. Yoğurtlu mercimek çorbasının üzeri için; küçük bir tava içine yarım yemek kaşığı tereyağı koyup, eritin. Yağın üzerine 1 çay kaşığı kuru nane ekleyip, kızdırın. Naneli karışımı çorbanın üzerine döküp, karıştırın. Hazırladığınız yoğurtlu mercimek çorbasını sıcak olarak servis edebilirsiniz."
Bostana Salatası,salata,domates salatalık yeşil sivri biber maydanoz soğan zeytinyağı biber salçası domates salçası nar ekşisi sumak kırmızı pul biber tuz,"Domateslerin kabuğunu soyun. Domatesleri minik küpler şeklinde doğrayın. Salatalık, yeşil sivri biber ve soğanı minik küpler şeklinde doğrayın. Maydanozu ince ince doğrayın. Salata malzemelerini karıştırın. Sosu hazırlayın. Sosu salata malzemelerinin üzerine dökün. Salatayı buzdolabında en az 1 saat soğumaya bırakın."
Coleslaw Salatası,salata,küçük boy beyaz lahana orta boy havuç mayonez küçük boy kuru soğan taze sıkılmış limon suyu toz şeker tuz sirke,"Derin bir kaba yarım adet küçük boy lahanayı ince ince doğrayın. Lahanaların üzerine 2 adet orta boy havucu rendenin iri tarafı ile rendeleyin. Ardından da yarım adet kuru soğanı rendenin ince tarafı ile rendeleyin. Daha sonra kaptaki malzemelerin üzerine 6 yemek kaşığı mayonez, 1 yemek kaşığı toz şeker, 1 tatlı kaşığı tuz, 1 yemek kaşığı sirke ve 1 adet taze sıkılmış limon suyu ekleyin. Salatayı bütün malzemeleri ile iyice karıştırın. Hazırladığınız coleslaw salatasını buzdolabında bir süre soğuttuktan sonra servis edebilirsiniz."
Havuçlu Kabak Tarator,salata,havuç kabak yoğurt mayonez dereotu sarımsak zeytinyağı tuz kırık ceviz kırmızı toz biber,"Kabağı rendeleyin ve tava içinde zeytinyağı ile pişirin. Havucu rendeleyin ve tava içinde zeytinyağı ile pişirin. Pişen havuç ve kabağı karıştırın. Yoğurt, mayonez, dereotu, sarımsak ve tuz ekleyin. Cevizli yağ karışımını hazırlayın. Servis tabağına koyun ve üzerini süsleyin."
Köpoğlu,atıştırmalık,patlıcan çerliston biber domates sarımsak zeytinyağı yoğurt tuz,"Patlıcanların birkaç yerine bıçak ile delikler açın. Fırın tepsisi içine koyun ve önceden ısıtılmış 200 derece fırına verin. Biberler patlıcanlardan önce közlenecektir. Bu yüzden biberleri közlendiği an fırından alın. Patlıcan ve biberler közlendikten sonra soğumaya bırakın. Soğuduktan sonra kabuklarını soyup, bıçak yardımı ile küçük küçük kesin. Domatesleri soyup, minik küpler halinde kesin. Domatesler hafifçe yumuşayana kadar pişirin. Yumuşayan domateslerin üzerine doğradığınız patlıcan ve biberleri koyun. Damak tadınıza tuz ve karabiber ekleyin. Son olarak küçük bir kaba 1 su bardağı katı yoğurt koyun. Biraz tuz ekleyip, pürüzsüz bir kıvam alana kadar çırpın. Soğumuş olana köpoğlu mezesini servis tabağına koyun. Orta kısmına yoğurdu dökün."
Nuraniye Salatası,salata,kabak pirinç dereotu maydanoz taze soğan zeytinyağı sarımsak yoğurt kuru nane tuz,"Pirinçleri haşlayın. Kabakları rendeleyin. Taze soğanları doğrayın. Kabakları zeytinyağıyla pişirin. Soğuyan kabaklara pirinç, dereotu, maydanoz, sarımsak, nane ve yoğurt ekleyin. Karıştırın."
Vardabit Paçası,ana yemek,kuru fasulye tırnak pidesi tahin limon suyu sarıkmsak fasulye suyu kimyon tuz zeytinyağı tere yağı kırmızı pul biber maydanoz,"1 buçuk su bardağı kuru fasulyeyi akşamdan su içinde bekletin. Ertesi gün suyunu süzüp, bir tencere içine alın. Fasulyelerin üzerini geçecek kadar su döküp, dağılmayacak şekilde yumuşayana kadar haşlayın. Daha sonra sosunda kullanmak üzere haşlama suyundan 1 çay bardağı kadar ayırıp, soğumaya bırakın. Arzu ederseniz 3 su bardağı kadar haşlanmış konserve kuru fasulye de kullanabilirsiniz. Bu durumda haşlama suyu yerine de su kullanabilirsiniz. Diğer tarafta 2 adet küçük boy tırnak pideyi küçük küpler şeklinde kesin. Tırnak pide yerine bayat ekmek, bazlama ya da pide de kullanabilirsiniz. Kestiğiniz pideleri fırın tepsisi içine yayın. Önceden ısıtılmış 190 derece fırına verin. Pideler hafifçe renk değiştirene kadar kızartın. Vardabit paçasının sosu için; bir kase içine yarım su bardağı tahin koyun. Üzerine yarım limon suyu sıkın. Ardından 2 diş ezilmiş sarımsak, damak tadınıza göre tuz ve 1 çay kaşığı kimyon ekleyin. Sosu çırpıcı yardımı ile güzelce karıştırın. Bu esnada tahinli sos katı bir kıvam alacaktır. Sosun kıvamını açmak için başta ayırdığınız 1 çay bardağı haşlanmış fasulye suyunu azar azar dökün. Hafif akışkan bir kıvam alana kadar sürekli karıştırın. Sos miktarını isteğe göre arttırabilirsiniz. Daha sonra kızarttığınız pideleri servis tabağına koyun. Kuru fasulyelerin üzerine damak tadınıza göre tuz ve biraz kimyon ekleyip, güzelce harmanlayın. Ardından pidelerin üzerine haşladığınız kuru fasulyeleri ekleyin. Fasulyelerin üzerine de hazırladığınız tahin sosunu güzelce gezdirerek, dökün. Daha sonra üzerlerine yarım demet ince ince doğranmış maydanoz serpiştirin. Son olarak küçük bir sos tavası içine 1 tatlı kaşığı tereyağı ve 1 yemek kaşığı zeytinyağı koyup, ısıtın. Yağın üzerine 1 tatlı kaşığı kadar kırmızı pul biber ekleyip, hafifçe kızdırın. Hazırladığınız vardabit paçasının üzerine yağlı pul biber sosunu gezdirerek, dökün. Ardından çok bekletmeden hemen servis edebilirsiniz."
Babagannuş,salata,patlıcan kırmızı biber yeşil biber soğan sarımsak domates maydanoz biber salçası zeytinyağı limon suyu tuz,"Patlıcanları, kırmızı ve yeşil biberleri közleyin. Közlenen patlıcanları, kırmızı ve yeşil biberlerin kabuklarını soyun. Patlıcanları ve biberleri ince ince kıyın. Soğanı ince ince doğrayın. Soğanı 2 dakika kavurun. Kavrulan soğanın üzerine biber salçası koyun. Soğan ve salçayı kısa bir süre daha kavurun. Kıydığınız közlenmiş biber ve patlıcanları, kavurduğunuz salçalı soğan karışımı, maydanoz, domates, sarımsak, tuz, zeytinyağı ve limon suyunu karıştırın."
Manca,atıştırmalık,patlıcan kırmızı kapya biber çarliston biber domates maydanoz sarımsak zeytinyağı sirke tuz,"Patlıcanları, biberleri yıkayıp kurulayın. Sebzelerin üzerlerinde delikler açın. 200 derece fırında 25 dakika közleyin. Biberler közlendikten sonra fırından çıkartın. Patlıcanlar közlendikten sonra fırından çıkartıp soğumaya bırakın. Domatesin kabuğunu soyup küp küp kesin. Maydanozu ince ince doğrayın. Közlenmiş sebzelerin kabuğunu soyun, biberlerin çekirdeklerini temizleyin. Sebzeleri minik küpler halinde doğrayın. Tüm malzemeleri karıştırın."
Tahinli Tarator,salata,tahin süzme yoğurt limon suyu sarımsak zeytinyağı kimyon tuz maydanoz ceviz kırığı,"Derin bir kase içine 4 yemek kaşığı süzme yoğurt koyun. Süzme yoğurdu çırpıcı yardımı ile iyice karıştırın. Kaba 2 tutam ince ince doğranmış maydanoz, 2 diş ezilmiş sarımsak, 1 adet sıkılmış limon suyu, 2 yemek kaşığı zeytinyağı, 1 çay kaşığı kimyon ve 1 çay kaşığı tuz ekleyin. Tüm malzemeleri kaşık yardımı ile iyice karıştırın. Hazırladığınız tahinli taratoru servis tabağına koyup, güzelce yayın. Üzerine biraz zeytinyağı ve ceviz kırığı ekleyip, servis edebilirsiniz."
Teretür,salata,marul maydanoz süzme yoğurt tahin limon suyu sarımsak zeytinyağı tuz,"1 adet marulu ikiye bölün. Sert beyaz kısımlarını teretür yapımında kullanmak için alın ve bol su altında güzelce yıkayın. Yarım demet maydanozun uzun saplı olanlarını seçin ve güzelce yıkayın. Yıkadıktan sonra iyice kurulamalarını sağlayın. Maydanozun saplarından başlayarak olabildiğince ince ince kıyın. Arzu ederseniz satırdan da geçirebilirsiniz. Marulun sert beyaz kısmını alın. İnce ince doğrayın. Yine eğer satırınız varsa, marulu da satırdan geçirebilirsiniz. Olabildiğince ince ince kıydığınız maydanoz ve marulun suyunu iyice sıkarak bir karıştırma kabının içine alın. Diğer tarafta küçük bir karıştırma kabının içine 4 yemek süzme yoğurt, 2 yemek kaşığı tahin, yarım limon suyu, 1 diş rendelenmiş sarımsak ve damak tadınıza göre tuz ekleyin. Tüm sos malzemelerin iyice karışmasını sağlayın. Son olarak hazırladığınız tahinli yoğurtlu sosu marul ve maydanozlu harcın üzerine dökün. Tüm malzemeleri kaşık yardımı ile güzelce karıştırın. Hazırladığınız teretür mezesini servis tabağına koyup, güzelce yayın. Üzerine 2 yemek kaşığı zeytinyağı gezdirip, servis edebilirsiniz."
Atom Meze,atıştırmalık,süzme yoğurt kurutulmuş sivri biber sarıkmsak zeytinyağı tere yağı kırmızı toz biber tuz,"12 adet küçük boy kurutulmuş sivri biberi bir kase içine koyun. Biberlerin üzerine sıcak su dökün ve 5 dakika kadar sıcak suda bekletin. Süzme yoğurtu bir kaba koyun ve üzerine 1-2 diş sarımsak rendeleyip, damak tadınıza göre tuz ekleyin. Yoğurtlu karışımı tel çırpıcı yardımı ile pürüzsüz bir kıvam alana kadar iyice karıştırın. Biberleri suyun içinden alıp, iyice kurulayın ve sap kısımlarını kesip, atın. Her biberi 2-3 parçaya kesin. Küçük boy bir tava içine 2 yemek kaşığı zeytinyağı dökün ve üzerine kestiğiniz biberleri koyun. Biberleri orta ateş üzerinde yakmadan 3-4 defa çevirip, kavurun. Tavaya 1 tatlı kaşığı tereyağı ve 1 çay kaşığı kadar kırmızı toz biber ekleyin. Tereyağı eriyene kadar sürekli karıştırıp, ocaktan alın. Yoğurtlu karışımı küçük yaygan bir tabak içine yayın ve üzerine kavrulan biberleri yağıyla birlikte dökün."
Cunda Cacığı,salata,salatalık süzme yoğurt zeytinyağı taze nane sarımsak tuz dereotu,"Salatalıkların kabuğunu soyun. Salatalıklardan birini uzunlamasına ortadan ikiye kesin. Kestiğiniz salatalığın çekirdek kısımlarını küçük bir kaşık yardımı ile çıkarın. Çekirdek kısmını çıkarttığınız salatalığı ay şeklinde doğrayın. Kabuğunu soyduğunuz diğer salatalığı da halka şeklinde ince ince doğrayın. Taze nanenin yaprak kısımlarını ayıklayıp, ince ince doğrayın. Yoğurdun üzerine sarımsak, tuz ve doğradığınız taze naneleri ekleyin. Karışımın üzerine zeytinyağı azar azar koyun. Zeytinyağının yoğurtlu karışım ile tamamen birleşmesi için tel çırpıcı ile iyice karıştırın. Yoğurtlu karışımın üzerine doğradığınız salatalıkları koyun. Salatalıkların üzerine tuz serpiştirin. Cacığı buzdolabında 10 dakika bekletin. Süre sonunda beklettiğiniz Cunda cacığını buzdolabından çıkartıp, bir kaşık yardımı ile iyice karıştırın."
Hardallı Patates Salatası,salata,patates hardal mayonez yoğurt taze soğan maydanoz dereotu tuz karabiber kırmızı pul biber,"Patatesleri soyup, her bir patatesi dört parçaya kesin. Patatesleri orta boy derin bir tencere içine koyun. Üzerlerini geçecek kadar su döküp, biraz tuz ekleyin. Patatesleri dağılmayacak şekilde yumuşayana kadar haşlayın. Haşlanan patateslerin suyunu süzüp, biraz ılımaya bırakın. Patatesleri küpler halinde kesin. Salatanın sosu için; bir kase içine 2 yemek kaşığı hardal, 4 yemek kaşığı mayonez ve 2 yemek kaşığı yoğurt koyun. Sosun üzerine 2 tutam ince ince doğranmış maydanoz, 2 tutam ince ince doğranmış dereotu, 2 sap ince ince doğranmış taze soğan, damak tadınıza göre tuz, karabiber ve kırmızı pul biber ekleyin. Tüm sos malzemelerini kaşık yardımı ile güzelce karıştırın. Derin bir kap içine küpler halinde kestiğiniz patatesleri koyun. Patateslerin üzerine hardal sosunu dökün. Hardallı patates salatasını kaşık yardımı ile yavaşça karıştırın. Hardalı damak tadınıza göre azaltıp, çoğaltabilirsiniz. Hazırladığınız hardal soslu patates salatasını servis tabağına koyun. Üzerini istediğiniz şekilde süsleyerek, servis edebilirsiniz."
Havuç Tarator,salata,havuç ceviz yoğurt mayonez sarımsak zeytinyağı tuz,"Havuçların kabuğunu soyun. Rendenin iri tarafı ile rendeleyin. Rendelediğiniz havuçları geniş bir tava ya da tencere içine koyun. Üzerine 3 yemek kaşığı zeytinyağı ve az miktar tuz ekleyin. Havuçları ara ara karıştırarak, yumuşayana kadar pişirin. Yumuşayan havuçları ocak üzerinden alıp, soğumaya bırakın. Soğuyan havuçları derin bir kap içine koyun. Üzerine 5 yemek kaşığı dolusu yoğurt, 1 diş rendelenmiş sarımsak ve 1 yemek kaşığı mayonez ekleyip, karıştırın. Ardından 2 yemek kaşığı dövülmüş ceviz ve damak tadınıza göre tuz ekleyin. Kaşık yardımı ile tekrar iyice karıştırın. Hazırladığınız havuç taratoru servis tabağı içine koyun. Üzerini istediğiniz şekilde süsleyerek, servis edebilirsiniz."
Kırmızı Lahana Turşusu,turşu,mor lahana limon toz şeker tuz,"Yıkayıp, bıçak yardımı ile ince ince doğrayın. Derin bir kaba koyun. Lahanaların üzerine az miktar tuz serpiştirin. Lahanaların diriliğinin gitmesi için eliniz ile 1 dakika ovuşturun. 1 adet küçük boy limonun kabuğunu soyun. Minik küpler halinde kesin. Lahanaların üzerine ekleyip, karıştırın. Orta boy bir kavanoz içine limonlu lahanaları yerleştirin. Lahanaları eliniz ile bastırarak yerleştirin. Lahanaların üzerine 2 yemek kaşığı tuz ve 1 tatlı kaşığı toz şeker ekleyin. 1 adet limonun suyunu sıkıp, kavanozun içine dökün. Son olarak lahanaların üzerine çıkacak kadar yeteri miktarda içme suyu ekleyin. Kavanozun ağzını sıkıca kapatın. Tuzun ve şekerin erimesi için kavanozu 2-3 kere alt üst edin. Hazırladığınız kırmızı lahana turşusunu 10-15 gün kadar serin ve kuru yerde saklayın. Daha sonra suyu ile beraber servis edebilirsiniz."
Lokanta Usulü Cacık,ana yemek,salatalık yoğurt su sarımsak kuru nane tuz zeytinyağı,"Salatalıkları yıkayıp, kurulayın. Salatalıkların baş kısımlarını kesip, kabuğu ile birlikte rendeleyin. Yoğurdun üzerine su, sarımsak ve tuz koyun. Malzemeleri tel çırpıcı yardımı ile iyice çırpın. Yoğurtlu karışımın içine rendelediğiniz salatalıkları ekleyin. 1 yemek kaşığı da kuru nane koyun. Tüm cacık malzemelerini kaşık yardımı ile iyice karıştırın. Cacığı buzdolabında en az 40-45 dakika soğumaya bırakın. Servis kaselerine koyup, üzerlerine biraz zeytinyağı dökerek servis edin."
Mercimek Fava,ana yemek,kırmızı mercimek soğan sarımsak zeytinyağı kimyon karabiber zerdeçal tuz kırmızı soğan dereotu,"Orta boy derin bir tencere içine 4 yemek kaşığı zeytinyağı dökün. Yağın üzerine 1 adet orta boy küçük küçük doğranmış soğan ve 3 diş küçük küçük doğranmış sarımsak koyun. Soğanlar yumuşayana kadar sürekli karıştırarak, kavurun. Kavrulan soğan ve sarımsağın üzerine 1 su bardağı yıkanmış ve suyu süzülmüş kırmızı mercimeği ekleyin. Ardından 1 çay kaşığı kimyon, 1 çay kaşığı karabiber, 1 çay kaşığı zerdeçal ve 1 tatlı kaşığı tuz koyun. Mercimeği baharatlar ile birlikte 1-2 dakika sürekli karıştırarak, kavurmaya devam edin. Daha sonra kavurduğunuz mercimeğin üzerine 2 su bardağı su döküp, kaynamaya bırakın. Kaynadıktan sonra kısık ateş üzerinde mercimekler iyice yumuşayıp, suyunu çekene kadar pişirin. Mercimek piştikten sonra pürüzsüz bir kıvam alana kadar blenderdan geçirin. Diğer tarafta orta boy bir kasenin içini zeytinyağı ile güzelce yağlayın. Ardından bu kasenin içine kırmızı mercimekli favayı koyup, üzerini güzelce düzeltin. Bu şekilde oda ısısında soğuduktan sonra buzdolabında 2-3 saat kadar soğumaya bırakın. Son olarak 1 adet küçük boy kırmızı soğanı ay şeklinde ince ince doğrayıp, bir tava içine koyun. Üzerine 2 yemek kaşığı zeytinyağı ve biraz tuz ekleyip, yumuşayana kadar kavurun. Buzdolabında beklettiğiniz mercimek favayı servis tabağı üzerine ters çevirip, çıkarın. Fava kaseden çok kolay bir şekilde çıkacaktır. Üzerine kavurduğunuz kırmızı soğanı ekleyin. 1 tutam da ince ince doğranmış dereotu serpiştirip, servis edebilirsiniz."
Pancarlı Patates Salatası,salata,patates kırmızı pancar havuç zeytinyağı konserve mısır sarımsak yoğurt mayonez dereotu tuz karabiber,"Patatesleri soyup, 4-5 parçaya bölün. Patatesleri yumuşayana kadar haşlayın. Kırmızı pancarları kabuğu ile birlikte yumuşayana kadar haşlayın. Haşlanan pancarların kabuğunu soyup, rendeleyin. Patateslerin suyunu süzüp, geniş bir kap içine koyun. Patateslerin üzerine zeytinyağı, tuz ve karabiber ekleyin. Patatesleri püre ezicisi ile iyice ezin. Ezilen patateslerin üzerine rendelenmiş kırmızı pancarı koyun. Patatesler tamamen pancarın rengini alana kadar iyice yoğurun. Havuçları soyup, rendeleyin. Rendelenmiş havucu zeytinyağı ile kavurun. Kavurulan havucu soğumaya bırakın. Soğuyan havucun üzerine yoğurt, mayonez, dereotu, sarımsak ve konserve mısır koyun. Tüm malzemelerin güzelce karışmasını sağlayın. Pancarlı patates karışımından orta büyüklükte parçalar alıp, elinizde yuvarlayın. Ortasını hafifçe parmağınızla genişletip, çukurlaştırarak servis tabağına dizin. Orta kısmı havuçlu karışım ile doldurun."
Şalgamlı Makarna Salatası,salata,makarna şalgam suyu su kırmızı kapya biber konserve mısır kornişon turşu maydanoz dereotu limon suyu zeytinyağı tuz,"Orta boy derin bir tencereye 2 su bardağı acısız şalgam suyu ve 1 su bardağı su koyun. Tencereyi ocak üzerine alıp, kaynamaya bırakın. Kaynadıktan sonra içine yarım paket makarna ekleyip, güzelce karıştırın. Makarnayı orta kısık ateş üzerinde ara ara karıştırarak, yumuşayana kadar pişirin. Yarım demet maydanoz ve 2 tutam dereotunu ince ince doğrayın. 5 adet orta boy kornişon turşu ve 2 adet közlenmiş kırmızı kapya biberi küçük küpler şeklinde doğrayın. İsteğe göre taze soğan, taze nane ve marul da ekleyebilirsiniz. Haşladığınız şalgamlı makarnayı süzüp, geniş bir kap içine alın. Ardından soğumaya bırakın. Makarnanın üzerine doğranmış maydanoz, dereotu, közlenmiş kırmızı biber, kornişon turşu ve 5 yemek kaşığı konserve mısır ekleyin. Son olarak salatanın üzerine damak tadınıza göre tuz, limon suyu ve zeytinyağı koyup, güzelce karıştırın. Hazırladığınız şalgamlı makarna salatasının üzerini istediğiniz şekilde süsleyerek, servis edebilirsiniz."
Semizotu Salatası,salata,semizotu domates salatalık konserve mısır ceviz beyaz peynir zeytinyağı limon suyu tuz,"Semizotunun kök kısmını biraz alıp, temizleyin. Bol su içinde iyice yıkayıp, süzmeye bırakın. Semizotlarını bıçak yardımı ile iri iri doğrayın. Diğer tarafta derin bir kap içine doğradığınız semizotlarını koyun. Semizotlarının üzerine 1 adet büyük boy küp küp doğranmış domates ve 2 adet küçük boy küp küp doğranmış salatalığı ekleyin. Daha sonra salatanın üzerine 4-5 yemek kaşığı konserve mısır ve 3 yemek kaşığı orta dövülmüş ceviz koyun. Semizotu salatasının sosu için; küçük bir kase içine 3-4 yemek kaşığı zeytinyağı, yarım limon suyu ve damak tadınıza göre tuz koyup, iyice karıştırın. Limon suyu yerine nar ekşisi de koyabilirsiniz. Sosu semizotu salatasının üzerine döküp, güzelce karıştırın. Hazırladığınız semizotu salatasını servis tabağına alın. Salatanın üzerini 50 gr kadar küp küp doğranmış beyaz peynir ile süsleyip, servis edebilirsiniz."
Tabule Salatası,salata,kısırlık ince bulgur kaynar su maydanoz taze soğan taze nane domates salatalık nar limon zeytinyağı tuz,"Bulgurun üzerine kaynar su döküp, karıştırın. Bulgurun üzerini kapatın. Bulgurlar suyunu çekip, yumuşayana kadar yaklaşık 20 dakika bekletin. Yeşillikleri iyice yıkayıp, kurulayın. Ardından yeşillikleri olabildiğince ince ince doğrayın. Domates ve salatalığı güzelce yıkayıp, kurulayın. Domates ve salatalığı minik küpler şeklinde doğrayın. Suyunu çekip, yumuşayan bulguru bir kaşık yardımı ile iyice karıştırın. Doğradığınız yeşillikleri, domates ve salatalığı bir kap içine koyun. Kaba bulguru ekleyin. Malzemelerin üzerine ayıklanmış narı, damak tadınıza göre tuz, zeytinyağı ve 1 adet limonun suyunu koyun. Tüm malzemeleri kaşık yardımı ile iyice karıştırın."
Tavuklu Taze Fasulye Salatası,salata,tavuk göğsü fileto taze fasulye konserve mısır kornişon turşu közlenmiş kırmızı biber yoğurt mayonez sarımsak tuz,Tavuk göğsü filetoyu haşlayın. Taze fasulyeyi haşlayın. Tavuk etini küçük parçalara ayırın. Salata malzemelerini karıştırın. Yoğurtlu karışımı salata malzemelerinin üzerine dökün.
Yoğurtlu Kabak Salatası,salata,kabak yoğurt dereotu ceviz içi sarımsak tuz,"Kabakları soyup, yıkayın. Rendeleyin. Geniş bir kaba zeytinyağı koyun. Üzerine rendelenmiş kabakları koyun. Suyunu salıp çekene kadar kavurun. Kavurduğunuz kabakları bir kenara alın. Soğumaya bırakın. Kavurduğunuz kabakları derin bir karıştırma kabının içine koyun. Üzerine ceviz içi, yoğurt, dereotu, sarımsak ve tuz ekleyin. Kaşık yardımı ile güzelce karıştırın. Hazırladığınız yoğurtlu kabak salatasını servis tabağına koyup, servis edebilirsiniz."
Yoğurtlu Kırmızı Biber Salatası,salata,kırmızı kapya biber süzme yoğurt yoğurt zeytinyağı sarımsak tuz ceviz içi zeytinyağı kırmızı toz biber,"Biberleri temizleyip, yıkayın ve doğrayın. Tavada zeytinyağını ısıtıp, biberleri koyun ve tuz ekleyin. Biberleri ara ara karıştırarak, yumuşayana kadar kızartın. Yoğurtlu karışımı hazırlayın. Cevizli sosu hazırlayın. Yoğurtlu karışımın üzerine biberleri ve cevizli sosu gezdirin."
Yoğurtlu Sebzeli Erişte Salatası,salata,erişte sıvı yağ sıcak su kabak havuç kırmızı kapya biber haşlanmış konserve mısır kornişon turşu dereotu mayonez yoğurt tuz zeytinyağı kırık ceviz kırmızı toz biber,"Orta boy bir tencere içine 4-5 yemek kaşığı sıvı yağ dökün. Üzerine 2 su bardağı erişte koyun. Erişteyi orta ateş üzerinde rengi kahve rengi olana kadar sürekli karıştırarak, kavurun. Kavrulan eriştenin üzerine 2 su bardağı sıcak su dökün. Biraz tuz ekleyin. Kapağını kapatıp, kısık ateş üzerinde erişteler suyunu çekip, yumuşayana kadar pişirin. 2-3 kere karıştırıp, kenarda soğumaya bırakın. 2 adet orta boy kabak, 2 adet orta boy havuç ve 2 adet orta boy kırmızı kapya biberi çok kalın olmayacak şekilde jülyen şeklinde doğrayın. Geniş bir tava içine doğranmış havuçları koyun. Üzerine 3 yemek kaşığı zeytinyağı dökün. 3-4 dakika sürekli karıştırarak, kavurun. Ardından tavaya doğranmış kabakları ekleyin. 3-4 dakika daha kavurmaya devam edin. Daha sonra tavaya doğranmış kırmızı kapya biberleri koyun. Tüm sebzeleri güzelce yumuşayana kadar ara ara karıştırarak, pişirin. Pişen sebzeleri ocak üzerinden alıp, soğumaya bırakın. Daha sonra derin bir kaba pişen erişteyi koyun. Üzerine pişen sebzeleri ekleyin. Ardından 2 tutam ince ince doğranmış dereotu, 4-5 yemek kaşığı haşlanmış konserve mısır ve 5 adet orta boy küçük jülyen şeklinde doğranmış kornişon turşu koyun. Kaptaki malzemeleri güzelce karıştırın. Son olarak bir kaba 2 su bardağı yoğurt, 2 yemek kaşığı mayonez ve damak tadınıza göre tuz koyup, iyice karıştırın. Yoğurtlu karışımı salata malzemelerinin üzerine dökün. Tüm malzemelerin güzelce karışmasını sağlayın. Sebzeli erişte salatasının üzeri için; küçük bir sos tavası içine 4 yemek kaşığı zeytinyağı dökün. Üzerine 2 yemek kaşığı kırık ceviz ve biraz kırmızı toz biber ekleyin. Biraz kızdırın. Hazırladığınız sebzeli yoğurtlu erişte salatasını servis tabağına koyun. Üzerini yağda kızdırdığınız cevizli sosdan gezdirip, servis edebilirsiniz."
Antep Usulü Mercimek Köftesi,ana yemek,kırmızı mercimek ince bulgur maydanoz taze soğan sarımsak limon suyu tuz kuru soğan zeytinyağı biber salçası karabiber kimyon kırmızı pulbiber,"Mercimekleri yıkayıp, derin bir tencere içine koyun. Üzerine 3 parmak geçecek kadar su döküp, biraz tuz ekleyin. Mercimekler iyice yumuşayıp, hafifçe sulu kalıncaya kadar pişirin. Mercimekler iyi piştikten sonra üzerine 3 su bardağı ince bulgur koyup, karıştırın. Kıvamı koyu bir lapa kıvamında olacak. Ocağın altını kapatın. Tencerenin de kapağını kapatıp, bu şekilde 10-15 dakika kadar dinlenmeye bırakın. Diğer taraftan antep usulü mercimek köftesinin sosu için; 2 adet orta boy soğanı ince ince doğrayın. Geniş bir tava içine doğranmış soğanları koyun. Üzerine büyük 1 çay bardağı zeytinyağı koyup, 5 dakika kavurun. Zeytinyağı oranını biraz daha arttırabilirsiniz. Daha sonra soğanların üzerine 2 yemek kaşığı dolusu biber salçası ekleyin. Yarım çay bardağına yakın suda koyup, 2-3 dakika kadar daha kavurun. Dinlenen bulgurlu mercimek karışımını geniş bir kap içine alın. Üzerine hazırladığınız salçalı sosu, 1 çay kaşığı karabiber, 1 çay kaşığı kimyon, 1 buçuk tatlı kaşığı kırmızı pul biber ve 2-3 diş rendelenmiş sarımsak koyun. Köfteyi iyice yoğurun. Eğer köfteniz tutmuyorsa yani elinizde tam şekil almıyorsa, kontrollü olarak azar azar ılık su ekleyebilirsiniz. Damak tadınıza göre baharatları arttırabilirsiniz. Köfteniz şekil aldıktan sonra üzerine 1 demet ince ince doğranmış maydanoz, 5 sap ince ince doğranmış taze soğan ve 1 limon suyu ekleyin. Köfte harcını elinizle tekrar iyice yoğurun. Tuz oranını damak tadınıza göre ayarlayabilirsiniz. Daha sonra antep usulü mercimek köftesinden ceviz büyüklüğünde parçalar alın. Elinizde sıkıp, şekil verin. Servis tabağına dizin. Limon ve yeşillikler ile servis edebilirsiniz."
Brokolili Karnabahar Salatası,salata,brokoli karnabahar havuç konserve mısır haşlanmış bezelye kornişon turşu maydanoz limon suyu zeytinyağı tuz,"Brokoli ve karnabaharı küçük küçük dallarına ayırıp, iyice yıkayın. Brokoli ve karnabaharları haşlayın. Havucun kabuklarını soyup, küçük bir tencere içinde haşlayın. Haşladığınız brokoli, karnabahar ve havucun suyunu süzüp, soğumaya bırakın. Brokoli ve karnabaharları derin bir kap içine koyun. Üzerine haşlanmış havucu halkalar halinde keserek, ekleyin. Kaba kornişon turşu, konserve mısır, haşlanmış bezelye koyun. Maydanozu ince ince doğrayıp, kaba koyun. Zeytinyağı, limon suyu ve tuz ile sos hazırlayıp, salatanın üzerine dökün."
Cevizli Zeytin Salatası,salata,dilimlenmiş yeşil zeytin ceviz içi orta boy domates taze soğan maydanoz kırmızı kapya biber nar ekşisi zeytinyağı limon suyu kırmızı pul biber sumak kekik tuz,"1 adet orta boy domates ve 1 adet orta boy kırmızı kapya biberi minik küpler halinde doğrayın. 2-3 tutam maydanoz ve 2 sap taze soğanı ince ince doğrayın. 1 su bardağı ceviz içini bıçak yardımı ile küçük küçük doğrayın. Orta boy geniş bir kap içine 2 su bardağı dilimlenmiş yeşil zeytin koyun. Dilimlenmiş yeşil zeytin yerine çekirdeği çıkarılmış yeşil kırma zeytin de kullanabilirsiniz. Aynı zamanda siyah zeytinde ekleyebilirsiniz. Daha sonra zeytinlerin üzerine doğranmış maydanoz, domates, taze soğan, kapya biber ve cevizi ekleyin. Sosu için, küçük bir kase içine 3 yemek kaşığı zeytinyağı, 2 yemek kaşığı nar ekşisi, yarım limon suyu, 1 çay kaşığı kekik, 1 çay kaşığı kırmızı pul biber, 1 çay kaşığı sumak ve damak tadınıza göre tuz koyup, karıştırın. Sosu cevizli yeşil zeytin salatasının üzerine döküp, güzelce karıştırın. Sos malzemelerini damak tadınıza göre azaltıp, çoğaltabilirsiniz. Hazırladığınız cevizli yeşil zeytin salatasını servis tabağına koyup, servis edebilirsiniz."
Erişteli Nohutlu Salata,salata,erişte nohut sarımsak yoğurt tuz tere yağı kırmızı toz biber kırık ceviz,"Kaynayan suyun içine biraz tuz ve 2 su bardağı erişte koyun. Erişteleri ara ara karıştırıp, yumuşayana kadar haşlayın. Haşladığınız eriştenin suyunu süzün. Soğuması için geniş bir kap içine koyun. Soğuyan eriştelerin üzerine 1 buçuk su bardağı haşlanmış nohut ekleyin. Yoğurdun üzerine 2 diş rendelenmiş sarımsak ve biraz tuz ekleyin. Yoğurtlu karışımı tel çırpıcı yardımı ile iyice çırpın. Çırptığınız yoğurtlu karışımı erişte ve nohudun üzerine koyun. Tüm salata malzemelerinin iyice karışmasını sağlayın. Küçük bir tava içine 1 buçuk yemek kaşığı tereyağı koyup, ocak üzerinde eritin. Eriyen yağın üzerine 1 çay kaşığı dolusu kırmızı toz biber ve 3 yemek kaşığı kırık ceviz ekleyin. Sosu yakmadan biraz kavrulmasını sağlayın. Hazırladığınız yoğurtlu erişteli nohutlu salatayı servis tabağına koyup, yayın. Üzerine kavurduğunuz cevizli yağ karışımını döküp, servis edebilirsiniz."
Havuçlu Nuraniye Salatası,salata,kabak havuç pirinç taze soğan dereotu maydanoz sarımsak zeytinyağı yoğurt mayonez tuz,Pirinçleri haşlayın. Kabak ve havuçları rendeleyin. Taze soğanları kavurun. Sebzeleri pişirin. Soğumuş sebzeleri karıştırın. Salatayı buzdolabında dinlendirin.
Kabak Mezesi,salata,kabak yoğurt mayonez dereotu sarımsak zeytinyağı tuz ceviz kırmızı toz biber,"Kabakları yıkayıp, güzelce kurulayın. Kabakları rendenin iri tarafı ile rendeleyin. Tavaya 3 yemek kaşığı zeytinyağı dökün. Yağın üzerine 2 diş küçük küçük doğranmış sarımsağı koyup, kokusu çıkana kadar kavurun. Tavaya rendelediğiniz kabakları ekleyin. Kabaklar yumuşayıp, suyunu çekene kadar sürekli karıştırarak, pişirin. Kabaklar piştikten sonra kenara alıp, soğumaya bırakın. Yoğurt, mayonez ve damak tadınıza göre tuz ekleyin. Yoğurt sosunu çırpıcı yardımı ile iyice karıştırın. Soğuyan kabakları yoğurtlu karışımın üzerine ekleyin. 1-2 tutam ince ince doğranmış dereotu da koyun. Tüm malzemelerin iyice karışmasını sağlayın. Küçük bir sos tavası içine 3 yemek kaşığı zeytinyağı koyun. Üzerine 2 yemek kaşığı kırık ceviz ve 1 çay kaşığı kırmızı toz biber ekleyip, ocak üzerinde kısa bir süre kavurun. Hazırladığınız kabak mezesini servis tabağına koyup, güzelce yayın. Üzerine cevizli sosu döküp, servis edebilirsiniz."
Karışık Lahana Salatası,salata,beyaz lahana kırmızı lahana havuç kornişon turşu konserve mısır dereotu süzme yoğurt mayonez sarımsak tuz,"Beyaz lahanayı ince ince doğrayın. Kırmızı lahanayı ince ince doğrayın. Beyaz lahananın üzerine tuz serpiştirin ve eliniz ile güzelce ovarak, hafifçe yumuşamasını sağlayın. Kırmızı lahananın üzerine tuz serpiştirin ve eliniz ile güzelce ovarak, hafifçe yumuşamasını sağlayın. Salata malzemelerini güzelce harmanlayın. Yoğurtlu karışımı pürüzsüz bir kıvam alana kadar çırpın. Yoğurtlu sosu salatanın üzerine dökün ve tüm salata malzemelerinin iyice karışmasını sağlayın."
Kerevizli Ege Ezmesi,atıştırmalık,kereviz süzmeli peynir yoğurt ceviz limon kabuğu limon suyu sarıkmsak dereotu tuz,"Geniş bir kap içine 150 gr süzme peynir koyun. Süzme peyniri çatal yardımı ile iyice ezin. Ezdiğiniz peynirin üzerine 2 su bardağı yoğurt, yarım limon kabuğu rendesi, yarım limon suyu ve 2 diş dövülmüş sarımsak ekleyin. Ardından 1 çay bardağı dövülmüş ceviz, 1-2 tutam ince ince doğranmış dereotu ve damak tadınıza göre tuz koyun. Kaptaki tüm malzemeleri kaşık yardımı ile güzelce karıştırın. Diğer tarafta 1 adet orta boy kerevizin kabuğunu soyun. Kerevizi çok bekletmeden rendenin ince tarafı ile rendeleyin. Rendelediğiniz kerevizi yoğurtlu peynir ezmeli karışımın üzerine ekleyin. Tüm malzemeleri tekrardan iyice karıştırın. Hazırladığınız yoğurtlu peynirli kereviz mezesini servis tabağına koyup, güzelce yayın. Üzerini ceviz ve zeytinyağı ile süsleyerek, servis edebilirsiniz."
Kırmızı Pancar Salatası,salata,kırmızı pancar soğan sarımsak zeytinyağı ceviz yoğurt tuz,"Kırmızı pancarın kabuğunu soyup, yıkayın. Kırmızı pancarı bir kap içine rendenin iri tarafı ile rendeleyin. Soğanı olabildiğince ince ince doğrayın. Geniş bir tava içine doğradığınız soğanı koyup, üzerine 3-4 yemek kaşığı zeytinyağı dökün. Soğanı 3 dakika ara ara karıştırarak, kavurun. Kavurduğunuz soğanın üzerine rendelenmiş kırmızı pancarı koyup, 5-6 dakika sürekli karıştırarak, kavurun. Kavurduğunuz pancarların üzerine 1 diş rendelenmiş sarımsak ve damak tadınıza göre tuz ekleyip, 3-4 kere karıştırın. Ardından ocaktan alıp, ılımaya bırakın. Kavurup, ılımaya bıraktığınız pancarın üzerine 1 su bardağı çırpılmış yoğurt ve 1 küçük çay bardağı cevizi eliniz ile küçük küçük parçalayıp, ekleyin. Tüm salata malzemelerini kaşık yardımı ile güzelce karıştırın."
Lahana Salatası,salata,Lahana Havuç Ceviz Mayonez Yoğurt Elma Sirkesi Limon Suyu Toz Şeker Tuz,"Lahana salatası yapımı için; yarım adet küçük boy beyaz lahanayı güzelce yıkayıp, kurulayın. Bıçak yardımı ile ince ince doğrayın. Doğradığınız lahanaları geniş bir kap içine koyun. Üzerine biraz tuz serpiştirip, biraz yumuşamaları için eliniz ile hafifçe ovuşturun. Ardından lahanaların üzerine 2-3 adet orta boy havucu rendeleyin. Diğer tarafta sosu için; bir kaba 1 buçuk su bardağı yoğurdun katı kısmından koyun. Üzerine 4 yemek kaşığı mayonez, 1 buçuk yemek kaşığı elma sirkesi, 3 yemek kaşığı limon suyu, 1 yemek kaşığı toz şeker ve damak tadınıza göre tuz ekleyin. Sosu tel çırpıcı yardımı ile iyice karıştırın. Hazırladığınız sosu lahanaların üzerine güzelce dökün. Son olarak 4-5 yemek kaşığı dövülmüş ceviz koyun. Tüm salata malzemelerini kaşık yardımı ile iyice karıştırın. Hazırladığınız yoğurtlu beyaz lahana salatasını servis tabağına koyun. Üzerini istediğiniz şekilde süsleyip, servis edebilirsiniz."
Mercimekli Çoban Salatası,salata,yeşil mercimek domates salatalık sivri biber kuru soğan maydanoz limon suyu nar ekşisi sumak nane zeytinyağı tuz,"Mercimekleri haşlayın. Domates, salatalık, sivri biber ve soğanı doğrayın. Soğanların üzerine tuz serpiştirip ovalayın. Tüm malzemeleri karıştırın."
Mor Lahanalı Havuç Tarator,salata,havuç mor lahana zeytinyağı yoğurt mayonez sarımsak dereotu tuz ceviz,"Yarım orta boy mor lahanayı rendeleyip, bir tava içine koyun. Üzerine 2 yemek kaşığı zeytinyağı dökün. Sürekli karıştırarak, 5-6 dakika kavurun. 4 adet orta boy havucun kabuğunu soyup, rendenin iri tarafı ile rendeleyin. Rendelenmiş havucu da bir tava içine koyun. Üzerine 2 yemek kaşığı zeytinyağı döküp, sürekli karıştırarak, 5-6 dakika kavurun. Kavurduğunuz mor lahana ve havucu iki ayrı kap içine alıp, soğumaya bırakın. Bir kase içine 1 buçuk su bardağı kadar yoğurt koyun. Üzerine 3 yemek kaşığı mayonez, 2 diş rendelenmiş sarımsak ve damak tadınıza göre tuz koyup, tel çırpıcı yardımı ile karıştırın. Ardından yoğurt sosunun yarısını havucun üzerine koyun. Kalan sosu da mor lahananın üzerine ekleyin. Malzemelerin güzelce karışmasını sağlayın. Gerekirse damak tadınıza göre yoğurt ve mayonez ekleyebilirsiniz. Hazırladığınız havuç taratordan 1 er yemek kaşığı alıp, servis tabağına koyun. Havuç taratorun üzerine de 1 er yemek kaşığı mor lahana taratordan koyun. Mor lahana ve havuç taratorun üzerini dereotu ve ceviz ile süsleyerek, servis edebilirsiniz."
Mor Lahana Tarator,ana yemek,mor lahana zeytinyağı sarımsak yoğurt mayonez tuz,"Mor lahana tarator yapımı için; 1 adet orta boy mor lahanayı ortadan ikiye bölün. Sadece yarım mor lahanayı bir kaba rendeleyin. Rendelediğiniz lahanayı orta boy bir tava içine koyun. Üzerine 3 yemek kaşığı zeytinyağı dökün. Mor lahanayı orta ateş üzerinde hafifçe yumuşayana kadar yaklaşık 6-7 dakika soteleyin. Ardından ocaktan alıp, soğumaya bırakın. Daha sonra derin bir kap içine sotelediğiniz mor lahanayı koyun. Üzerine 1 buçuk su bardağı yoğurt, 3 yemek kaşığı mayonez, 1 diş rendelenmiş sarımsak ve damak tadınıza göre tuz koyun. Mor lahanalı harcı iyice karıştırın. Hazırladığınız mor lahana taratoru servis tabağına koyun. Üzerini istediğiniz şekilde süsleyerek, servis edebilirsiniz."
Orijinal Haydari,atıştırmalık,süzme yoğurt beyaz peynir tereyağı kuru nane sarımsak dereotu tuz zeytinyağı,"1 yemek kaşığı tereyağını küçük bir tava içinde eritin. Eriyen yağın içine 1 tatlı kaşığı kuru nane koyun ve naneyi yağ içinde hafifçe kızdırın. Ocağı kapatın ve kenarda ılımaya bırakın. 80 gr beyaz peyniri çatal yardımı ile iyice ezin. Bir kase içine 6 yemek kaşığı süzme yoğurt ve çatal ile ezdiğiniz peyniri koyun. Ardından 1 tutam ince ince doğranmış dereotu, 1 diş ezilmiş sarımsak, damak tadınıza göre tuz ve soğuyan tereyağlı nane karışımını ekleyin. Tüm malzemelerin iyice karışmasını sağlayın. Hazırladığınız haydari mezesini buzdolabında 1-2 saat kadar dinlenmeye bırakın. Daha sonra küçük bir yayvan tabak içine koyup, güzelce yayın. Üzerine biraz zeytinyağı döküp, dereotu ile süsleyerek servis edebilirsiniz."
Pancarlı Beyaz Lahana Salatası,salata,kırmızı pancar beyaz lahana havuç konserve mısır maydanoz ceviz içi zeytinyağı sirke limon suyu tuz,"Pancarı kabuğu ile birlikte iyice yıkayın. Pancarı küçük derin bir tencere içine koyun. Üzerini geçecek kadar su dökün. Ocak üzerine alıp, kaynamaya bırakın. Kaynadıktan sonra kısık ateş üzerinde pancarı yumuşayana kadar pişirin. Beyaz lahanayı güzelce yıkayıp, kurulayın. Lahanaları ince ince doğrayın. Doğradığınız lahanaları derin bir kase içine koyun. Lahanaların üzerine biraz tuz serpiştirip, eliniz ile hafifçe yoğurarak yumuşamasını sağlayın. Haşladığınız pancarın kabuğunu soyup, rendenin iri tarafı ile rendeleyin. Rendelediğiniz pancarı ve rendelediğiniz havucu lahanaların üzerine ekleyin. 2 tutam ince ince doğranmış maydanoz, 4-5 yemek kaşığı dövülmüş ceviz içi ve 1 su bardağı kadar konserve mısır koyun. Salata malzemelerinin üzerine damak tadınıza göre tuz, zeytinyağı, sirke ve limon suyu ekleyip, bir kaşık yardımı ile güzelce karıştırın."
Patates Borani,atıştırmalık,patates kuru soğan zeytinyağı karabiber kırmızı toz biber tuz yoğurt sarımsak tereyağı dolusudomates salçası,"Patatesleri kabukları soyup, yıkayın. Patatesleri orta boy derin bir tencere içine koyun. Üzerini geçecek kadar su ve biraz tuz ekleyip, yumuşayana kadar haşlayın. Haşlanan patateslerin suyu süzüp, soğumaya bırakın. Patatesleri rendeleyin. Soğanı ince ince doğrayın. Soğanları orta boy bir tencere içine koyun. Soğanların üzerine zeytinyağı ekleyip, iyice yumuşayana kadar kavurun. Yumuşayan soğanların üzerine rendelenmiş patatesleri koyup, 3-4 kere iyice karıştırın. Patatesli harcın üzerine damak tadınıza göre tuz, karabiber ve kırmızı toz biber koyup, tekrar iyice karıştırın. Hazırladığınız patatesli harcı ocak üzerinden alıp, soğumaya bırakın. Patatesli harçtan, küçük parçalar alıp, avuç içerisinde yuvarlayarak servis tabağına koyun. Yoğurt sosu için; bir kaba 1 buçuk su bardağı yoğurt, 1 diş rendelenmiş sarımsak ve az miktar tuz koyup, iyice çırpın. Son olarak küçük bir sos tavası içine yarım yemek kaşığı tereyağı ve 1 yemek kaşığı zeytinyağı koyup, ısıtın. Yağın üzerine 1 tatlı kaşığı dolusu domates salçası ekleyin. Salçanın kokusu çıkana kadar kavurun. Servise yakın yuvarladığınız patates toplarının üzerine yoğurt sosunu güzelce dökün. Yoğurtlu patates toplarının üzerine kavrulmuş salçalı sosu gezdirin. Hazırladığınız patates boraninin üzerine 1 tutam ince ince doğranmış maydanoz serpiştirip, bekletmeden hemen servis edebilirsiniz."
Pırasa Borani,ana yemek,pırasa soğan sarımsak zeytinyağı karabiber tuz yoğurt kırmızı toz biber,"Pırasaları ayıklayıp, yıkayın ve ince ince doğrayın. Tencereye zeytinyağı, soğan ve sarımsak ekleyin ve soğanlar yumuşayana kadar kavurun. Pırasaları ekleyin ve 1-2 dakika kavurun. Kapağı kapatıp, pırasalar yumuşayana kadar pişirin. Yoğurt, sarımsak ve tuz ile sos hazırlayın. Pırasa boraninin üzerini sos ile süsleyip, servis edin."
Piyaz,salata,kuru fasulye kuru soğan taze soğan domates maydanoz limon zeytinyağı tuz karabiber kırmızı pul biber sumak,"1 adet kuru soğanı ince, uzun ay (piyazlık) şeklinde doğrayın. 2 dal taze soğanı ve 4 tutam maydanozu ince ince doğrayın. 1 adet domatesi de küçük küpler şeklinde doğrayın. Daha sonra derin bir kaba doğranmış soğanları ve maydanozları koyun. Güzelce karıştırın. Üzerine küp küp kestiğiniz domatesleri koyun. Ardından az önce haşladığınız 1 buçuk su bardağı kuru fasulyeyi ekleyin. Son olarak tuz, limon suyu, zeytinyağı ve baharatları da koyup, iyice karıştırın."
Salatalık Mezesi,atıştırmalık,salatalık tuz kırmızı pul biber kırmızı toz biber karabiber nar ekşisi zeytinyağı limon suyu sarımsak,"Salatalıkları yıkayıp, kurulayın. Salatalıkları ince ince doğrayın. Salatalıklara tuz serpiştirin. Salatalıkları süzgeçte 2 saat bekletin. Sos için malzemeleri karıştırın. Salatalıklara sosu dökün. Karıştırın."
Sebzeli Tavuk Salatası,salata,tavuk göğsü haşlanmış bezelye havuç konserve mısır kırmızı biber kornişon turşu sarımsak dereotu yoğurt mayonez tuz,"Tavuk göğsünü bir tencere içine koyun ve üzerini geçecek kadar su dökün. Yumuşayana kadar pişirin. Rendelenmiş havuçları bir tava içine koyun ve yumuşayana kadar pişirin. Tavuk etini küçük küçük parçalara ayırın ve derin bir kap içine koyun. Üzerine pişen havucu ve haşlanmış bezelyeyi ekleyin. Daha sonra 3 adet küçük küçük doğranmış közlenmiş kırmızı biber, 4 adet büyük boy küçük küçük doğranmış kornişon turşu, yarım demet ince ince doğranmış dereotu ve 6 yemek kaşığı konserve mısır koyun. Kaptaki tüm malzemeleri güzelce karıştırın. Bir kase içine 1 su bardağı dolusu yoğurt, 3 yemek kaşığı mayonez, 2 diş rendelenmiş sarımsak ve damak tadınıza göre tuz ekleyip, çırpıcı yardımı ile güzelce çırpın. Son olarak yoğurtlu sosu sebzeli tavuklu salatanın üzerine dökün ve tüm malzemeleri tekrardan güzelce karıştırın."
Semizotu Yoğurtlaması,salata,semizotu yoğurt sarımsak tuz kırmızı pul biber zeytinyağı,"Semizotunu temizleyip, bol su içinde yıkayın. Semizotu yapraklarını saplarından kopartın. Saplarını bıçak yardımı ile küçük küçük doğrayın. Semizotu yapraklarını ve saplarını bir kap içine koyun. Yoğurdun katı kısmını kullanın. İsteğe göre süzme yoğurtda kullanabilirsiniz. Üzerine 1 diş ezilmiş sarımsak ve damak tadınıza göre tuz ekleyip, çırpıcı yardımı ile iyice karıştırın. Yoğurtlu karışımı semizotunun üzerine dökün. Tüm salata malzemelerini ezmeden iyice karıştırın. Hazırladığınız yoğurtlu semizotu salatasını servis tabağına koyup, güzelce yayın. Üzerine biraz zeytinyağı döküp, kırmızı pul biber serpiştirip servis edebilirsiniz."
Tavuk Göğsü Salatası,salata,tavuk göğsü fileto havuç közlenmiş kırmızı biber konserve mısır haşlanmış bezelye kornişon turşu dereotu sarımsak yoğurt mayonez tuz karabiber zeytinyağı,"Tavuk göğsü salatası yapımında, orta boy küçük bir tencereye 1 parça büyük boy tavuk göğsü filetoyu koyun. Üzerini geçecek kadar su döküp, biraz tuz ekleyin. Tavuk etini iyice yumuşayana kadar haşlayın. Daha sonra 2 adet orta boy havucun kabuğunu soyup, rendenin iri tarafı ile rendeleyin. Ardından rendelediğiniz havucu bir tava içine koyun. Havuçların üzerine 3-4 yemek kaşığı zeytinyağı gezdirin. Havuçları sürekli karıştırarak, yumuşayana kadar kavurun. Diğer tarafta haşladığınız tavuk etinin suyunu süzüp, soğuması için kenara alın. Soğuduktan sonra tavuk etini küçük küçük parçalara ayırıp, geniş bir kaba koyun. Tavuk etlerinin üzerine kavrulmuş havucu ve yarım su bardağı haşlanmış bezelye ekleyin. Daha sonra 2 adet minik küpler halinde doğranmış közlenmiş kırmızı kapya biber, 3 yemek kaşığı konserve mısır, 5 adet minik küpler halinde doğranmış kornişon turşu ve 2 tutam ince ince doğranmış dereotu koyun. Tüm salata malzemelerini kaşık yardımı ile iyice karıştırın. Daha sonra bir kase içine 1 su yoğurt, 2 yemek kaşığı mayonez, 2 diş rendelenmiş sarımsak, damak tadınıza göre tuz ve karabiber koyup, iyice karıştırın. Hazırladığınız yoğurtlu sosu salatanın üzerine dökün. Kaptaki tüm malzemelerin güzelce karışmasını sağlayın. Hazırladığınız yoğurtlu tavuk göğsü salatasını servis tabağına alıp, istediğiniz şekilde süsleyerek servis edebilirsiniz."
Tavuklu Erişte Salatası,salata,erişte tavuk göğsü fileto yeşil mercimek sıvı yağ sarıkmsak yoğurt mayonez ceviz tuz tere yağı kırmızı toz biber,"Tavuk göğsü filetosunu yumuşayana kadar pişirin. Pişen tavuk etini küçük küçük parçalara ayırın. Yarım su bardağı yeşil mercimeği haşlayıp, suyunu süzün. Erişteleri kavurun. Eriştelerin üzerini hafifçe geçecek kadar su koyun. Su çekene kadar pişirin. Soğuyan erişteyi derin bir kap içine koyun. Üzerine haşlanmış yeşil mercimeği, küçük küçük parçalara ayırdığınız tavuk etlerini, dövülmüş ceviz, yoğurt ve mayonez ekleyin. Tüm salata malzemelerini iyice karıştırın. Üzeri için tereyağını eritin. Tavuk etlerini ekleyip, 1 dakika kadar kavurun. Kırmızı toz biber koyup, kısa bir süre daha kavurun. Hazırladığınız salatasını servis tabağı içine koyup, yayın."
Tavuklu Kereviz Salatası,salata,tavuk göğsü kereviz kırık ceviz yoğurt mayonez sarımsak maydanoz tuz,"Tavuk göğsünü küçük bir tencere içine koyun. Üzerini geçecek kadar su döküp, yumuşayana kadar haşlayın. Haşladığınız tavuk göğsünü soğumaya bırakın. Tavuk göğsünü eliniz ile minik minik parçalara ayırın. Kerevizin kabuğunu soyup, rendeleyin. Yoğurt, mayonez, tuz ve sarımsak ekleyip, karıştırın. Rendelediğiniz kerevizleri yoğurtlu karışımın içine koyun. Tavuk etlerini, ceviz kırığı ve maydanoz koyun. Tüm salata malzemelerini iyice karıştırın."
Tavuklu Semizotu Salatası,salata,semizotu tavuk göğsü fileto konserve mısır badem salatalık kırmızı biber kırık ceviz yoğurt mayonez sarımsak,"Tavuk göğsü filetosunu haşlayın. Tavuk etinin suyunu süzün ve soğumasını bekleyin. Tavuk etlerini küçük parçalara ayırın. Semizotunu temizleyip, bol su içinde yıkayın. Semizotlarını küçük parçalara ayırın. Semizotunun üzerine tavuk etlerini ekleyin. Badem salatalık, kırmızı biber, ceviz ve konserve mısırları ekleyin. Yoğurt, mayonez, sarımsak ve tuz karışımını hazırlayın. Yoğurtlu karışımı salata malzemelerinin üzerine dökün. Tüm salata malzemelerini karıştırın."
Üç Renkli Brokoli Salatası,salata,brokoli arpa şehriye havuç konserve mısır yoğurt mayonez maydanoz tuz,"2 adet orta boy brokoliyi çiçeklerine ayırın. Derin bir tencere içine koyup, haşlayın. 3 adet havucu rendeleyip, geniş bir tava içine koyun. Havuçların üzerine az miktar sıvıyağ ekleyip, yumuşayana kadar kavurun. yarım su bardağı şehriyeyi koyup, haşlayın. 2 su bardağı yoğurdu bir kaba koyup, iyice karıştırın. Üzerine 2 yemek kaşığı mayonez ve damak tadınıza göre tuz ekleyip, tekrar iyice karıştırın. Hazırladığınız yoğurtlu karışımı brokoli, havuç ve şehriyeli karışım arasında paylaştırılacaktır. Soğuyan havuçları bir kaba koyun. Üzerine yoğurtlu karışımdan ekleyin. Kaşık yardımı ile güzelce karıştırın. Haşlayıp ve soğuttuğunuz şehriyeyi de bir kaba alın. Üzerine 3 yemek kaşığı mısır ve 2 tutam ince ince doğranmış maydanoz ekleyin. Ardından üzerine yoğurtlu karışımdan koyun. Kaşık yardımı ile güzelce karıştırın. Son olarak haşlanmış brokolileri de bir kaba alıp, çatal yardımı ile iyice ezin. Ezdiğiniz brokolinin üzerine de kalan yoğurdu koyun. Kaşık yardımı ile güzelce karıştırın. Daha sonra orta boy silikon baton kek kalıbının içine ilk olarak brokolili karışımı koyup, güzelce yayın. Ardından üzerine havuçlu karışımı döküp, dikkatli bir şekilde yayın. Son olarak en üste şehriyeli karışımı ekleyip, kaşık yardımı ile eşit bir şekilde düzleştirin. Hazırladığınız üç renkli brokoli salatasının üzerini streç film ile sarıp, buzdolabında 3-4 saat dinlendirin. Dinlenen üç renkli brokoli salatasını servis tabağına ters çevirip, yavaşça çıkarın. Daha sonra dilimleyerek, servis edebilirsiniz."
Yeşil Domates Turşusu,turşu,Yeşil Domates Sarımsak Kereviz Yaprağı Iri Kaya Tuzu Toz Şeker Elma Sirkesi İçme Suyu,"Yeşil domatesleri güzelce yıkayın. Büyük boy domatesleri 2 ya da 4 parçaya bölün. Küçük boy domatesleri bütün olarak bırakın. 2 diş sarımsağı küçük parçalara bölün. 1 litrelik cam şişenin içine 500 gr yeşil domatesleri yerleştirin. Domatesleri yerleştirirken aralarına sarımsaklardan serpiştirin. Domateslerin üzerine 1 yemek kaşığı iri kaya tuzu ve 1 tatlı kaşığı toz şeker ekleyin. Ardından 1 çay bardağı elma sirkesi dökün. Son olarak domateslerin üzerini geçecek kadar içme suyu koyun. Bir tutam kereviz yaprağı ekleyip, kavanozun ağzını sıkıca kapatın."
Yeşil Mercimekli Bulgur Köftesi,ana yemek,köftelik ince bulgur yeşil mercimek sıcak su patates kuru soğan domates salçası sıvı yağ maydanoz dereotu tuz kırmızı pulbiber kimyon karabiber,"Bulguru 2 su bardağı kaynar su ile karıştırın. Üzerini örtüp, yumuşaması için 10-15 dakika bekletin. Patatesi minik küpler halinde doğrayıp, üzerini geçecek kadar su koyup, yumuşayana kadar haşlayın. Soğanı ince ince doğrayıp, sıvı yağ ile 2 dakika kavurun. Salçayı soğan ile birlikte 1 dakika kavurun. Bulgurların üzerine haşladığınız yeşil mercimeği ve patatesleri ekleyip, eliniz ile yoğurun. Mercimekli bulgurlu harcın üzerine salçalı soğan karışımı ilave edip, tekrar yoğurun. Yarım demet ince ince doğranmış maydanoz ve 2 tutam ince ince doğranmış dereotu ekleyin. Damak tadınıza göre tuz ekleyip, harcı tekrar yoğurun. Ceviz büyüklüğüne yakın parçalar alıp, avuç içerisinde sıkın."
Yoğurtlu Bakliyat Salatası,salata,haşlanmış kuru fasulye haşlanmış nohut haşlanmış buğday haşlanmış yeşil mercimek konserve mısır közlenmiş kırmızı biber yoğurt sarımsak maydanoz dereotu tuz kırık ceviz zeytinyağı kırmızı toz biber,"Derin bir kaba 1 su bardağı haşlanmış kuru fasulye ve 1 su bardağı haşlanmış nohut koyun. Ardından yarım su bardağı haşlanmış buğday ve yarım su bardağı haşlanmış yeşil mercimek ekleyin. Daha sonra yarım demet maydanoz ve yarım demet dereotunu bıçak yardımı ile ince ince doğrayıp, kabın içine koyun. 2 adet büyük boy közlenmiş kırmızı biberi de minik küpler halinde kesip, ekleyin. 3-4 yemek kaşığı kadar da konserve mısır koyun. Malzemeleri kaşık yardımı ile güzelce karıştırın. Son olarak kaba 1 buçuk su bardağı yoğurt, 1-2 diş rendelenmiş sarımsak ve damak tadınıza göre tuz ekleyin. Tüm salata malzemelerini kaşık yardımı ile güzelce karıştırın. Salatanın üzeri için; küçük bir sos tavası içine 3-4 yemek kaşığı zeytinyağı koyun. Yağın üzerine yarım çay bardağı kırık ceviz ekleyip, kısa bir süre kavurun. Ardından cevizin üzerine biraz kırmızı toz biber koyup, 3-4 kere karıştırın. Hazırladığınız yoğurtlu bakliyat salatasını servis tabağına koyup, yayın. Üzerini cevizli yağ karışımı ile süsleyerek, servis edebilirsiniz."
Yoğurtlu Kabak Borani,ana yemek,yeşil kabak soğan zeytinyağı yoğurt sarımsak tuz kırmızı toz biber,"Kabakları yıkayıp, kurulayın ve küpler halinde doğrayın. Soğanları ince ince doğrayıp, zeytinyağında kavurun. Kabakları ekleyip, 1-2 dakika karıştırarak kavurun. Kapağını kapatıp, kısık ateşte pişirin. Yoğurt sosu için; yoğurt, sarımsak ve tuz ile karıştırın. Kabakların üzerine yoğurt sosunu ekleyin. Kırmızı biberli yağ sosunu hazırlayın. Servis tabağına koyup, üzerine kırmızı biberli yağ sosunu dökün."
Yoğurtlu Makarna Salatası,salata,küçük makarna közlenmiş kırmızı biber garnitür konserve mısır kornişon turşu dereotu sarıkmsak yoğurt mayonez tuz,"Derin bir tencere içine su koyup, kaynamaya bırakın. Kaynayan suyun içine biraz tuz ekleyip, karıştırın. Ardından kaynamış olan suyun içine yarım paket küçük makarna koyup, yumuşayana kadar haşlayın. Ara ara karıştırın ki birbirine yapışmasın. Daha sonra haşlanmış olan makarnanın suyunu süzün. 1-2 kere soğuk sudan geçirip, derin bir kaba koyun. Makarnanın üzerine 2 su bardağı garnitür ve yarım su bardağı konserve mısır koyun. Ardından doğradığınız közlenmiş kırmızı biber, kornişon turşu ve dereotunu ekleyin. Makarnalı harcı iyice karıştırın. Ayrı bir kap içine 2 su bardağı yoğurt koyup, tel çırpıcı yardımı ile iyice çırpın. Makarna salatasının üzerine çırpılmış yoğurdu, 3 yemek kaşığı mayonez, damak tadınıza göre tuz ve 1 diş rendelenmiş sarımsak ekleyin. Salatayı kaşık yardımı ile iyice karıştırın."
Yoğurtlu Mercimek Ezmesi,ana yemek,kırmızı mercimek su kuru soğan patates ince bulgur domates salçası zeytinyağı maydanoz taze soğan kimyon kırmızı pul biber karabiber tuz süzme yoğurt sarımsak kırmızı toz biber,"Patatesleri soyup, yıkayın ve 3-4 parçaya kesip, tencere içine koyun. Patateslerin üzerini geçecek kadar su döküp, ocak üzerine alın. Yumuşayana kadar haşlayın. Kırmızı mercimeği iyice yıkayıp, tencere içine koyun. Üzerlerine 2 su bardağı su döküp, kaynamaya bırakın. Kaynadıktan sonra kısık ateş üzerinde mercimekler iyice yumuşayıp, suyunu çekene kadar pişirin. Mercimekler yumuşayıp, piştiğinde ocağın altını kapatın. Mercimeğin üzerine 1 çay bardağı ince bulgur ekleyin. Bulgurun yumuşayıp şişmesi için mercimekler ile iyice karıştırıp, tencerenin kapağını kapatın. Geniş bir tencere içine 5 yemek kaşığı zeytinyağı dökün. Yağın üzerine 1 adet orta boy ince ince doğranmış kuru soğan ekleyin. Soğanlar güzelce yumuşayana kadar sürekli karıştırarak, kavurun. Kavrulan soğanların üzerine 2 yemek kaşığı domates salçası koyun. Salçaların kokusu çıkana kadar kavurmaya devam edin. Daha sonra tencereye haşladığınız patatesleri iyice ezerek ekleyin. Üzerlerine damak tadınıza göre tuz, 1 çay kaşığı karabiber, 1 çay kaşığı kırmızı pul biber ve 1 tatlı kaşığı kadar kimyon ekleyin. Patatesli, baharatlı soğan karışımını 2-3 dakika sürekli karıştırıp, ocağın altını kapatın. Diğer tarafta ayrı bir tencerede hazırladığınız mercimekli bulgurlu karışımı patatesli baharatlı soğan karışımının üzerine ekleyin. Tüm malzemeler iyice karışana kadar elinizle ya da spatula yardımı ile güzelce karıştırın. Son olarak bu karışımın üzerine 2-3 tutam ince ince doğranmış maydanoz ve 4 sap ince ince doğranmış taze soğan koyun. Tekrardan tüm malzemelerin iyice karışmasını sağlayın. Daha sonra mercimekli karışımın ortasına koyacağınız yoğurt sosunu hazırlayın. Bir kase içine 2 su bardağı süzme yoğurt koyun. Üzerine 2 diş rendelenmiş sarımsak ve damak tadınıza göre tuz ekleyip, iyice karıştırın. Diğer tarafta bir tart kalıbının tabanına streç film serin. Streç filmin üzerine mercimek ezmesini ekleyin. Eliniz ile bastırarak, eşit bir şekilde yayılmasını sağlayın. Ardından kalıbı bir servis tabağı üzerine ters çevirin. Orta kısmındaki boşluğa hazırladığınız sarımsaklı yoğurt sosunu döküp, güzelce yayın. Hazırladığınız yoğurtlu mercimek mezesinin üzeri için küçük bir tava içine 3-4 yemek kaşığı zeytinyağı ve 1 tatlı kaşığı kadar kırmızı toz biber koyup, hafifçe kızdırın. Kızdırdığınız sosu yoğurtlu mercimek ezmesinin üzerine dökün. Kırmızı pul biber ve ince ince doğranmış maydanoz ile süsleyerek, servis edebilirsiniz."
Yoğurtlu Yeşil Mercimek Salatası,salata,yeşil mercimek arpa şehriye konserve mısır sarımsak dereotu mayonez yoğurt tuz zeytinyağı kırmızı toz biber,"Bir tencere içine yarım su bardağı yeşil mercimek koyun. Üzerini geçecek kadar su döküp, dağılmayacak şekilde yumuşayana kadar pişirin. Başka bir tencere içine 1 küçük çay bardağı kadar arpa şehriye koyun. Üzerini geçecek kadar kaynar su döküp, yumuşayana kadar haşlayın. Haşlanan yeşil mercimeğin ve arpa şehriyenin suyunu iyice süzüp, soğuması için orta büyüklükte bir kap içine koyun. Soğuduktan sonra üzerlerine 2 tutam ince ince doğranmış dereotu, 3 yemek kaşığı konserve mısır, 1 diş rendelenmiş sarımsak, 2 yemek kaşığı mayonez, damak tadınıza göre tuz ve 1 buçuk su bardağı kadar yoğurt ekleyin. Tüm salata malzemelerini güzelce karıştırın."
Acılı Cevizli Ezme,çorba,ceviz içi domates salçası biber salçası zeytinyağı sarıkmsak kırmızı toz biber kırmızı pul biber kuru nane karabiber kimyon tuz,"Orta boy bir tava içine 4-5 yemek kaşığı zeytinyağı döküp, ısıtın. Isınan yağın üzerine 2 yemek kaşığı domates salçası ve 1 yemek kaşığı biber salçası koyun. Salçanın hafifçe kokusu çıkana kadar sürekli karıştırarak, kavurun. Salçayı ocaktan almaya yakın üzerine 2 diş rendelenmiş sarımsak ekleyip, 3-4 kere karıştırın. Daha sonra kavurduğunuz salçayı bir kap içine koyun. Yarım su bardağı cevizi bıçak yardımı ile küçük küçük doğrayıp, üzerine ekleyin. İsteğe göre cevizleri rondodan da geçirebilirsiniz. Ardından kaba 1 çay kaşığı kırmızı toz biber, 1 çay kaşığı tepeleme kırmızı pul biber, 1 çay kaşığı kuru nane, yarım çay kaşığı karabiber, yarım çay kaşığı kimyon ve damak tadınıza göre tuz ekleyin. Tuz miktarını salçanızın tuz oranına göre ayarlayabilirsiniz. İsteğe göre baharat miktarlarını damak tadınıza göre arttırabilirsiniz. Son olarak tüm cevizli ezme malzemelerini kaşık yardımı ile iyice karıştırın. İsteğe göre ezmenin içine 2-3 yemek kaşığı zeytinyağı ekleyebilirsiniz. Hazırladığınız cevizli acılı ezmeyi servis tabağına koyun. Üzerini istediğiniz şekilde süsleyip, servis edebilirsiniz."
Alman Salatası,salata,salatalık tuz yoğurt toz şeker elma sirkesi zeytinyağı sarımsak tozu dereotu,"Salatalıkları yıkayıp, kurulayın. Salatalıkları ince ince doğrayın. Salatalıkların üzerine tuz serpiştirin. Salatalıkları bir süzgeç içine alın. Salatalıkların suyunu salması için 30 dakika bekletin. Sosu için yoğurt, toz şeker, elma sirkesi, zeytinyağı, sarımsak tozu ve dereotu karıştırın. Sosu salatalıklarla birlikte karıştırın. Salatayı buzdolabında 1 saat dinlenmeye bırakın."
Bamya Turşusu,turşu,taze bamya sirke kaya tuzu limon tuzu sarimsak kaynar su,"Sarımsaklardan iki tanesini ortadan ikiye bölüp, atın. Taze bamyaları kavanoza yerleştirin. Bamyaların ara ve üst kısımlarına da sarımsaklardan yerleştirin. Bamyaların üzerine 1 çay kaşığı limon tuzu koyun. 1 yemek kaşığı kaya tuzu ekleyin. 1 çay bardağı sirke de koyun. Son olarak bamyaların üzerine çıkana kadar kaynar su dökün. Kavanozun kapağını sıkıca kapatın. Ardından kavanozu hemen ters çevirin. Bu şekilde 1 saat bekletip, tekrar düz çevirin."
Brokoli Mezesi,atıştırmalık,brokoli havuç süzme yoğurt mayonez konserve mısır kırık ceviz sarımsak dereotu zeytinyağı tuz,"Havucu rendeleyip, tava içine koyun. Üzerine 2 yemek kaşığı zeytinyağı ekleyin. Havuçları yumuşayana kadar kavurun. Brokoli küçük küçük çiçeklerine ayırıp, iyice yıkayın. Ardından kaynar su içinde 5-6 dakika hafifçe yumuşayana kadar haşlayın. Süzme yoğurt, mayonez ve rendelenmiş sarımsak ile yoğurtlu sos hazırlayın. Haşlanmış brokoliyi ve kavurduğunuz havucu geniş bir kaba koyun. Üzerine yoğurtlu sosu ekleyin. Tüm malzemelerin güzelce karışmasını sağlayın."
Cevizli Makarna Salatası,salata,makarna kabak havuç kırmızı kapya biber sarımsak ceviz konserve mısır haşlanmış bezelye dereotu yoğurt zeytinyağı tuz ceviz içi kırmızı toz biber,"1 adet orta boy kabak, 1 adet orta boy havuç ve 1 adet orta boy kırmızı kapya biberi küçük jülyen şeklinde doğrayın. Bir tencere içine 4 yemek kaşığı zeytinyağı döküp, ısıtın. Isınan yağın üzerine doğranmış havuçları koyup, 2-3 dakika kadar kavurun. Havuçları kavurduktan sonra kabakları ekleyip, 1-2 dakika kadar kavurun. Ardından doğranmış kırmızı kapya biberleri ve 2 diş küçük küçük doğranmış sarımsağı ekleyin. Biberleri ve sarımsakları hafifçe yumuşayana kadar kavurmaya devam edin. Sebzeleri kavurduktan sonra ocaktan alıp, soğumaya bırakın. Diğer tarafta orta boy derin bir tencerenin yarısına gelecek kadar su koyup, kaynamaya bırakın. Kaynayan suyun içine biraz tuz ve yarım paket makarna ekleyip, güzelce karıştırın. Makarnayı orta kısık ateş üzerinde ara ara karıştırarak, yumuşayana kadar pişirin. Piştikten sonra suyunu süzüp, soğuk sudan geçirin. Daha sonra makarnayı geniş bir kap içine koyup, soğumaya bırakın. Haşladığınız makarnanın üzerine kavurduğunuz sebzeleri, 1 çay bardağı haşlanmış bezelye ve 1 çay bardağı konserve mısır koyun. Ardından 1-2 tutam ince ince doğranmış dereotu ve 1 çay bardağı kırık ceviz ekleyin. Bir kase içine 1 buçuk su bardağı yoğurt ve damak tadınıza göre tuz koyup, iyice karıştırın. Yoğurt sosunu salata malzemelerinin üzerine dökün. Tüm malzemelerin iyice karışmasını sağlayın. Son olarak salatanın üzeri için; bir sos tavası içine 5-6 adet cevizi eliniz ile parçalayarak koyun. Üzerine 4-5 yemek kaşığı zeytinyağı ve biraz kırmızı toz biber ekleyip, hafifçe kızdırın. Hazırladığınız cevizli makarna salatasını yayvan bir tabak üzerine koyup, yayın. Salatanın üzerine kızdırdığınız cevizli yağ karışımı döküp, servis edebilirsiniz."
Çiğ Kereviz Salatası,salata,kereviz yoğurt mayonez sarımsak kereviz yaprağı tuz,"Kerevizin kabuğunu soyup, yıkayın. Rendenin iri tarafı ile kerevizi hızlı bir şekilde rendeleyin. Rendelediğiniz kerevizlerin üzerine yoğurt, mayonez ve tuz ekleyin. Tüm malzemeleri kaşık yardımı ile iyice karıştırın. Üzerine rendelenmiş sarımsak ve ince ince doğranmış kereviz yaprağı koyun. Kaşık yardımı ile tekrar iyice karıştırın."
Elmalı Kereviz Salatası,salata,kereviz havuç ekşi yeşil elma yoğurt sarıkmsak ceviz tuz,"Derin bir kap içine 1 buçuk su bardağı yoğurt koyun. Yoğurdun üzerine 1 adet orta boy kerevizi rendeleyip, karıştırın. Kerevizin kararmaması için, rendeledikçe yoğurt ile birlikte mutlaka karıştırın. Daha sonra kaba 1 adet ekşi yeşil elmayı ve 1 adet küçük boy havucu rendeleyip, tekrar karıştırın. Son olarak karışımın içine 1 diş rendelenmiş sarımsak, 2 yemek kaşığı dövülmüş ceviz ve damak tadınıza göre tuz ekleyip, son kez karıştırın. Hazırladığınız elmalı kereviz salatasını servis tabağına koyun. Yeşil elma dilimleri ve ceviz ile süsleyerek, servis edebilirsiniz."
Fasulye Salatası,salata,taze fasulye közlenmiş kırmızı biber konserve mısır kornişon turşu taze soğan maydanoz dereotu limon zeytinyağı tuz,"Fasulyelerin sap kısımlarını kesin. Fasulyeleri uzunlamasına ortadan ikiye bölüp, serçe parmak büyüklüğünde kesin. Taze fasulyeleri kaynayan tuzlu su içinde hafifçe yumuşayana kadar haşlayıp, süzün. Ardından soğumaya bırakın. Haşlayıp, soğumaya bıraktığınız taze fasulyeleri bir kap içine koyun. Üzerine 2 tutam ince ince doğranmış maydanoz, 1 tutam ince ince doğranmış dereotu ve 3 sap küçük küçük doğranmış taze soğan ekleyin. Daha sonra salata malzemelerin üzerine 5 adet küçük küçük doğranmış kornişon turşu, 2 adet küçük küçük doğranmış közlenmiş kırmızı biber ve 4 yemek kaşığı konserve mısır koyun. Son olarak malzemelerin üzerine damak tadınıza göre tuz, 1 adet sıkılmış limon suyu ve zeytinyağı koyup, güzelce karıştırın."
Hatay Usulü Kısır,çorba,esmer bulgur ılık su domates salçası biber salçası isot acılı pul biber nar ekşisi zeytinyağı limon suyu kimyon sarımsak taze soğan maydanoz taze nane,"Derin bir kaba 2 su bardağı esmer kısırlık bulgur koyun. Üzerine 1 su bardağı ılık su döküp, karıştırın. Kabın üzerini kapatın. Bu şekilde bulgur şişene kadar yaklaşık 15-20 dakika bekletin. Daha sonra şişen bulgurun üzerine 1 buçuk yemek kaşığı domates salçası, 1 yemek kaşığı biber salçası, 2 yemek kaşığı isot, 1 yemek kaşığı acı pul biber ve 1 tatlı kaşığı kadar tuz ekleyin. Elinizi ıslatarak, bulgur yumuşayana kadar yoğurun. Bulguru ıslatmak için yaklaşık yarım su bardağı kadar su yeterli olacaktır. Yoğurma işlemi bittikten sonra karışımın üzerine rendelenmiş 1 diş sarımsak, 1 çay kaşığı kimyon, yarım limon suyu ve 2 yemek kaşığı nar ekşisi koyup, tekrar eliniz ile biraz yoğurun. Ardından kaba 4 dal ince ince doğranmış taze soğan, yarım demet ince ince doğranmış maydanoz, 2 tutam ince ince doğranmış taze nane ve 1 büyük çay bardağı zeytinyağı ekleyin. Kısırı iyice karıştırın. Damak tadınıza göre yeşillikleri çoğaltabilirsiniz. Hazırladığınız hatay usulü kısırı servis tabağına koyun. Üzerini istediğiniz şekilde süsleyerek, servis edebilirsiniz."
Havuçlu Kereviz Salatası,salata,kereviz havuç yoğurt dereotu sarımsak ceviz zeytinyağı tuz,"Kerevizin ve havucun kabuğunu soyup, rendenin iri tarafı ile rendeleyin. Rendelenmiş kerevizi ve havucu derin bir kaba koyun. Üzerine yoğurt, rendelenmiş sarımsak, zeytinyağı ve tuz ekleyin. Kereviz salatasını kaşık yardımı ile iyice karıştırın. Salatanın üzerine dereotu ve dövülmüş ceviz serpiştirin."
Havuç Mezesi,salata,havuç yoğurt mayonez sarımsak dereotu zeytinyağı tuz,"Havuç mezesi yapımı için; öncelikle 3 adet büyük boy havucun kabuğunu soyun. Rendenin iri tarafı ile rendeleyip, geniş bir tava içine alın. Üzerine 4-5 yemek kaşığı zeytinyağı dökün. Havuçları sürekli karıştırarak, yumuşayana kadar pişirin. Havuçlar piştikten sonra ocak üzerinden alıp, soğumaya bırakın. Ardından soğuyan havuçları bir kap içine koyun. Üzerine yarım su bardağı kadar yoğurt, 2 yemek kaşığı mayonez ve 1 diş rendelenmiş sarımsak ekleyin. Ardından damak tadınıza göre tuz ve 1 tutam ince ince doğranmış dereotu koyun. Tüm salata malzemelerini kaşık yardımı ile güzelce karıştırın. Hazırladığınız yoğurtlu havuç mezesini servis tabağına koyun. Üzerini istediğiniz şekilde süsleyerek, servis edebilirsiniz."
İç Baklalı Enginar Salatası,salata,iç bakla enginar çanağı taze soğan dereotu limon suyu zeytinyağı tuz,İç baklaları haşlayın Enginarları haşlayın Soğuduktan sonra baklaların dış kabuklarını soyun Enginarları doğrayın Tüm malzemeleri karıştırın
Kabak Tarator,ana yemek,kabak dereotu ceviz zeytinyağı sarımsak yoğurt tuz,"3 adet orta boy kabağı rendeleyin. Rendelediğiniz kabakların suyunu sıkıp, bir tava içine alın. Üzerine 2 yemek kaşığı zeytinyağı dökün. Ara ara karıştırarak, yumuşayana kadar soteleyin. Daha sonra sotelenen kabağı ocaktan alıp, soğumaya bırakın. Ardından bir kap içine koyup, üzerine 2 yemek kaşığı dövülmüş ceviz ve 1 tutam ince ince doğranmış dereotu ekleyin. Son olarak 1 su bardağı çırpılmış yoğurt, 1 diş rendelenmiş sarımsak ve damak tadınıza göre tuz koyun. Tüm malzemeleri iyice karıştırın. Hazırladığınız kabak taratoru servis tabağına koyun. Buzdolabında 30 dakika kadar dinlenmeye bırakın. Daha sonra üzerini ince ince doğranmış dereotu ya da ceviz ile süsleyerek, servis edebilirsiniz."
Kavrulmuş Erişte Salatası,salata,erişte sıvı yağ sıcak su közlenmiş kırmızı biber kornişon turşu haşlanmış konserve mısır taze soğan maydanoz limon suyu zeytinyağı tuz,"Geniş bir tencere içine 5 yemek kaşığı sıvı yağ dökün. Yağın üzerine 2 su bardağı erişte ekleyin. Eriştenin rengi kahve rengi olana kadar orta ateş üzerinde sürekli karıştırarak, kavurun. Kavurduğunuz eriştenin üzerine 2 su bardağı sıcak su döküp, biraz tuz ekleyin. Tencerenin kapağını kapatıp, kısık ateş üzerinde erişteler suyunu çekip, yumuşayana kadar pişirin. Daha sonra pişen erişteyi birkaç kez karıştırıp, kenarda soğumaya bırakın. Diğer tarafta 3 sap taze soğan ve yarım demet maydanozu ince ince doğrayın. 4 adet közlenmiş kırmızı biber ve 4 adet orta boy kornişon turşuyu küçük küçük doğrayın. Soğuyan erişteyi derin bir kap içine alın. Üzerine doğradığınız közlenmiş kırmızı biber, kornişon turşu ve 6 yemek kaşığı haşlanmış konserve mısırı koyun. Ardından ince ince doğranmış taze soğan ve maydanozu ekleyin. Damak tadınıza göre limon suyu, tuz ve biraz zeytinyağı ekleyip, salatayı güzelce karıştırın."
Kebapçı Salatası,salata,domates salatalık sivri biber kuru soğan maydanoz limon suyu karabiber nar ekşisi sumak zeytinyağı tuz,"Domates, salatalık, biber ve kuru soğanı küçük küçük doğrayın. Doğranmış sebzeleri derin bir kaba koyun. Maydanozu ince ince doğrayıp sebze karışımına ekleyin. Tuz, karabiber, nar ekşisi, sumak, zeytinyağı ve limon suyu ekleyin. İyice karıştırın. Servis tabağına alın ve maydanozla süsleyerek servis edin."
Kırmızı Fasulye Salatası,salata,kırmızı fasulye kırmızı kapya biber haşlanmış konserve mısır kornişon turşu maydanoz dereotu taze soğan zeytinyağı limon suyu tuz,"1 gece boyunca kırmızı fasulyeyi derin bir kaba koyun ve üzerini 2 parmak geçecek kadar su dökün. Ertesi günü fasulyenin suyunu süzüp, bir tencere içine alın ve üzerini geçecek kadar su dökün. Fasulyeyi hafifçe yumuşayana kadar pişirin. Suyunu süzüp, kenara alın. Yarım demet maydanoz, 2 tutam dereotu ve 3 sap taze soğanı ince ince doğrayın. 1 adet orta boy kırmızı kapya biberi ve 6 adet orta boy kornişon turşuyu küçük küçük doğrayın. Derin bir kaba haşlanmış kırmızı fasulyeyi koyun. Fasulyelerin üzerine doğranmış yeşillikleri ekleyin. Doğranmış kırmızı biber, kornişon turşu ve yarım su bardağı haşlanmış konserve mısır koyun. Son olarak salatanın üzerine damak tadınıza göre tuz, limon suyu ve zeytinyağı ekleyip, iyice karıştırın."
Kırmızı Soğan Salatası,salata,kırmızı soğan maydanoz sumak kırmızı pul biber zeytinyağı limon suyu tuz,"Kırmızı soğanların kabuğunu soyup, yıkayın. Kırmızı soğanları ortadan ikiye kesip, çok kalın olmayacak şekilde ay şeklinde doğrayın. Doğradığınız kırmızı soğanları bir kap içine koyun. Üzerine biraz tuz serpiştirip, eliniz ile ovuşturarak, hafifçe yumuşamalarını sağlayın. Üzerine 2 tutam ince ince doğranmış maydanoz koyun. 1 yemek kaşığı sumak ve 1 çay kaşığı kırmızı pul biber ekleyin. Son olarak salatanın üzerine limon suyu ve 3-4 yemek kaşığı zeytinyağı ekleyin. Tüm salata malzemelerini kaşık yardımı ile güzelce karıştırın."
Köz Biberli Patates Salatası,salata,patates kırmızı kapya biber kornişon turşu konserve mısır havuç dereotu yoğurt mayonez sarımsak,"3 adet orta boy patatesin kabuğunu soyup, çok küçük olmayacak şekilde küpler halinde kesin. Kestiğiniz patatesleri orta boy bir tencere içine koyun. Üzerlerini geçecek kadar su döküp, dağılmayacak şekilde yumuşayana kadar haşlayın. Haşlanan patateslerin suyunu süzüp, soğumaya bırakın. Diğer tarafta 3 adet kırmızı kapya biberi ocak üzerinde ya da fırında közleyin. Közlediğiniz kapya biberlerin kabuklarını soyup, çekirdek kısmını temizleyin. Közlenmiş biberleri ve 4 adet kornişon turşuyu küçük küçük doğrayın. 1 adet orta boy havucu rendeleyin. 2 tutam dereotunu da ince ince doğrayın. Derin bir kap içine haşlanmış patatesleri koyun. Patateslerin üzerine doğranmış kırmızı biber, kornişon turşu ve dereotunu ekleyin. Ardından rendelenmiş havuç ve 4-5 yemek kaşığı konserve mısır koyun. Son olarak ayrı bir kap içine 1 su bardağı dolusu yoğurdun katı kısmından koyun. Üzerine 4-5 yemek kaşığı mayonez, 1-2 diş rendelenmiş sarımsak ve damak tadınıza göre tuz ekleyin. Yoğurtlu sosu tel çırpıcı yardımı ile iyice karıştırın. Hazırladığınız yoğurtlu sosu salatanın üzerine dökün. Tüm salata malzemelerini kaşık yardımı ile yavaşça karıştırın. Hazırladığınız köz biberli yoğurtlu patates salatasını servis tabağına koyup, istediğiniz şekilde süsleyerek servis edebilirsiniz."
Lor Peyniri Salatası,salata,lor peyniri domates salatalık yeşil biber kırmızı kapya biber ceviz içi maydanoz çörek otu zeytinyağı tuz,"Domates, salatalık, biber ve ceviz içini minik küpler şeklinde doğrayın. Maydanozu ince ince doğrayın. Lor peynirini bir kap içine koyun. Üzerine doğradığınız domatesi, salatalığı ve biberleri ekleyin. Ceviz içini, maydanozu, çörek otu ve zeytinyağı koyun. Tuz ekleyip karıştırın. Servis tabağına koyup servis edebilirsiniz."
Mantar Salatası,salata,kültür mantarı kırmızı biber kornişon turşu konserve mısır biberli zeytin dereotu maydanoz limon suyu zeytinyağı tuz,"Orta boy derin bir tencere içine su koyup, kaynamaya bırakın. 1 paket kültür mantarını temizleyip, çok ince ve küçük olmayacak şekilde dilimleyin. Kaynayan suyun içine yarım limon suyu döküp, karıştırın. Doğradığınız mantarları limonlu kaynayan suyun içine koyup, karıştırın. Mantarları yumuşayana kadar haşlayın. Suyunu süzüp, soğumaya bırakın. 2 adet közlenmiş kırmızı biber, 4 adet kornişon turşu ve 10 adet biberli zeytini küçük küçük doğrayın. 1 tutam dereotu ve 1 tutam maydanozu da ince ince doğrayın. Derin bir kaba doğradığınız kornişon turşu, közlenmiş kırmızı biber, maydanoz ve dereotunu koyun. Ardından kaba 1 küçük kase konserve mısır ve haşladığınız mantarları ekleyin. Damak tadınıza göre tuz, zeytinyağı ve limon suyu ekleyin. Mantarlı salatayı kaşık yardımı ile iyice karıştırın."
Mercimekli Kabak Salatası,salata,kabak yeşil mercimek soğan yoğurt sarımsak dereotu zeytinyağı tuz kırmızı toz biber,Yeşil mercimeği haşlayın. Soğanı kavurun. Kabakları kavurun. Malzemeleri karıştırın. Üzerine sosu dökün.
Mısır Salatası,salata,konserve mısır havuç kırmızı biber biberli yeşil zeytin dereotu maydanoz limon suyu zeytinyağı tuz,"3 adet közlenmiş kırmızı biberi küçük küçük doğrayın. 1 adet büyük boy havucun kabuğunu soyup, rendeleyin. 1 tutam dereotu ve 1 tutam maydanozu ince ince doğrayın. 8 adet biberli yeşil zeytini de halkalar halinde dilimleyin. Derin bir kap içine 2 su bardağı konserve mısırı koyun. Mısırın üzerine doğradığınız közlenmiş biber, yeşil zeytin, maydanoz ve dereotunu ekleyin. Ardından rendelenmiş havucu da koyun. Damak tadınıza göre tuz, zeytinyağı ve limon suyu ekleyip, salatayı kaşık yardımı ile iyice karıştırın. Hazırladığınız mısır salatasını servis tabağına alıp, servis edebilirsiniz."
Mor Lahanalı Makarna Salatası,salata,makarna mor lahana konserve mısır kornişon turşu maydanoz yoğurt mayonez sarımsak zeytinyağı tuz,"Mor lahanayı iri iri doğrayıp, mutfak robotu içine koyun. Mor lahanayı mutfak robotundan iyice geçirip, parçalanmasını sağlayın. Mor lahanayı geniş bir tava içine koyun. Üzerine 2-3 yemek kaşığı zeytinyağı döküp, yumuşayana kadar kavurun. Ardından ocak üzerinden alıp, soğumaya bırakın. Diğer tarafta küçük bir tencere içine yeterli miktarda su koyup, kaynamaya bırakın. Kaynayan suyun içine biraz tuz ve yarım paket küçük boy makarna ekleyip, karıştırın. Yumuşayana kadar haşlayın. Daha sonra haşladığınız makarnanın suyunu süzüp, soğuk sudan geçirin. Ardından soğumaya bırakın. Kavurup, soğumaya bıraktığınız mor lahanayı geniş bir kap içine koyun. Üzerine haşladığınız makarnayı ekleyin. Ardından 2 tutam ince ince doğranmış maydanoz, yarım su bardağı konserve mısır ve 4 adet orta boy küçük küçük doğranmış kornişon turşu koyun. Son olarak bir kase içine 2 su bardağı kadar yoğurt, 2 yemek kaşığı mayonez, 1 diş rendelenmiş sarımsak ve damak tadınıza göre tuz koyup, iyice çırpın. Ardından yoğurtlu sosu salatanın üzerine dökün. Tüm malzemelerin güzelce karışmasını sağlayın."
Mor Lahana Salatası,salata,orta boy mor lahana limon sirke nar ekşisi silme tuz maydanoz dereotu zeytinyağı,"Yarımköy orta boy lahanayı bıçak yardımı ile ince ince doğrayın. Derin bir kap içine doğranmış lahanaları koyun. Lahanaların üzerine 2 yemek kaşığı sirke dökün. Ardından 1 yemek kaşığı silme tuz ekleyin. Lahanaları eliniz ile 1-2 dakika kadar ovuşturarak, yumuşatmaya çalışın. Diğer tarafta yarım demet maydanoz ve yarım demet derotunu ince ince doğrayıp, kaba ekleyin. Daha sonra salatanın üzerine 1 adet sıkılmış limon suyu, 1 yemek kaşığı nar ekşisi ve zeytinyağı koyun. Tüm salata malzemelerini iyice karıştırın. Hazırladığınız mor lahana salatasını servis tabağı içine koyun. Üzerini dilediğiniz gibi süsleyerek, servis edebilirsiniz."
Mütebbel,atıştırmalık,patlıcan tahin limon suyu sarımsak tuz zeytinyağı maydanoz,"Patlıcanları yıkayın ve birkaç yerinden delin. Patlıcanları fırında ya da ocak üzerinde közleyin. Közlenen patlıcanların kabuğunu soyun. Patlıcanları ince ince kıyıp, derin bir kase içine koyun. Üzerine tahin, limon suyu, sarımsak ve tuz ekleyin. Tüm malzemeleri kaşık yardımı ile iyice karıştırın. Hazırladığınız mütebbel mezesini servis tabağı içine alın. Üzerini maydanoz yaprağı ve zeytinyağı ile süsleyerek, servis edebilirsiniz."
Nohut Salatası,salata,Nohut Kırmızı Biber Kornişon Turşu Konserve Mısır Maydanoz Dereotu Nane Zeytinyağı Limon Suyu Tuz,"Haşladığınız nohutları derin bir kap içine alın. Üzerine doğradığınız közlenmiş kırmızı biber, kornişon turşuları ve 5 yemek kaşığı konserve mısır koyun. Daha sonra doğradığınız maydanoz, dereotu ve taze naneyi ekleyin. Son olarak damak tadınıza göre tuz, limon suyu ve zeytinyağı koyup, iyice karıştırın. Hazırladığınız nohut salatasını servis tabağına alıp, servis edebilirsiniz."
Patatesli Mercimek Köftesi,ana yemek,kırmızı mercimek patates ince bulgur su zeytinyağı kuru soğan sarımsak domates salçası biber salçası limon suyu nar ekşisi taze soğan maydanoz kimyon kırmızı pul biber karabiber tuz,"Patatesleri soyup, yıkayın ve orta büyüklükte kesip, tencere içine koyun. Üzerlerini geçecek kadar su döküp, kaynamaya bırakın. Kaynadıktan sonra orta kısık ateş üzerinde yumuşayana kadar haşlayın. Mercimekleri yıkayıp, tencere içine koyun. Üzerine 2 su bardağı su döküp, kaynamaya bırakın. Kaynadıktan sonra kısık ateş üzerinde mercimekler suyunu çekip, iyice yumuşayana kadar pişirin. Mercimekler henüz sıcak iken üzerine 1 çay bardağı ince bulgur ekleyin. Bulgurun yumuşayıp şişmesi için mercimekler ile birlikte iyice karıştırıp, tencerenin kapağını kapatın. Geniş bir tencere içine 6 yemek kaşığı zeytinyağı döküp, ısıtın. Isınan yağın üzerine 1 adet orta boy ince ince doğranmış kuru soğan ekleyin. Soğanlar iyice yumuşayana kadar sürekli karıştırarak, kavurun. Soğanları kavurduktan sonra üzerine 1 yemek kaşığı domates salçası, 1 yemek kaşığı biber salçası ve 2-3 diş ince ince doğranmış sarımsak koyun. Salçaların kokusu çıkana kadar kavurmaya devam edin. Salçaları kavurduktan sonra tencereye haşladığınız patatesleri iyice ezerek ekleyin. Üzerlerine 1 çay kaşığı karabiber, 1 çay kaşığı kırmızı pul biber, 1 tatlı kaşığı kadar kimyon ve damak tadınıza göre tuz ekleyin. Tenceredeki tüm malzemeleri 2-3 dakika sürekli karıştırıp, ocak üzerinden alın. Baştaki mercimekli bulgurlu karışımı patatesli baharatlı soğan karışımının üzerine ekleyin. Tüm malzemeler iyice karışana kadar elinizle ya da spatula yardımı ile güzelce karıştırın. Son olarak patatesli mercimekli karışımın üzerine 4 sap ince ince doğranmış taze soğan, yarım demet ince ince doğranmış maydanoz, yarım limon suyu ve isteğe bağlı olarak 1 yemek kaşığı nar ekşisi koyun. Tekrardan tüm malzemelerin iyice karışmasını sağlayın. Hazırladığınız patatesli bulgurlu mercimek köftesi harcından ceviz büyüklüğünde parçalar alın. Elinizde yuvarlayıp, servis tabağına dizin. Limon dilimleri, marul yaprakları ve maydanoz ile süsleyerek servis edebilirsiniz."
Patlıcanlı Haydari,atıştırmalık,patlıcan süzmeli yoğurt ezilmiş beyaz peynir rendelenmiş sarımsak zeytinyağı tuz karabiber nane kırmızı toz biber,"2 adet büyük boy patlıcanı yağlı kağıt serili fırın tepsisi içine koyun. Üzerlerine bıçak ile birkaç yerinden batırın. Önceden ısıtılmış 200 derece fırına verip, közleyin. İsteğe göre ocak üzerinde ya da mangalda da közleyebilirsiniz. Közlediğiniz patlıcanların kabuğunu soyup, bıçak yardımı ile ince ince doğrayın. Közleyip, doğradığınız patlıcanları çukur bir kase içine koyun. Üzerine 2-3 yemek kaşığı ezilmiş beyaz peynir, damak tadınıza göre tuz ve karabiber koyun. Ardından 5 yemek kaşığı süzme yoğurt, 2 diş rendelenmiş sarımsak ve 2 yemek kaşığı zeytinyağı ekleyin. Yoğurt miktarını isteğe göre biraz arttırabilirsiniz. Tüm malzemeleri kaşık yardımı ile iyice karıştırın. Hazırladığınız patlıcanlı haydari mezesini servis tabağına alıp, hafifçe yayın. Üzeri için; küçük bir sos tavası içine 2-3 yemek kaşığı zeytinyağı, biraz nane ve biraz kırmızı toz biber koyup, kızdırın. Ardından üzerine döküp, servis edebilirsiniz."
Rokalı Pancar Salatası,salata,kırmızı pancar soğan sarımsak yoğurt ceviz roka nar ekşisi elma sirkesi zeytinyağı tuz,"Pancarın kabuğunu soyup, yıkayın. Rendleyin. Soğanın kabuğunu soyup, ince ince doğrayın. 3-4 yemek kaşığı zeytinyağı ile 3 dakika kavurun. Kavrulan soğanın üzerine rendelediğiniz kırmızı pancarı koyun. 5-6 dakika sürekli karıştırarak, kavurun. Pancarları kavurduktan sonra üzerine 1 diş rendelenmiş sarımsak ve damak tadınıza göre tuz ekleyip, 3-4 kere karıştırın. Kavrulan pancarı ocaktan alıp, ılımaya bırakın. Kavurduğunuz pancar ılıdıktan sonra üzerine 1 su bardağı kadar yoğurt ve 1 çay bardağı cevizi eliniz ile küçük küçük parçalayarak ekleyin. Tüm malzemeyi kaşık yardımı ile iyice karıştırın. 1 demet rokayı güzelce yıkayıp, kurulayın. Rokayı eliniz ile 2-3 parçaya bölüp, hafifçe çukur ve yaygan bir servis tabağı içine koyun. Rokanın üzerine 2 yemek kaşığı nar ekşisi, 1 yemek kaşığı elma sirkesi, 2 yemek kaşığı kadar zeytinyağı ve biraz tuz koyup, güzelce karıştırın. Rokanın orta kısmına yoğurtlu pancar salatasını koyup, biraz yayın. Hazırladığınız rokalı pancar salatasının üzerini biraz kırık ceviz ile süsleyerek, servis edebilirsiniz."
Sirkeli Kırmızı Lahana Salatası,salata,mor lahana Elma sirkesi Tuz,"Yıkayıp, bıçak yardımı ince ince doğrayın. Doğradığınız mor lahanayı geniş bir kaba koyun. Üzerine yarım yemek kaşığı kadar tuz serpiştirin. Eliniz ile 1 dakika kadar ovuşturun. Lahanaları tuzladıktan sonra yıkamayın. Orta boy bir kavanoz içine mor lahanaları yerleştirin. Lahanaların üzerine çıkacak kadar elma sirkesi dökün. Kavanozun ağzını sıkıca kapatın. Hazırladığınız sirkeli kırmızı lahana salatasının rengini alabilmesi için 2-3 saat bekletmeniz yeterlidir."
Soğan Salatası,salata,soğan maydanoz sumak kırmızı pul biber zeytinyağı limon suyu tuz,"Soğanları ay şeklinde doğrayın. Üzerine tuz serpiştirip ovuşturun. Sumak, kırmızı pul biber, maydanoz, limon suyu, tuz ve zeytinyağı ekleyin. Malzemeleri karıştırın."
Tavuklu Arpa Şehriye Salatası,salata,arpa şehriye tavuk göğsü kırmızı biber havuç salatalık kornişon turşu konserve mısır taze soğan dereotu maydanoz zeytinyağı limon suyu tuz,"orta boy geniş bir kap içine haşladığınız arpa şehriyeyi koyun. Üzerine 3 sap ince ince doğranmış taze soğan, yarım demet ince ince doğranmış maydanoz, yarım demet ince ince doğranmış dereotu ve 5 yemek kaşığı konserve mısır koyun. Ardından 1 adet minik küpler halinde doğranmış kırmızı biber, 1 adet minik küpler halinde doğranmış salatalık, 6 adet minik küpler halinde doğranmış kornişon turşu ve 1 adet rendenin ince tarafı ile rendelenmiş havucu ekleyin. Son olarak kaba küçük küçük parçalara ayırdığınız tavuk etlerini ekleyin. Damak tadınıza göre tuz, yarım küçük çay bardağı kadar zeytinyağı ve yarım limon suyunu ekleyip, güzelce karıştırın. Hazırladığınız tavuklu arpa şehriye salatasını servis tabağına koyup, servis edebilirsiniz."
Tavuklu Patates Salatası,salata,tavuk göğsü fileto patates dereotu konserve mısır kornişon turşu yoğurt hardal sarımsak tuz,"Tavuk göğsü filetoyu tencereye koyun, üzerini geçecek kadar su döküp, yumuşayana kadar pişirin. Pişen tavuk etini küçük küçük parçalara ayırın. Patateslerin kabuğunu soyun, patatesleri küçük küpler halinde doğrayın. Patatesleri tencereye koyun, üzerlerini geçecek kadar su döküp, yumuşayana kadar haşlayın. Haşladıktan sonra suyunu süzüp, soğumaya bırakın. Soğuyan patatesleri derin bir kap içine koyun, üzerine tavuk etlerini koyun. Yarım demet doğranmış dereotu, 5-6 adet küçük küpler halinde doğranmış kornişon turşu ve 5-6 yemek kaşığı konserve mısır ekleyin. Yoğurt, hardal, sarımsak ve tuz ile yoğurtlu karışımı hazırlayın. Tüm salata malzemelerini güzelce karıştırın."
Taze Soğan Salatası,salata,Taze Soğan Çeri Domates Salatalık Sivri Biber Zeytinyağı Limon Suyu Tuz,"6-7 adet çeri domates, 1 adet orta boy salatalık ve 1 adet yeşil biberi çok küçük olmayacak şekilde doğrayın. 8 adet orta büyüklükteki taze soğanı güzelce temizleyip, bıçak yardımı ile ince ince doğrayın. Doğranmış domates, salatalık ve biberi derin bir kaba koyun. Kaba doğranmış taze soğanları ekleyin. Salatanın üzerine damak tadınıza göre tuz, limon suyu ve zeytinyağı döküp, güzelce karıştırın. Hazırladığınız yeşil soğan salatasını servis kasesine alıp, servis edebilirsiniz."
Ton Balıklı Meze,atıştırmalık,ton balığı soğan konserve mısır siyah zeytin dilimi yeşil zeytin dilimi maydanoz dereotu mayonez tuz,"Soğanı minik küpler halinde kesip, üzerine biraz tuz serpiştirin. Soğanı tuzla birlikte eliniz ile ovup, yumuşamasını sağlayın. Ton balığının yağını iyice süzüp, bir kap içine koyun. Balığın üzerine soğanı ekleyin. Kaba 1 tutam ince ince doğranmış maydanoz, 1 tutam ince ince doğranmış dereotu, 1 yemek kaşığı siyah zeytin dilimi ve 1 yemek kaşığı yeşil zeytin dilimi koyun. 2 yemek kaşığı konserve mısır, 3-4 yemek kaşığı mayonez ve az miktar tuz ekleyin. Kaptaki tüm malzemeleri kaşık yardımı ile güzelce karıştırın."
Yoğurtlu Brokoli Ezmesi,salata,Brokoli Havuç Yoğurt Mayonez Sarımsak Tuz,"2 adet orta boy brokoliyi küçük küçük dallarına ayırın. 1 adet orta boy havucu 5-6 parçaya bölün. Derin bir tencere içine brokoli ve havucu koyun. Üzerine su döküp, yumuşayana kadar haşlayın. Haşlanmış brokoli ve havuçları mutfak robotu içine koyup, püre haline getirin. Orta boy derin bir kap içine püre haline getirdiğiniz brokoli ve havucu koyun. Üzerine 5 yemek kaşığı dolusu yoğurt, 1 yemek kaşığı mayonez, az miktar tuz ve 1 diş rendelenmiş sarımsak ekleyin. Tüm salata malzemelerini güzelce karıştırın. Hazırladığınız yoğurtlu brokoli ezmesini servis tabağına alıp, servis edebilirsiniz."
Yoğurtlu Mercimekli Semizotu Salatası,salata,semizotu yeşil mercimek kırmızı biber sarımsak yoğurt tuz kuru nane kırmızı pul biber,Mercimeği haşlayın. Semizotunu yıkayın ve doğrayın. Mercimeği semizotunun üzerine koyun. Kırmızı biberi doğrayıp ekleyin. Yoğurtlu sosu hazırlayın. Tüm malzemeleri karıştırın.
Yumurtalı Kısır,ana yemek,kısırlık bulgur karabiber kimyon kuru nane kırmızı pulbiber tuz limon suyu yumurta sıvı yağ soğan sarımsak zeytinyağı domates salçası biber salçası maydanoz taze nane taze soğan,Bulguru hazırlayın Sosunu hazırlayın Yumurtalı karışımı hazırlayın Tüm malzemeleri karıştırın
Baharatlı Patates Salatası,salata,patates zeytinyağı sarimsak tozu zerdeçal kırmızı toz biber kekik tuz,"Patatesleri soyup, yıkayın. Derin bir tencere içine patatesleri koyun. Üzerlerini geçecek kadar su döküp, biraz tuz serpiştirin. Patatesleri dağılmayacak şekilde haşlayın. Haşladığınız patateslerin suyunu süzüp, soğumaya bırakın. Soğuyan patatesleri çok küçük olmayacak şekilde küpler halinde doğrayıp, bir kaba alın. Sosu için; küçük bir kase içine 5-6 yemek kaşığı zeytinyağı, damak tadınıza göre kırmızı toz biber, kekik, sarımsak tozu, isteğe göre zerdeçal ve tuz ekleyip, güzelce karıştırın. Baharatlı karışımı patateslerin üzerine döküp, spatula yardımı ile hafifçe karıştırın. Hazırladığınız baharatlı haşlanmış patates salatasını servis edebilirsiniz."
Brokoli Salatası,salata,brokoli patates havuç dereotu yoğurt mayonez sarımsak tuz kırmızı toz biber sıvı yağ,"Brokoli salatası için; ilk olarak 500 gr brokoliyi küçük küçük dallarına ayırıp, iyice yıkayın. 2 adet orta boy patates ve 2 adet orta boy havucun kabuğunu soyup, çok büyük olmayacak şekilde küpler halinde kesin. Daha sonra orta boy bir tencere içine su koyup, kaynamaya bırakın. Kaynayan suyun içine dallarına ayırdığınız brokolileri koyun. Hafifçe yumuşayana kadar haşlayın. Doğradığınız havuç ve patatesleri ayrı ayrı haşlayın. Ardından haşladığınız brokoli, havuç ve patateslerin suyunu süzüp, soğumaya bırakın. Diğer tarafta derin bir kap içine 2 su bardağı yoğurt, 2 yemek kaşığı mayonez ve 1 diş rendelenmiş sarımsak koyun. 2 tutam ince ince doğranmış dereotu ve damak tadınıza göre tuz ekleyin. Yoğurtlu harcı iyice karıştırın. Hazırladığınız yoğurtlu karışımın içine haşladığınız havuç ve patatesleri ekleyin. Son olarak da haşladığınız brokolileri koyun. Tüm malzemeleri kaşık yardımı ile yavaşça karıştırın. Hazırladığınız brokoli salatasını servis tabağına koyun. Üzeri için küçük bir tava içine az miktar da sıvı yağ ve biraz kırmızı toz biber koyup, kızdırın. Brokoli salatasının üzerine gezdirip, servis edebilirsiniz."
Çiğ Pancar Salatası,salata,pancar ceviz maydanoz nar ekşisi zeytinyağı limon suyu tuz,"2 adet orta boy kırmızı pancarın kabuğunu soyup, yıkayın. Derin bir kap içine rendenin iri tarafı ile pancarları çiğ olarak rendeleyin. Rendelenmiş pancarların üzerine yarım su bardağı kırık ceviz ekleyin. Ardından kaba yarım demet ince ince doğranmış maydanoz koyun. Son olarak kırmızı pancar salatası üzerine damak tadınıza göre tuz, 2 yemek kaşığı nar ekşisi, 4-5 yemek kaşığı zeytinyağı ve limon suyu ekleyip, güzelce karıştırın. Hazırladığınız çiğ kırmızı pancar salatasını servis tabağına koyun. Üzerini dilediğiniz gibi süsleyerek servis edebilirsiniz."
Havuçlu Pazı Salatası,salata,pazı soğan havuç yoğurt zeytinyağı sarımsak tuz,"Pazı yapraklarını yıkayın ve ince doğrayın. Pazı yapraklarını 5 dakika haşlayın. Havucu rendeleyin. Soğanı kavurun. Havucu yumuşayana kadar kavurun. Haşlanmış pazıları havuçlu karışımla karıştırın. Yoğurt, sarımsak ve tuz ekleyin."
Kabak Şayan,ana yemek,kabak zeytinyağı sarımsak yoğurt mayonez tuz ceviz kuru nane kırmızı pul biber,"3 adet orta boy kabağı yıkayın. Kabakları rendenin iri tarafı ile rendeleyin. Rendelediğiniz kabakların suyunu eliniz ile sıkıp, orta boy bir tava içine koyun. Üzerine 3 yemek kaşığı zeytinyağı ekleyin. Kabaklar suyunu salıp çekene kadar ara ara karıştırarak, kavurun. Bir kenara alıp, soğumaya bırakın. Diğer tarafta bir sos tavası içine 2 yemek kaşığı zeytinyağı koyun. Üzerine 3 yemek kaşığı dövülmüş ceviz ekleyip, biraz kavurun. Ardından cevizlerin üzerine 1 çay kaşığı kuru nane ve 1 çay kaşığı kırmızı pul biber koyup, 2-3 kere karıştırıp, ocaktan alın. Daha sonra bir kap içine 2 yemek kaşığı dolusu yoğurt, 2 yemek kaşığı mayonez, 2 diş rendelenmiş sarımsak ve damak tadınıza göre tuz koyup, karıştırın. Pişen kabakların yarısını yoğurtlu harcın üzerine ekleyip, karıştırın. Yoğurtlu kabağı servis tabağının tabanına yayın. Üzerine kalan kabağı sade olarak yayın. Hazırladığınız kabak şayanın üzerine kavurduğunuz baharatlı cevizi döküp, servis edebilirsiniz."
Kereviz Yaprağı Salatası,salata,kereviz yaprağı havuç yeşil biber maydanoz limon suyu zeytinyağı nar ekşisi tuz,"Kereviz yaprağını kopartıp, iyice yıkayın. Kereviz yapraklarını kurulayıp, bıçak yardımı ile çok ince olmayacak şekilde doğrayın. Havucu rendenin iri tarafı ile rendeleyin. Yeşil biberi küçük küçük doğrayın. Maydanozu yıkayıp, bıçak yardımı ile doğrayın. Tüm malzemeleri karıştırın."
Kuskus Salatası,salata,kuskus makarna kırmızı biber havuç kornişon turşu konserve mısır maydanoz dereotu zeytinyağı limon suyu tuz,"Orta boy derin bir tencere içine sıcak su koyun. Üzerine biraz tuz koyup, kaynamaya bırakın. Kaynayan suyun içine 1 su bardağı kuskus makarnası ekleyip, yumuşayana kadar haşlayın. Suyunu süzüp, soğumaya bırakın. 1 adet kırmızı biber ve 4 adet kornişon turşuyu minik küpler halinde doğrayın. 3 tutam maydanoz ve dereotunu ince ince kıyın. 1 adet havucu da rendeleyin. Derin bir kaba kuskus makarnayı koyun. Kuskusun üzerine doğranmış biberleri, kornişon turşuları, 4 yemek kaşığı konserve mısırı ve rendelenmiş havucu ekleyin. Ardından ince ince kıyılmış maydanoz ve dereotunu koyun. Son olarak damak tadınıza göre tuz, 3 yemek kaşığı zeytinyağ ve yarım limon suyunu ekleyip, iyice karıştırın. Kuskus salatasını servis tabağına koyup, servis edebilirsiniz."
Lokanta Usulü Mor Lahana Salatası,salata,mor lahana limon sirke tuz zeytinyağı,"yarım orta boy mor lahanayı bıçak yardımı ile ince ince doğrayın. Doğranmış lahanaları derin bir kap içine koyun. Üzerine 2 yemek kaşığı sirke dökün. Ardından yarım yemek kaşığı kadar tuz ekleyin. Rengi dönüp, lahanalar yumuşayana kadar eliniz ile güzelce ovuşturun. Yumuşayan mor lahananın üzerine 1 yemek kaşığı kadar zeytinyağı koyun. Ardından 1 adet sıkılmış limon suyu ekleyin. Tüm malzemeyi kaşık yardımı ile son bir kez daha iyice karıştırın. Hazırladığınız lokanta usulü mor lahana salatasını servis tabağı içine koyun. Üzerini dilediğiniz gibi süsleyerek, servis edebilirsiniz."
Patatesli Kereviz Salatası,salata,patates kereviz havuç yoğurt haşlanmış mısır sarımsak mayonez dereotu tuz,"Patateslerin kabuğunu soyun ve iri küpler halinde kesip, derin bir tencere içine koyun. Üzerlerine geçecek kadar su döküp, yumuşayana kadar haşlayın. 1 adet büyük boy havucun kabuğunu soyup, rendeleyin. Bir tava içine rendelenmiş havucu koyun ve 2 yemek kaşığı sıvı yağ dökün. Ocak üzerinde 5 dakika kadar kavurun ve soğumaya bırakın. Haşlanmış olan patateslerin suyunu süzüp, derin bir kap içine alın. Çatal yardımı ya da püre ezicisi ile iyice ezip, soğumaya bırakın. Ezdiğiniz patates püresinin üzerine kavurup, soğuttuğunuz havucu ve 1 diş rendelenmiş sarımsağı ekleyin. 1 adet orta boy kerevizin kabuğunu soyup, rendeleyin ve patatesli karışımın üzerine rendelenmiş kerevizi koyun. Kerevizin kararmaması için hemen ardından 2 su bardağına yakın yoğurt, 2 yemek kaşığı mayonez ve yarım çay bardağı haşlanmış mısır koyup, hızlı bir şekilde karıştırın. Son olarak salatanın üzerine 2 tutam ince ince doğranmış dereotu ve damak tadınıza göre tuz ekleyin. Tüm salata malzemelerini son kez karıştırın."
Şalgamlı Bulgur Salatası,salata,kalın bulgur acısız şalgam suyu kornişon turşu konserve mısır maydanoz dereotu zeytinyağı limon suyu tuz,"Küçük bir tencere içine 1 buçuk su bardağı acısız şalgam suyu koyup, kaynamaya bırakın. Kaynayan şalgam suyunun içine 1 su bardağı kalın bulguru ekleyip, karıştırın. Tencerenin kapağını kapatıp, kısık ateş üzerinde bulgur suyunu çekip, yumuşayana kadar pişirin. Şalgamlı bulgur piştikten sonra ocaktan alıp, soğumaya bırakın. Soğuyan şalgamlı bulguru derin bir kap içine koyun. Üzerine yarım demet ince ince doğranmış maydanoz, yarım demet ince ince doğranmış dereotu, 1 su bardağı konserve mısır, 6 adet orta boy küçük küpler halinde doğranmış kornişon turşuyu ekleyin. Son olarak damak tadınıza göre tuz, limon suyu ve zeytinyağı koyup, şalgamlı bulgur salatasını karıştırın."
Soğanlı Patates Salatası,salata,patates kuru soğan sarimsak zeytinyagi kırmızı toz biber karabiber kimyon zerdeçal tuz,"Patatesin kabuğunu soyun ve küpler şeklinde doğrayın. Patatesleri geniş bir tava ya da tencere içine koyun ve hafifçe su dökün. Patatesleri haşlayın. Soğanın kabuğunu soyup, ay şeklinde doğrayın. Soğanı geniş bir tava içine koyun ve zeytinyağı ekleyin. Soğanlar yumuşayıp karamelize olana kadar kavurun. Sarımsağı ekleyin ve 2 dakika daha kavurun. Haşlanan patateslerin suyunu süzün ve soğanların üzerine ekleyin. Tuz, kırmızı toz biber, karabiber, kimyon ve zerdeçal ekleyin. Patatesleri karıştırın ve 2 dakika daha pişirin. Soğumaya bırakın ve servis edebilirsiniz."
Taratorlu Deniz Börülcesi,ana yemek,deniz börülcesi süzme yoğurt ceviz içi ekmek sarımsak zeytinyağı limon suyu,"Deniz börülcesini bol su içinde iyice yıkayıp, suyunu süzün. Deniz börülcelerini rahatça koyabileceğiniz hafif geniş ve derin bir tencere içine su koyup, kaynamaya bırakın. Su kaynadıktan sonra içine 1 çay kaşığı karbonat koyup, karıştırın. Karbonat deniz börülcelerin renginin canlı kalmasını sağlayacaktır. Daha sonra kaynayan suyun içine deniz börülcelerini koyup, üzerlerine hafifçe bastırın. Deniz börülcelerini yaklaşık 9 dakika haşlayın. Deniz börülcelerin haşlandığını anlamak için tencerenin içinden 1 sap deniz börülcesi alın ve sap kısmından tutarak yukarı çekin. Sap kısmından kolayca çıkıyorsa haşlanmış demektir. Diğer tarafta ayrı derin bir kaba olabildiğince buzlu soğuk su hazırlayın. Haşladığınız deniz börülcelerini kevgir yardımı ile iyice süzün. Suyunu süzdüğünüz deniz börülcelerini buzlu su dolu kabın içine koyup, 5 dakika bekletin. Buzlu suyun içinde bekletmemizin sebebi deniz börülcelerinin besin ve renk değerini kaybetmemesi içindir. Daha sonra deniz börülcelerini süzgeç içine alıp, suyunun iyice süzülmesini sağlayın. Daha sonra deniz börülcelerinden bir dal alın. Bir elinizle uç kısmından tutun, diğer elinizle yeşil kısmı yukarı doğru çekip kılçığından çıkartın. Kılçıklarını ayıkladığınız börülceleri kenarda bekletin. Tarator sosu için; mutfak robotu içine 1 dilim bayat ekmek içini eliniz ile parçalayarak koyun. Üzerine 1 çay bardağı ceviz içi ekleyin. Ardından 2 yemek kaşığı süzme yoğurt, 1 limon suyu, 3 diş sarımsak ve yarım çay bardağı zeytinyağı koyun. Tüm tarator sos malzemelerini mutfak robotundan iyice geçirin. Sosun kıvamını biraz daha açmak isterseniz zeytinyağı miktarını arttırabilirsiniz. Deniz börülcesi yüksek oranda tuz içerdiği için, ayrıca tarator sosa tuz eklemenize gerek yoktur. Hazırladığınız tarator sosu yayvan bir tabak üzerine alıp, güzelce yayın. Üzerine haşlayıp, kılçıklarını ayıkladığınız deniz börülcelerini yayıp, servis edebilirsiniz."
Yoğurtlu Brokoli Salatası,salata,Brokoli Yoğurt Sıvı yağ Kırmızı pul biber Tuz,"Brokoliyi çiçeklerine ayırıp, güzelce yıkayın. Derin bir tencere içine çiçeklerine ayırdığınız brokolileri koyun. Üzerine sıcak su döküp, 10 dakika kadar haşlayın. Haşlanan brokolilerin suyunu süzüp, soğumaya bırakın. 1 su bardağı dolusu yoğurdu bir kap içine koyun. Damak tadınıza göre tuz ekleyip, iyice çırpın. Haşlayıp, soğuttuğunuz brokolileri servis tabağına koyun. Brokolilerin üzerine çırptığınız yoğurdu dökün. Küçük bir tavaya biraz sıvı yağ koyun. Üzerine damak tadınıza göre pulbiber ekleyip, kızdırın. Hazırladığınız yoğurtlu brokoli salatasının üzerine yağlı pulbiberli karışımdan döküp, servis edebilirsiniz."
Yoğurtlu Kereviz Salatası,salata,kereviz yoğurt mayonez sarımsak tuz ceviz içi,"2 adet küçük boy kerevizin kabuğunu soyun. Kerevizlerin hemen kararmaması için hızlı bir şekilde rendeleyin. Rendelediğiniz kerevizlerin üzerine 4 yemek kaşığı dolusu yoğurt, yarım yemek kaşığı mayonez, 1 küçük diş rendelenmiş sarımsak ve damak tadınıza göre tuz ekleyin. Tüm salata malzemelerini iyice karıştırın. Hazırladığınız yoğurtlu kereviz salatasını servis tabağına koyun. Üzerini ceviz ve kereviz yaprakları ile süsleyerek, servis edebilirsiniz."
Yoğurtlu Mercimekli Erişte Salatası,salata,erişte yeşil mercimek sarıkmsak yoğurt tuz ceviz tere yağı kırmızı toz biber,"Yeşil mercimeği dağılmayacak şekilde haşlayıp, suyunu süzün. 2 su bardağı erişteyi orta boy geniş bir tencere içine koyun. Üzerine 3 yemek kaşığı sıvı yağ dökün. Orta ateş üzerinde 5 dakika kadar kavurun. Daha sonra kavrulan eriştenin üzerini geçecek kadar su koyun. Biraz tuz ekleyip, yumuşayana kadar haşlayın. Haşladığınız eriştenin suyunu süzüp, derin bir kap içine alın. Üzerine 1 buçuk su bardağı haşlanmış yeşil mercimeği ekleyin. Ardından 2 su bardağı çırpılmış yoğurt, 2-3 diş rendelenmiş sarımsak ve damak tadınıza göre tuz koyun. Tüm salata malzemelerini iyice karıştırın. Üzeri için; 1 çay bardağı dövülmüş cevizi küçük bir tava içine koyun. Üzerine 1 buçuk yemek kaşığı tereyağı ya da 4-5 yemek kaşığı sıvı yağ koyun. Az miktarda kırmızı toz biber ekleyip, biraz kavurun. Hazırladığınız yoğurtlu mercimekli erişte salatasını servis tabağı içine koyup, yayın. Üzerine kavurduğunuz cevizli yağ karışımını dökün."
Çilekli Semizotu Salatası,salata,semizotu çilek ceviz kırığı beyaz peynir çilek zeytinyağı elma sirkesi tuz,"Semizotunu tek tek ayıklayıp, bol su içinde iyice yıkayıp, süzmeye bırakın. Semizotlarını küçük küçük kesip koyun. Çileği halka halka dilimleyip, semizotlarının üzerine ekleyin. Ceviz kırığı ve beyaz peyniri küçük küçük parçalayıp, salatanın üzerine serpiştirin. Sosu için; çilek, zeytinyağı, elma sirkesi ve tuz koyun. Blender ile sos haline gelene kadar iyice karıştırın. Hazırladığınız çilekli sosu çilekli semizotu salatasının üzerine güzelce gezdirip, servis edebilirsiniz."
Izgara Mısır,atıştırmalık,süt mısır kesme şeker su tereyağı zeytinyağı kırmızı toz biber sarımsak tozu kırmızı pul biber tuz,"Mısırların kabuğunu soyun. Mısırların püsküllerini temizleyip, güzelce yıkayın. Mısırı soyduğunuz kabuklarından 4-5 yaprak ayırın. Mısırları bıçak yardımı ile ortadan ikiye kesin. Her bir parçanın orta kısmına yayvan birer çubuk sokun. Mısır kabuklarını derin bir tencereye koyun. Üzerlerine süt mısırları yerleştirin. Elinizde kalan mısır kabuklarını da mısırların aralarına yerleştirin. Mısır kabukları pişme esnasında mısırınızın daha lezzetli olmasını sağlar. Ardından mısırların üzerini geçecek kadar su dökün. Tencereyi ocak üzerine alıp, kaynamaya bırakın. Kaynadıktan sonra mısırları orta ateş üzerinde 40 dakika yumuşayana kadar ara ara kontrol ederek pişirin. Mısırlar piştikten sonra suyunu süzüp, kenara alın. Sosu için; bir kase içine 1 yemek kaşığı oda ısısında ki tereyağını koyun. Tereyağın üzerine 3-4 yemek kaşığı zeytinyağı, 1 çay kaşığı sarımsak tozu, 1 tatlı kaşığı kırmızı toz biber, 1 çay kaşığı kırmızı pul biber ve 1 çay kaşığı dolusu tuz ekleyip, iyice karıştırın. Daha sonra büyük bir ızgara tavayı ocak üzerine alıp, iyice ısıtın. Isınan tavanın içine haşladığınız mısırları dizin. Mısırları ara ara döndürerek, hafifçe közlenmesini sağlayın. Ardından hazırladığınız sosu fırça yardımı ile közlenen mısırların üzerine sürüp, kısa bir süre daha döndüre döndüre pişirin."
Peynirli Avokado Salatası,salata,avokado çeri domatesi beyaz peynir tuz zeytinyağı,"Avokadoyu boydan uzunlamasına kesin. Avokadoyu sağa sola hareket ettirerek, ikiye ayırın. Ortadaki çekirdeğin üzerine bıçak ile hızlıca vurup, hafifçe oynatıp çıkarın. Avokado kabuğunun kenarından kaşığı sokup sıyırarak, iç kısmını alın. Avokadoları bıçak yardımı ile çok küçük olmayacak şekilde dilimleyin. 8-10 adet çeri domatesi 2-3 parçaya kesin. Kullanacağınız miktarda beyaz peyniri küçük küpler halinde kesin. Dilimlediğiniz avokadoları orta boy geniş bir kap içine koyun. Avokadoların üzerine de kestiğiniz domates dilimlerini yerleştirin. Bu esnada avokado ve domateslerin üzerine damak tadınıza göre tuz serpiştirin. Son olarak salatanın üzerine küçük küpler halinde doğranmış beyaz peynir koyun. Ardından salatanın üzerine zeytinyağı gezdirin."
Renkli Şehriye Salatası,salata,arpa şehriye kırmızı biber konserve mısır kornişon turşu salatalık zeytinyağı dereotu havuç taze soğan limon suyu tuz,"Derin bir tencere içine sıcak su koyun. Üzerine biraz tuz ve sıvıyağ ekleyip, kaynamaya bırakın. Ardından 1 su bardağı arpa şehriye koyup, yumuşayana kadar haşlayın. Ara ara karıştırın ki birbirine yapışmasın. Haşlandıktan sonra arpa şehriyelerin suyunu süzün. Soğuk sudan geçirin. Diğer taraftan 1 adet kırmızı biber, 1 adet salatalık ve 6 adet kornişon turşuyu minik küpler halinde doğrayın. 1 adet havucu rendeleyin. Yarım demet dereotu ve 3 sap taze soğanı ince ince doğrayın. Daha sonra derin bir kaba haşladığınız şehriyeleri koyun. Üzerine doğranmış kırmızı biberleri, kornişon turşuları, konserve mısır ve rendelenmiş havucu ekleyin. İnce ince doğranmış dereotu ve soğanları koyun. Son olarak tuz, yarım çay bardağı zeytinyağ ve yarım limon suyunu ayarlayıp, iyice karıştırın. Hazırladığınız renkli şehriye salatasını servis tabağına koyup, servis edebilirsiniz."
Semizotlu Erişte Salatası,salata,erişte semizotu salatalık kornişon turşu konserve mısır kırık ceviz zeytinyağı sıcak su dereotu yoğurt sarımsak tuz,"Orta boy geniş bir tencere içine 4 yemek kaşığı sıvı yağ dökün. Üzerine 2 su bardağı erişte ekleyin. Eriştenin rengi kahve rengi olana kadar orta ateş üzerinde sürekli karıştırarak, kavurun. Kavrulan eriştenin üzerine 2 su bardağı sıcak su döküp, biraz tuz ekleyin. Tencerenin kapağını kapatıp, kısık ateş üzerinde erişteler suyunu çekip, yumuşayana kadar pişirin. Daha sonra pişen erişteyi birkaç kez karıştırıp, kenarda soğumaya bırakın. Diğer tarafta 1 demet semizotunu ayıklayıp, iyice yıkayın. Ardından bıçak yada eliniz ile küçük küçük kesin. Soğuyan erişteyi derin bir kap içine koyun. Eriştelerin üzerine semizotlarını ekleyin. Daha sonra kaba 1 adet orta boy küçük küçük doğranmış salatalık ve 6 adet küçük küçük doğranmış kornişon turşuyu koyun. Ardından 1 çay bardağı konserve mısır, 2 tutam ince ince doğranmış dereotu ve 5 yemek kaşığı kırık ceviz ekleyin. Diğer tarafta bir kase içine 1 buçuk su bardağı yoğurt, 1-2 diş rendelenmiş sarımsak ve damak tadınıza göre tuz ekleyip, iyice karıştırın. Ardından salata malzemelerinin üzerine dökün. Tüm salata malzemelerinin iyice karışmasını sağlayın."
Semizotlu Makarna Salatası,salata,makarna semizotu domates salatalık kırmızı soğan ceviz beyaz peynir zeytinyağı limon suyu nar ekşisi sumak kırmızı pul biber tuz,"Orta boy derin bir tencereye su koyup, kaynamaya bırakın. Kaynayan suyun içine biraz tuz ve 200 gr makarna ekleyip, güzelce karıştırın. Makarnayı orta kısık ateş üzerinde ara ara karıştırarak, yumuşayana kadar pişirin. Piştikten sonra suyunu süzüp, soğuk sudan geçirin. Ardından geniş bir kap içine koyup, soğumaya bırakın. Yarım demet semizotunu ayıklayıp, iyice yıkayın. Ardından bıçak yada eliniz ile küçük küçük kesin. Daha sonra 1 adet orta boy kırmızı soğanı ay şeklinde ince ince doğrayın. 1 adet büyük boy domates, 1 adet orta boy salatalık ve 100 gr beyaz peyniri küçük küpler şeklinde doğrayın. Haşladığınız makarnayı geniş bir kap içine koyun. Üzerine ayıklayıp, doğradığınız semizotlarını ekleyin. Ardından doğranmış domates, salatalık, kırmızı soğan ve beyaz peyniri ekleyin. Son olarak 4-5 adet cevizi eliniz ile parçalayarak salatanın üzerine koyun. 4-5 yemek kaşığı zeytinyağı, 2 yemek kaşığı nar ekşisi, 2 yemek kaşığı limon suyu, 1 çay kaşığı dolusu sumak, 1 çay kaşığı kırmızı pul biber ve damak tadınıza göre tuz ekleyin. Tüm salata malzemelerini iyice karıştırın."
Acur Turşusu,turşu,acur üzüm sirkesi kaya tuzu limon suyu toz şeker sarımsak çeşme suyu,"1 litre çeşme suyunu kaynatın. Kaynadıktan sonra ocaktan alıp, içine yarım su bardağı üzüm sirkesi ekleyin. Ardından 3 yemek kaşığı kaya tuzu koyun. Daha sonra 1 tatlı kaşığı toz şeker ekleyin. Son olarak yarım limon suyu koyun. Karışımı tuz ve şeker eriyinceye kadar iyice karıştırın. Ardından soğuması için kenara alın. 1 kilo orta büyüklükteki ince acuru iyice yıkayın, iki ucunu da çok derine inmeden kesin. Sivri bir bıçak ya da kürdan yardımı ile acurların 2-3 yerinden delikler açın. 8 diş sarımsağın kabuğunu soyun. Daha sonra 2 ayrı 1 kg lık konserve kavanozların dibine sarımsakları paylaştırın. Ardından acurları kavanoza sıkıca yerleştirin. Başta hazırladığınız turşu suyunu 2 ayrı kavanoza acurların üzerlerine çıkacak şekilde doldurun. Hazırladığınız acur turşusunu güneş görmeyen bir ortamda yaklaşık 10-12 gün kapağını açmadan bekletin."
Ispanaklı Buğday Salatası,salata,buğday ıspanak sarımsak yoğurt tuz ceviz sıvı yağ kırmızı pul biber kırmızı toz biber,"Daha sonra yarım kilo ıspanağı ayıklayıp, iyice yıkayın. Ardından ince ince doğrayın. Ispanakları geniş bir tencere içine alıp, suyunu salıp, çekene kadar pişirin. Suyunu çeken ıspanağı ocaktan alıp, soğumaya bırakın. Azda olsa ıspanak içinde su barındırdığından dolayı eliniz ile suyunu iyice sıkın. Diğer tarafta derin bir kase içine 2 su bardağı yoğurt, 1 diş rendelenmiş sarımsak ve damak tadınıza göre tuz koyun. Tel çırpıcı yardımı ile iyice çırpın. Daha sonra derin bir kap içine haşladığınız buğdayı koyun. Üzerine suyunu sıktığınız ıspanağı ekleyin. Ispanak ve buğdayı güzelce karıştırın. Ardından kaba çırpılmış yoğurdu ekleyin. Tüm salata malzemelerini iyice karıştırın. Son olarak yarım su bardağı cevizi orta kıvamda dövün. Küçük bir tava içine 3 yemek kaşığı sıvı yağ koyun. Üzerine 1 çay kaşığı kırmızı pul biber, 1 çay kaşığı kırmızı toz biber ve dövülmüş cevizi ekleyin. Sürekli karıştırarak, kısa bir süre kavurun. Hazırladığınız ıspanaklı buğday salatasını servis tabağı içine koyup, yayın. Üzerine kavurduğunuz cevizli karışımı döküp, servis edebilirsiniz."
Nohutlu Buğday Salatası,salata,aşurelik buğday nohut kırmızı biber kornişon turşu mısır maydanoz dereotu zeytinyağı limon suyu tuz,"Nohutu akşamdan su içinde bekletin. Ertesi günü nohutu haşlayın. Maydanoz ve dereotunu ince ince doğrayın. Kırmızı biber ve kornişon turşuyu küçük küçük doğrayın. Haşlanmış buğdayı ve nohutu karıştırın. Doğranmış yeşillikleri, kornişon turşu ve közlenmiş kırmızı biberi ekleyin. Mısır, tuz, limon suyu ve zeytinyağı ekleyin. Tüm malzemeleri karıştırın."
Sebzeli Makarna Salatası,salata,patlıcan kabak patates havuç kırmızı kapya biber yeşil biber makarna sıvı yağ yoğurt sarımsak tuz kuru nane kırmızı toz biber,"1 er adet büyük boy kabak, patlıcan, patates ve havucun kabuğunu soyun. Yıkayıp, küçük küpler halinde kesin. 1 adet büyük boy kırmızı kapya biber ve 1 adet yeşil biberin de çekirdeklerini temizleyip, orta büyüklükte küpler halinde kesin. Doğradığınız sebzeleri kızgın yağ içinde kızartıp, havlu kağıt üzerine alın. Yağlarının süzülmesini sağlayın. Çukur bir kap içine kızarttığınız sebzeleri koyun. Sebzelerin üzerine haşladığınız makarnayı ekleyin. Kaşık yardımı ile iyice karıştırın. Daha sonra geniş bir servis tabağı üzerine hazırladığınız sebzeli makarna karışımını koyup, yayın. Yoğurt sosu için; 1 buçuk su bardağı yoğurdu bir kaba koyun. Üzerine 1 diş rendelenmiş sarımsak ve biraz tuz koyup, iyice çırpın. Sebzeli makarna salatasının üzerine çırpılmış yoğurdu gezdirerek, dökün. Son olarak küçük bir tava içine biraz sıvı yağ dökün. Yağın üzerine damak tadınıza göre kuru nane ve kırmızı toz biber, ekleyip, ocak üzerinde biraz kızdırın. Hazırladığınız sebzeli makarna salatasının üzerine kızdırdığınız yağlı karışımdan döküp, servis edebilirsiniz."
Tahinli Patlıcan Salatası,salata,patlıcan süzme yoğurt tahin limon suyu sarımsak maydanoz tuz,"Patlıcanları yıkayıp, bıçak ile birkaç yerinden delin. Yağlı kağıt serili fırın tepsisi içine koyun. Önceden ısıtılmış 200 derece fırında patlıcanları közleyin. Patlıcanları közledikten sonra soğumaya bırakın. Közlediğiniz patlıcanların kabuğunu soyup, bıçak yardımı ile ince ince kıyın. Patlıcanların üzerine 2 yemek kaşığı tahin ekleyin. Ardından 2 yemek kaşığı limon suyu ve 1 diş dövülmüş sarımsak koyun. 2 yemek kaşığı dolusu süzme yoğurt ve damak tadınıza göre tuz da ekleyin. Tüm malzemeleri iyice karıştırın. Son olarak 1 tutam ince ince doğranmış maydanoz koyup, tekrar karıştırın."
Kızarmış Patates Salatası,salata,patates havuç labne peyniri kırmızı biber yoğurt dereotu sıvı yağ,"Patates ve havuçları soyun ve küçük küpler halinde kesin. Kızgın yağ içinde kızartın ve havlu kağıt üzerine alın. Yağlarının süzülmesini sağlayın. Bir kaba labne peyniri, yoğurt ve az miktar tuz ekleyin ve karıştırın. Kızarttığınız patates ve havuçları bir kaba alın ve üzerine labneli karışımı ekleyin. Dereotu, közlenmiş kırmızı biber ve damak tadınıza göre tuz ekleyin ve kaşık yardımı ile karıştırın. Hazırladığınız kızarmış patates salatasını servis tabağına koyun ve servis edebilirsiniz."
Kinoa Salatası,salata,kinoa salatalık havuç çeri domates konserve mısır maydanoz dereotu taze nane limon suyu zeytinyağı tuz,"Kinoa salatası için; öncelikle yarım su bardağı kinoayı soğuk su ile iyice yıkayın. İyice yıkamanız sayesinde kinoa kabuklarının acı tadı gitmiş olucak. Eğer yıkamazsanız tüketirken acı ve buruk bir tatla karşılaşabilirsiniz. Ardından küçük bir tencere içine 1 su bardağı su koyup, kaynamaya bırakın. Kaynayan suyun içine biraz tuz ve yıkadığınız kinoayı ekleyip, karıştırın. Ardından tekrar kaynamaya bırakın. Kaynadıktan sonra ocağın altını kısın. Tencerenin kapağını kapatın. Kısık ateş üzerinde kinoalar suyunu çekip, yumuşayana kadar yaklaşık 15 dakika pişirin. Kinoa piştikten sonra 2-3 kere karıştırıp, oda ısısında soğumaya bırakın. Diğer tarafta 1 adet salatalık ve 3-4 adet çeri domatesi küçük küpler halinde kesin. Yarım demet maydanoz, 2 tutam dereotu ve 2 tutam taze naneyi ince ince doğrayın. 1 adet havucu da rendeleyin. Orta boy derin bir kap içine soğumuş olan kinoayı koyun. Üzerine doğradığınız salatalık, domates, yeşillikler, rendelenmiş havuç ve 1 çay bardağı konserve mısırı ekleyin. Damak tadınıza göre tuz, limon suyu ve zeytinyağı koyup, iyice karıştırın. Hazırladığınız kinoa salatasını servis edebilirsiniz."
Ton Balıklı Makarna Salatası,salata,burgu makarna konserve ton balığı dereotu maydanoz taze soğan mayonez zeytinyağı çeri domatesi tuz,Makarnayı yumuşayana kadar haşlayın. Yeşillikleri ince ince doğrayın. Ton balığını küçük küçük parçalara ayırın. Makarna karışımını karıştırın. Servis edebilirsiniz.
Marul Salatası,salata,Marul Domates Salatalık Kuru Soğan Zeytinyağı Limon Suyu Elma Sirkesi Tuz,"Marul yapraklarını iyice yıkayıp, kurulayın. Marul yapraklarını eliniz ile biraz iri olacak şekilde parçalayarak, koyun. Soğanın kabuğunu soyup, söğüş olarak doğrayın. Marulların üzerine ekleyin. Salatalığı halkalar halinde kesip, salata kabına koyun. Domatesi küçük küpler halinde kesip, kaba ekleyin. Sosu için; küçük bir kase içine damak tadınıza göre zeytinyağı, limon suyu, biraz elma sirkesi ve tuz koyup, iyice karıştırın. İsteğe göre kekik, kırmızı pul biber de ekleyebilirsiniz. Sosu marul salatasının üzerine gezdirip, iyice karıştırın. Hazırladığınız marul salatasını çok fazla bekletmeden servis edebilirsiniz."
Acılı Ezme Mezesi,atıştırmalık,domates salatalık kuru soğan çerliston biber maydanoz biber salçası limon suyu zeytinyağı kırmızı pul biber tuz karabiber,"Domates, kuru soğan, çerliston biber ve salatalığı küçük küçük doğrayın. Maydanozu ince ince kesin. Biber salçası, zeytinyağı ve limon suyunu karıştırın. Doğradığınız sebzeleri karıştırın. Tuz, karabiber ve kırmızı pul biber ekleyin. Ezme mezeyi dinlenmeye bırakın. Servis tabağına koyun."
Arpa Şehriye Salatası,salata,arpa şehriye kırmızı biber havuç salatalık kornişon turşu konserve mısır taze soğan dereotu zeytinyağı limon suyu tuz,"Derin bir tencereye 2,5 su bardağı sıcak su koyun. Üzerine biraz tuz ve sıvıyağ koyun. 1 su bardağı arpa şehriye ekleyip, yumuşayana kadar haşlayın. Ara ara karıştırın ki birbirine yapışmasın. Diğer yandan 1 adet kırmızı biberi, 1 adet salatalığı ve 6 adet kornişon turşuyu minik küpler halinde doğrayın. 1 adet havucu rendenin ince tarafı ile rendeleyin. 6 tutam dereotunu ve 3 sap taze soğanı ince ince doğrayın. Daha sonra haşlanmış olan arpa şehriyelerin suyunu süzün. Soğuk sudan geçirin. Derin bir kaba arpa şehriyeleri koyun. Üzerine doğranmış kırmızı biberleri, kornişon turşuları, konserve mısır ve rendelenmiş havucu ekleyin. İnce ince doğranmış dereotunu ve soğanları koyun. Son olarak tuz, yarım çay bardağı zeytinyağ ve yarım limon suyunu ayarlayıp, iyice karıştırın. Arpa şehriye salatasını servis tabağına koyup, servis edebilirsiniz."
Barbunya Salatası,salata,haşlanmış barbunya göbek salata maydanoz dereotu salatalık kırmızı biber sumak kuru nane zeytinyağı limon suyu tuz,"1/4 göbek salatayı, 2 tutam dereotu ve maydanozu ince ince doğrayın. 1 adet kırmızı biber ve 1 adet salatalığı minik küpler halinde doğrayın. Derin bir kaba 1 su bardağı haşlanmış barbunya koyun. Üzerine doğranmış göbek salata, maydanoz, dereotu, kırmızı biber ve salatalığı ekleyin. Son olarak 1 çay kaşığı sumak, nane, zeytinyağ, limon suyu ve tuz koyup, iyice karıştırın. Hazırladığınız barbunya salatasını servis tabağına alıp, servis edebilirsiniz."
Buğday Cacığı,ana yemek,aşurelik buğday süzme yoğurt sarımsak salatalık su tuz zeytinyağı kırmızı pul biber,"Buğdayı yıkayıp, orta boy bir tencere içine koyun. Üzerini geçene kadar su döküp, kaynamaya bırakın. Kaynadıktan sonra ocağın altını kısıp, yumuşayana kadar haşlayın. Haşlanan buğdayı ocaktan alıp, suyunu süzün. Ardından soğumaya bırakın. Salatalığı yıkayıp, minik küpler halinde kesin. Haşlanmış buğdayı koyun. Üzerine doğranmış salatalık, rendelenmiş sarımsak ve 2 su bardağı çırpılmış süzme yoğurdu ekleyin. Damak tadınıza göre tuz ve 2 su bardağı suyu azar azar döküp, karıştırın. Cacığın su oranını isteğe göre azaltıp, çoğaltabilirsiniz. Hazırladığınız buğday cacığını servis tabağına koyun. Üzerini zeytinyağı ve kırmızı pulbiber ile süsleyerek, servis edebilirsiniz."
Bulgurlu Patates Köftesi,ana yemek,köftelik ince bulgur orta boy patates sıcak su zeytinyağı domates salçası maydanoz rendelenmiş sarımsak tuz kimyon karabiber kırmızı pulbiber,"3 adet orta boy patatesin kabuklarını soyup, tencere içine koyun. Üzerlerini geçecek kadar su dökün. Ocak üzerine alıp, yumuşayana kadar haşlayın. 1,5 su bardağı köftelik ince bulguru derin bir kap içine koyun. Üzerine 1,5 su bardağı kaynar su döküp, karıştırın. Üzerini streç film ile örtüp, yumuşaması için 20 dakika bekletin. Haşladığınız patatesleri rendeleyin. Yumuşayan bulguru 2-3 kere karıştırın. Bulgurun üzerine rendelenmiş patatesleri, 3 tutam ince ince doğranmış maydanoz, 5 yemek kaşığı zeytinyağı, 2,5 yemek kaşığı domates salçası, 1 diş rendelenmiş sarımsak, 2 tatlı kaşığı tuz, damak tadınıza göre kimyon, karabiber ve kırmızı pul biber ekleyip, eliniz ile iyice yoğurun. Son olarak elinizi hafifçe yağlayıp, hazırladığınız bulgurlu patates köftesi karışımından ceviz büyüklüğüne yakın parçalar alın. Avuç içerisinde sıkın."
Cacık,salata,badem (minik salatalık) yoğurt soğuk su sarımsak tuz kuru nane,"Salatalıkları iyice yıkayıp, kurulayın. Daha sonra salatalıkları rendenin ince tarafı ile rendeleyin. Derin bir kaba yoğurdu alın. Tel çırpıcı ile iyice çırpın. Üzerine suyu dökün (suyu kıvamını kendinize göre ayarlamak için azar azar ekleyin, gerekirse arttırın). Ardından rendelenmiş salatalıkları ve sarımsağı ekleyin. Tuzu da ayarlayıp, iyice karıştırın. Hazırladığınız cacığı buzdolabında 30-35 dakika kadar bekletin. Daha sonra cacığın üzerine nane serpiştirerek, soğuk servis edebilirsiniz."
Cevizli Beyaz Lahana Salatası,salata,Lahana Havuç Konserve mısır Yeşil zeytin dolması Ceviz Zeytinyağı Limon suyu Tuz,"Yarım adet küçük boy lahanayı ince ince doğrayın. 1 adet büyük boy havucu rendenin iri tarafı ile rendeleyin. 10 adet yeşil zeytin dolmasını ince halkalar halinde kesin. Derin bir kaba doğranmış lahanayı koyun. Üzerine rendelenmiş havuç, doğranmış zeytinleri, 4 yemek kaşığı konserve mısır ve 1 çay bardağı dövülmüş cevizi ekleyin. Ardından tuz, zeytinyağı, limon suyu ve isteğe göre nar ekşisi ekleyip, iyice karıştırın. Hazırladığınız cevizli beyaz lahana salatasını servis edebilirsiniz."
Cevizli Ispanak Salatası,salata,ıspanak kırmızı soğan ceviz kırmızı biber mozzarella peyniri zeytinyağı limon suyu nar ekşisi tuz,"Ispanakları yıkayıp, iyice kurulayın. Ispanakları irice doğrayın. Soğanı söğüş olarak doğrayın. Kırmızı biberi halkalar halinde kesin. Doğranmış ıspanakları, soğanları, biberleri ve cevizleri karıştırın. Zeytinyağı, limon suyu ya da nar ekşisi ve tuz ile sos hazırlayın. Sosu cevizli ıspanak salatanızın üzerine döküp, iyice karıştırın. Cevizli ıspanak salatanızı servis tabağına koyun. Üzerini ince ince doğranmış mozzarella peyniri ile süsleyerek, servis edebilirsiniz."
Çitlembik Salatası,salata,çitlembik elma sirkesi zeytinyağı tuz,"Çitlembiğin uç kısımlarını biraz kesip, yıkayın. Daha sonra küçük bir tencere içine koyun. Üzerine hafif gelecek kadar su dökün. Yumuşayana kadar haşlayın. Daha sonra haşlanan çitlembiklerin suyunu süzüp, soğumaya bırakın. Servis tabağı içine çitlembikleri dizin. Üzerlerine az miktar tuz serpiştirin. Ardından zeytinyağı ve sirkeyi karıştırıp, üzerlerine dökün. Hazırladığınız çitlembik salatasını 10-15 dakika kadar dinlendirdikten sonra servis edebilirsiniz."
Deniz Börülcesi Salatası,salata,deniz börülcesi sarımsak nar ekşisi elma sirkesi kırmızı pul biber sızma zeytinyağı,"Deniz börülcesini iyice yıkayın. Deniz börülcesini ve 2 diş sarımsağı kaynar suya ekleyip 10 dakika haşlayın. Haşlanan börülceleri soğumaları için süzgece alın. Börülceleri odunsu kısımlarından ayıklayın. Salata sosu için sarımsağı ezin, zeytinyağı, nar ekşisi, elma sirkesi ve pul biber ile karıştırın. Hazırladığınız sosu deniz börülcelerin üzerine döküp servis edebilirsiniz."
Bardakta Acılı Mısır,atıştırmalık,taze süt mısırı tereyağı acılı pul biber acılı sos kırmızı toz biber karabiber tuz,"Mısırların kabuklarını soyun. Çatal yardımı ile tane tane ayıklayın. Tane tane ayıkladığınız mısırları derin bir tencere içine koyup, hafif diri kalacak şekilde haşlayın. Haşladığınız mısırları tencereden alın. Suyu süzgeç yardımıyla süzün. Derin bir kaştırma kabına 1 yemek kaşığı tereyağını koyun. Üzerine 1 yemek kaşığı acı pul biber ilave edin. Bir miktar acı sos dökün. Tuz, kırmızı biber ve karabiber de serpiştirip, son olarak mısırları ekleyin. Kaşık yardımı ile tüm malzemeyi güzelce karıştırın. Acı sos karışımına buladığınız haşlama süt mısırlarını servis edeceğiz bardaklara doldurun."
Ev Yapımı Nar Ekşisi,atıştırmalık,ekşi nar,"3 adet büyük boy ekşi narı derin bir kap içinde tanelerine ayırın. Ayıkladığınız nar tanelerini mutfak robotunun içine koyup, iyice suyunu çıkarın. Ardından ince bir süzgeçten geçirin. Kalan tanelerinin üzerine kaşık ile sıkıca bastırın ki suları iyice çıksın. Çıkan nar suyunu küçük ve derin bir tencere içine koyun. Tencereyi ocak üzerine koyun. Orta ateş üzerinde hafifçe bir koyu kıvam alana kadar yaklaşık 40-45 dakika pişirin. Ara ara karıştırın. Ev yapımı nar ekşisi istenilen kıvama geldiği zaman ocaktan alıp, soğumaya bırakın. Soğuduğu zaman küçük bir şişe içine koyup, buzdolabına koymadan da saklayabilirsiniz."
Garnitürlü Kabak Salatası,salata,orta boy kabak garnitür konserve mısır dereotu yoğurt mayonez sarımsak zeytinyağı tuz,"3 adet orta boy kabağın kabuğunu alacalı soyup, yıkayın. Rendenin iri tarafı ile rendeleyin. Rendelenmiş kabakları orta boy bir tencere içine koyun. Üzerine 2 yemek kaşığı zeytinyağı dökün. Ara ara karıştırarak, suyunu çekene kadar kavurun. Ardından ocaktan alıp, soğumaya bırakın. Daha sonra kavrulmuş kabağı çukur bir kap içine koyun. Üzerine 1 buçuk su bardağı garnitür, yarım su bardağı konserve mısır ve yarım demet ince ince doğranmış dereotu koyun. Ardından 1 buçuk su bardağı çırpılmış yoğurt, 2 yemek kaşığı mayonez, damak tadınıza göre tuz ve 1 diş rendelenmiş sarımsak koyun. Hazırladığınız garnitürlü kabak salatasını iyice karıştırın. Daha sonra servis tabağına alıp, üzerine biraz zeytinyağı gezdirin. Ardından servis edebilirsiniz."
Garnitürlü Patates Salatası,salata,patates garnitür kornişon turşu yoğurt mayonez sarımsak tuz,"Patateslerin kabuğunu soyun, iri küpler halinde kesip, derin bir tencere içine koyun. Üzerlerini geçecek kadar su döküp, yumuşayana kadar haşlayın. Haşlanmış patateslerin suyunu süzüp, üzerine biraz tuz serpiştirin. Çatal yardımı ya da püre ezicisi ile iyice ezip, soğumaya bırakın. Yoğurt, sarımsak ve tuz ile karıştırın. Garnitür, mayonez ve tuz ile karıştırın. Patates püresinin üzerine yoğurtlu karışımı dökün. Üzerine garnitürlü karışımı yayın. Kornişon turşuyu serpiştirin."
Hardal Soslu Brokoli Salatası,salata,brokoli konserve mısır göbek marul kornişon turşu mayonez hardal zeytinyağı nar ekşisi kekik tuz,"1/2 kg brokoliyi çiçeklerine ayırın. Daha sonra derin bir tencereye brokolileri koyun. Üzerine sıcak su döküp, 10 dakika kadar haşlayın. Haşlanan brokolilerin suyunu süzüp, soğumaya bırakın. Soğuyan brokolileri derin bir kaba koyun. Üzerine 8 yaprak göbek marulları ince ince doğrayın. Küpler halinde doğranmış 5 adet kornişon turşu ve 4 yemek kaşığı konserve mısır ekleyin. Diğer yandan küçük bir kaba 1,5 yemek kaşığı mayonez, 1,5 çay kaşığı hardal, 5 yemek kaşığı zeytinyağ, 1 yemek kaşığı nar ekşisi, kekik ve tuz koyup, iyice çırpın. Hardal soslu karışımı salatanın üzerine döküp, iyice karıştırın. Hazırladığınız hardal soslu brokoli salatasını servis edebilirsiniz."
Havuçlu Kuskus Salatası,salata,kuskus makarna havuç kornişon turşu sarımsak sıvıyağ yoğurt tuz,"Orta boy derin bir tencere içine su koyun. Üzerine biraz tuz ekleyin. Tencereyi ocak üzerine alıp, kaynamaya bırakın. Kaynayan suyun içine 1 su bardağı kuskus makarnayı ekleyip, yumuşayana kadar haşlayın. Daha sonra haşlanan kuskus makarnayı süzgeç yardımı ile süzüp, birbirine yapışmasını önlemek için üzerine biraz soğuk su gezdirin. Diğer taraftan 3 adet büyük boy havucu rendeleyin. Geniş bir tava içine 2-3 yemek kaşığı sıvıyağ dökün. Üzerine rendelenmiş havuçları koyun. Yumuşayana kadar sürekli karıştırarak, pişirin. Piştikten sonra ocaktan alıp, soğumaya bırakın. Derin bir kap içine suyu süzülen kuskusları ve pişen havuç rendesini koyun. Üzerine 1 diş rendelenmiş sarımsak, 3 adet orta boy minik küpler halinde doğranmış kornişon turşu, az miktar tuz ve 3 su bardağı yoğurdu ekleyip, iyice karıştırın. Hazırladığınız havuçlu kuskus salatasını 1 saat kadar buzdolabında soğumaya bırakın."
Havuçlu Turp Salatası,salata,havuç turp siyah zeytin maydanoz zeytinyağı limon tuz,"Havuçların ve turpun kabuğunu soyup, rendeleyin. Salata tabağına rendelenmiş havuç ve turpu koyun. Üzerini zeytin ve maydanoz ile süsleyin. Son olarak tuz, zeytinyağı ve limon suyu ekleyin. İyice karıştırın."
Hibeş,atıştırmalık,tahin sarımsak limon kimyon acı kırmızı toz biber tuz,"Limonun suyunu sıkın. Sarımsağın kabuğunu soyup, havanda ezin. Tahin, ezilmiş sarımsak, kimyon, acı kırmızı toz biber ve tuz ile karıştırın. Limon suyunu azar azar döküp, boza kıvamına yakın bir karışım elde edene kadar karıştırın."
Jalapeno Biberli Ton Balıklı Salata,salata,ton balığı jalapeno biber turşusu domates salatalık havuç maydanoz zeytinyağı limon suyu tuz,"2 adet domatesi, 1 adet salatalığı ve 1 adet havucu küpler halinde kesin. 1 tutam maydanozu ince ince doğrayın. Derin bir kaba doğranmış sebzeleri ve maydanozu koyun. Zeytinyağı, limon suyu ve tuz ekleyip, iyice karıştırın. Hazırladığınız salatayı servis tabağına alın. Üzerine 1 kutu ton balığını parçalar halinde koyun. Son olarak 8 dilim jalapeno biberini serpiştirin."
Kabaklı Kuskus Salatası,salata,kuskus makarna küçük boy kabak maydanoz dereotu yoğurt mayonez sarimsak tuz,"Orta boy derin bir tencere içine su koyun. Üzerine biraz tuz ekleyip, kaynamaya bırakın. Kaynayan suyun içine 1 su bardağı kuskus makarnayı ekleyip, yumuşayana kadar haşlayın. Daha sonra haşlanmış olan makarnanın suyunu süzün. Ara ara karıştırarak, ılımaya bırakın. Ardından karıştırma kabının içine koyun. Diğer taraftan 2 adet küçük boy kabağı rendeleyin. Eliniz ile kabakların suyunu iyice sıkıp, kuskus makarnanın üzerine koyun. 1 tutam maydanoz ve yarım demet dereotunu ince ince kıyın. 1 diş rendelenmiş sarımsak, az miktar tuz, kıyılmış maydanoz ve dereotunu da ekleyin. Son olarak 1,5 su bardağı kadar yoğurt ve 1 yemek kaşığı mayonez koyup, iyice karıştırın. Hazırladığınız kabaklı kuskus salatasını 1 saat kadar buzdolabında soğumaya bırakın. Daha sonra üzerini dilediğiniz gibi süsleyerek, servis edebilirsiniz."
Kahvaltılık Közlenmiş Kırmızı Biber Ezmesi,kahvaltı,közlenmiş kırmızı biber domates salçası ceviz sarımsak maydanoz kırmızı pul biber tuz,"Kavanoz közlenmiş kırmızı biberleri mutfak robotunun içine koyun. Üzerine 2 tutam maydanoz, yarım su bardağı ceviz, tuz, kırmızı pul biber, 1 yemek kaşığı domates salçası ve 2 diş sarımsak ekleyin. İyice püre haline getirin. Hazırladığınız kahvaltılık közlenmiş kırmızı biber ezmesini servis tabağına koyun. Üzerini maydanoz ile süsleyerek, servis edebilirsiniz."
