Tarif_Adi,Lemmatized_Metin
Sodalı Köfte,kıyma soğan galeta unu tuz kırmızı toz biber kırmızı pul biber kimyon karabiber kabartma tozu soda
Piliç Topkapı,tavuk but süt karabiber kırmızı toz biber tuz pirinç soğan dolmalık fıstık kuş üzümü tereyağı zeytinyağı tarçın domates salçası su
Tire Şiş Köfte,orta yağlı kıyma tuz karabiber orta boy sivri biber orta boy domates tereyağı tahta çöp şiş
Et Köfte,kıyma yumurta kuru soğan galeta unu kimyon pulbiber karabiber tuz
Şıhıl Mahşi,kabak kıyma nohut soğan sarımsak zeytinyağı maydanoz tuz kimyon karabiber kırmızı toz biber domates salçası ılık su yoğurt rendelenmiş sarımsak
Tavuk Burger,tavuk göğsü tuz sarımsak tozu un hamburger ekmeği marul yumurta süt galeta unu mısır gevreği
Trakya Kapama,pilavlık pirinç tereyağı zeytinyağı soğan kuru nane karabiber kimyon tavuk suyu tuz tavuk baget havuç defne yaprağı tane karabiber su domates salçası
Ev Köftesi,orta yağlı kıyma orta boy kuru soğan yumurta büyük diş sarımsak bayat ekmek içi maydanoz kimyon karabiber kırmızı toz biber karbonat tuz
Macar Kebabı,kuşbaşı doğranmış et patlıcan patates haşlanmış bezelye domates sarımsak zeytinyağı rendelenmiş kaşar peynir tuz karabiber beşamel so i̇çin üzeri i̇çin
Sucuklu Nohut Yemeği,kuru nohut sucuk soğan sarımsak domates salçası biber salçası zeytinyağı sıcak su tuz
Tavuklu Şehzade Kebabı,kuşbaşı doğranmış tavuk kalça eti soğan yeşil biber sarımsak domates salçası ılık su zeytinyağı patlıcan tuz karabiber kırmızı pul biber domates biber
Fırında Patates Yemeği,patates soğan sivri biber domates sarımsak zeytinyağı su karabiber kırmızı pul biber kekik kimyon köri tuz
Ballı Susamlı Tavuk,tavuk göğüs eti yumurta mısır nişastası sıvı yağ susam ketçap soya sosu limon suyu toz şeker bal sarımsak tuz karabiber
Cacıklı Arap Köftesi,köftelik ince bulgur kıyma sıcak su soğan un karabiber tuz tereyağı kırmızı toz biber kırmızı pul biber ıspanak zeytinyağı süzmeye yoğurt sarımsak
Çıtır Tavuk Kanatları,tavuk kanadı kırmızı pul biber kırmızı toz biber köri sarımsak tozu tuz süt un nişasta galeta unu
Dalyan Köfte,kıyma yumurta galeta unu soğan maydanoz tuz kimyon karabiber garnitür yumurta yumurta akı domates salçası su
Elbasan Tava,kuşbaşı doğranmış et soğan yeşil biber tere yağı sarımsak kekik karabiber tuz yumurta sarısı un süzme yoğurt et suyu
Fırında Beşamel Soslu Kıymalı Karnabahar,küçük boy karnabahar kıyma soğan büyük boy havuç zeytinyağı tuz karabiber beşamel so i̇çin tereyağı un süt üzeri i̇çin rendelenmiş kaşar peynir
Fırında Et Yemeği,kırmızı et soğan patates kırmızı kapya biber çarliston biber domates salçası yoğurt zeytinyağı kekik kırmızı pul biber karabiber tuz
Fırında Karnabahar Yemeği,karnabahar kıyma soğan yumurta galeta unu maydanoz tuz karabiber kimyon kekik domates sarımsak tere yağı un süt kaşar peynir
Fırında Pırasa,pırasa yumurta mısır unu süt sıvıyağ kabartma tozu tuz
Fırında Tavuk Baget,tavuk baget patates havuç soğan su domates salçası zeytinyağı yoğurt sarımsak karabiber köri kimyon kekik acı kırmızı toz biber tuz
Fırında Tavuk Şiş,tavuk göğsü yoğurt zeytinyağı domates salçası çeri domates kırmızı biber yeşil biber kekik kimyon kırmızı pul biber tuz
İç Pilavlı Tavuk Dolması,tavuk pilavlık pirinç soğan tereyağı dolmalık çam fıstığı kuş üzümü limon tuz karabiber yoğurt domates salçası
Kabak Kebabı,kabak domates sivri biber kıyma soğan sarımsak maydanoz galeta unu tuz karabiber kırmızı pul biber domates salçası ılık su zeytinyağı
Katıklı Dolma,kabak ince köftelik bulgur kıyma kuru soğan biber salçası kuru reyhan zeytinyağı sıcak su tuz kimyon karabiber kırmızı pul biber yoğurt sarımsak tere yağı domates salçası
Kavurma,yağlı kuşbaşı dana eti soğan sarımsak taze biberiye taze kekik defne yaprağı kimyon kırmızı toz biber tuz
Köfteli Şehzade Kebabı,patlıcan soğan sarımsak sivri biber biber salçası domates sıvı yağ kıyma yumurta galeta unu kimyon karabiber kekik tuz
Lokanta Usulü Taze Fasulye,taze fasulye kuşbaşı et soğan sarımsak domates domates salçası zeytinyağı sıcak su tuz
Mercan Kebabı,tavuk kıyması çekilmiş kuyruk yağı galeta unu kapya biber kuru soğan tuz karabiber kekik kimyon kırmızı toz biber sıvı yağ
Patates Püresinde Tavuk Sote,kemiksiz tavuk pirzola orta boy soğan kırmızı kapya biber yeşil biber domates salçası zeytinyağı su köri kekik kimyon karabiber kırmızı toz biber tuz patates tereyağı rendelenmiş kaşar peynir rendelenmiş kaşar peynir üzeri
Sebzeli Fırın Tava,kıyma patlıcan patates sivri biber kırmızı kapya biber soğan domates domates salçası zeytinyağı ılık su tuz karabiber
Seftali Kebabı,kuzu gömleği kıyma soğan maydanoz tuz karabiber kimyon
Soslu Tavuk Kızartması,tavuk göğsü un nişasta kabartma tozu süt zeytinyağı kırmızı toz biber köri tuz karabiber
Sulu Et Kavurma,kuşbaşı dana eti soğan sarımsak zeytinyağı tere yağı sıcak su tuz
Tavada Tavuk Pirzola,tavuk pirzola yoğurt zeytinyağı domates salçası sarımsak kırmızı pul biber karabiber kekik kimyon tuz
Tavuk Kalamar,tavuk göğsü karabiber tuz kekik köri sarımsak tozu kırmızı pul biber yumurta soda tuz un karbonat
Tavuk Kroket,tavuk göğsü soğan sarımsak ekmek içi yumurta kırmızı toz biber kekik karabiber tuz yumurta galeta unu un karabiber
Tavuklu Parmak Kebabı,kuşbaşı doğranmış tavuk göğsü orta boy patates küçük boy patlıcan yeşil biber orta boy domates soğan sarıkmsak domates salçası su tuz karabiber
Tavuklu Sultan Kebabı,yufka kuşbaşı tavuk eti haşlanmış bezelye patlıcan biber salçası soğan tereyağı zeytinyağı tuz karabiber un süt kaşar peynir
Tavuklu Tepsi Kebabı,tavuk pirzola patates patlıcan kırmızı kapya biber yeşil biber domates soğan sarımsak domates salçası su tuz karabiber kekik kırmızı toz biber kimyon
Acem Köftesi,patates kuru soğan domates salçası biber salçası tereyağı haşlanmış nohut kuru reyhan zeytinyağı sıcak su tuz köftesi
Bamya Yemeği,taze bamya domates kuru soğan biber salçası sarımsak yeşil biber limon suyu zeytinyağı sıcak su tuz karabiber kırmızı pul biber
Biber Dolması,dolmalık biber domates kıyma soğan sarımsak pirinç domates salçası maydanoz zeytinyağı tuz kuru nane kimyon karabiber biber salçası su
Cafe De Paris Soslu Tavuk,tavuk göğsü zeytinyağı sirke sarımsak kekik karabiber kimyon tereyağı sıvı krema hardal zerdeçal köri rokfor peyniri dereotu tuz
Ciğer Sote,dana ciğeri soğan kırmızı kapya biber yeşil biber zeytinyağı kimyon kırmızı toz biber karabiber tuz
Etli Nohut,kuşbaşı doğranmış et haşlanmış nohut tereyağı soğan domates salçası sıcak su tuz karabiber
Etli Taze Börülce Yemeği,taze börülce kuşbaşı et soğan domates sarımsak domates salçası zeytinyağı sıcak su tuz
Ev Usulü Fırında Urfa Kebap,koyun kuzu kıyması soğan sarımsak çerliston biber domates kırmızı toz biber karabiber tuz
Fırında Ballı Tavuk Kanat,tavuk kanat zeytinyağı süzme bal nar ekşisi kırmızı toz biber kırmızı pul biber karabiber kekik sarımsak tozu tuz
Fırında İç Pilavlı Bütün Tavuk,bütün tavuk pilavlık pirinç tavuk suyu tereyağı limon tavuk ciğeri tuz karabiber yoğurt domates salçası
Fırında Kıymalı Patates Yemeği,patates kıyma soğan yeşil biber domates domates salçası zeytinyağı tuz karabiber
Fırında Köfteli Patates Yemeği,patates çeri domates yeşil biber kırmızı biber kıyma soğan sarımsak yumurta galeta unu tuz karabiber kekik kimyon domates salçası su zeytinyağı
Fırında Patlıcan Kebabı,patlıcan kıyma soğan maydanoz tuz nane kekik kimyon karabiber domates yeşil biber sıvıyağ
Fırında Sebzeli Köfte,patates patlıcan kırmızı kapya biber sivri biber havuç sarımsak kıyma soğan yumurta galeta unu domates salçası biber salçası zeytinyağı su
Fırında Sebzeli Tavuk Yemeği,tavuk bageti patates havuç soğan bezelye domates salçası zeytinyağı karabiber köri kimyon kekik acı kırmızı toz biber tuz
Fırında Tavuk Pirzola,kemikli tavuk pirzola orta boy patates arpacık soğan sarımsak yeşil biber küçük boy domates domates salçası zeytinyağı karabiber köri kimyon kekik tuz
Hamburger Köftesi,kıyma yumurta ketçap üzüm pekmezi hardal galeta unu kekik sarımsak tozu karabiber kimyon tuz
Haşlanmış Tavuk Kavurması,tavuk but sarımsak zeytinyağı kırmızı toz biber kırmızı pul biber kimyon kekik karabiber tuz
İslim Kebabı,patlıcan kıyma yumurta soğan galeta unu tuz karabiber kekik kimyon nane domates biber domates salçası su
Kıymalı Bulgurlu Sulu Köfte,kıyma köftelik ince bulgur un kimyon karabiber tuz haşlanmış nohut domates salçası soğan zeytinyağı sıcak su
Köfteli Patlıcan Oturtma,patlıcan domates sıvı yağ kıyma soğan sarımsak kırmızı toz biber karabiber kekik karbonat tuz domates salçası biber salçası ılık su
Lokanta Usulü Kavurma,kuşbaşı dana eti havuç soğan tereyağı zeytinyağı sıcak su tuz
Mantarlı Köri Soslu Tavuk,kemiksiz tavuk pirzola kültür mantarı kırmızı kapya biber yeşil biber zeytinyağı soğuk süt tere yağı un köri karabiber tuz
Nohut Yemeği,nohut soğan sarımsak zeytinyağı domates salçası tuz karabiber
Piliç Tava,tavuk incik zeytinyağı kırmızı toz biber karabiber kimyon tuz
Saksı Kebabı,bostan patlıcanı kuşbaşı doğranmış et soğan domates maydanoz sivri biber sarımsak tuz karabiber kekik kimyon sıvı yağ
Sebzeli Yahni,kuşbaşı doğranmış et orta boy patates orta boy havuç arpacık soğan domates salçası sarımsak zeytinyağı tuz karabiber kimyon
Sultan Kebabı,yufka kuşbaşı et bezelye patlıcan biber salçası soğan tereyağı tuz karabiber un süt kaşar peynir
Tavada Domates Soslu Köfte,köftelik kıyma soğan yumurta sarımsak galeta unu maydanoz tuz karabiber kimyon domates tereyağı rendelenmiş kaşar peynir
Tavada Soslu Çıtır Tavuk,tavuk göğsü yoğurt biber salçası kekik kırmızı pul biber karabiber köri tuz un yumurta sıvı yağ
Tavuk Burger Köftesi,tavuk göğsü tuz sarımsak tozu un yumurta süt mısır gevreği galeta unu
Tavuklu Bamya,taze bamya tavuk göğsü kuru soğan domates havuç sarimsak domates salçası zeytinyağı limon suyu sıcak su tuz
Tavuklu Mantar Sote,kuşbaşı doğranmış tavuk but eti kültür mantarı orta boy soğan yeşil biber kırmızı kapya biber orta boy domates zeytinyağı tuz karabiber kekik
Tencerede Etli Patlıcan Yemeği,kuşbaşı doğranmış et patlıcan yeşil biber domates soğan sarımsak domates salçası zeytinyağı tuz karabiber
Tepsi Kebabı,kıyma soğan sarımsak maydanoz domates yeşil biber domates salçası su tuz kimyon karabiber kırmızı pul biber
Yoğurt Soslu Tavuk,kemiksiz tavuk pirzola yoğurt hardal zeytinyağı domates salçası köri kimyon kırmızı toz biber tuz
Anne Köftesi,köftelik kıyma kuru soğan yumurta sarımsak galeta unu domates salçası maydanoz kırmızı toz biber kırmızı pul biber karabiber kimyon tuz
Beşamel Soslu Buğu Kebabı,kuşbaşı et kuru soğan havuç patates kırmızı biber bezelye sarımsak tuz karabiber beşamel sosu i̇çin tereyağı beşamel sosu i̇çin un beşamel sosu i̇çin süt üzeri i̇çin rendelenmiş kaşar peynir
Bohça Kebabı (Manisa Kebabı),kuşbaşı doğranmış et orta boy soğan orta boy domates yeşil biber haşlanmış bezelye tuz karabiber kırmızı toz biber süt un yumurta tuz sıvı yağ tereyağı un süt
Etli Bamya,bamya kuşbaşı et kuru soğan domates sarımsak domates salçası zeytinyağı limon suyu sıcak su tuz
Etli Kuru Fasulye,kuşbaşı doğranmış et haşlanmış kuru fasulye kuru soğan sarımsak çerliston biber domates salçası biber salçası zeytinyağı tuz karabiber
Ev Yapımı Nugget,tavuk kıyması tuz karabiber un zeytinyağı köri kimyon yumurta galeta unu un sıvıyağ
Fırında Bütün Tavuk Kızartması,tavuk limon tuz yoğurt domates salçası
Fırında Köfteli Sebze Dizmesi,kıyma soğan yumurta maydanoz galeta unu tuz karabiber patlıcan kabak patates domates yeşil biber domates salçası zeytinyağı
Fırında Patlıcan Musakka,patlıcan kıyma soğan sarımsak domates sivri biber zeytinyağı tuz karabiber
Fırında Pirinçli Köfte,kıyma pirinç soğan maydanoz domates salçası galeta unu yumurta patates tuz karabiber domates yeşil biber
Fırında Sebzeli Misket Köfte,köftelik kıyma soğan yumurta galeta unu tuz karabiber kekik kimyon patates havuç arpacık soğan sivri biber domates bezelye domates salçası sıcak su kırmızı pul biber
Karışık Sebzeli Musakka,kıyma patlıcan patates domates soğan sarımsak kırmızı kapya biber yeşil biber zeytinyağı domates salçası maydanoz tuz karabiber
Kayseri Yağlaması,ılık su zeytinyağı tuz un kıyma soğan sivri biber domates domates salçası biber salçası zeytinyağı sıcak su karabiber kırmızı pul biber
Köfteli İskender Kebabı,köftelik kıyma küçük boy yumurta küçük boy soğan galeta unu maydanoz yoğurt domates püresi tereyağı sivri biber pide tuz karabiber kekik kimyon
Elbistan Tava (Maraş Yöresi),kuşbaşı kuzu eti patlıcan domates soğan sarımsak kırmızı biber yeşil biber tereyağı kaşar peynir tuz karabiber
Patates Püreli Tavuk Sote,tavuk göğsü tere yağı zeytinyağı soğan sarımsak kapya biber yeşil biber tuz kimyon köri patates süt rendelenmiş kaşar peynir
Et Kavurma,kuşbaşı doğranmış dana eti küçük boy kuru soğan sarımsak zeytinyağı tuz
Saray Usulü Kıymalı Çılbır,yumurta kıyma soğan kırmızı biber maydanoz su tuz sirke yoğurt zeytinyağı kırmızı pul biber
Sodalı Tavuk Şinitzel,tavuk fileto soda süt tuz kimyon köri kekik yumurta un galeta unu
Sulu Köfte,kıyma kısırlık bulgur sarıkmsak un patates kuru soğan sıvı yağ domates salçası tuz karabiber kırmızı pul biber
Sütlü Köfte,orta yağlı kıyma soğan sarımsak süt galeta unu karbonat tuz kekik kırmızı pul biber kimyon karabiber
Tavada Izgara Tavuk,kemiksiz pirzola tavuk yoğurt biber salçası zeytinyağı köri kimyon tuz
Tavada Tavuk Kanat,tavuk kanat su zeytinyağı pul biber tuz kimyon karabiber
Tavuklu Karnabahar Sote,karnabahar kuşbaşı tavuk eti domates salçası soğan sarımsak kırmızı biber yeşil biber tuz karabiber zeytinyağı
Tavuklu Karnıyarık,tavuk göğsü patlıcan soğan sivri biber domates sarımsak maydanoz kekik tuz karabiber sıvıyağ
Tavuk Pane,tavuk göğsü fileto süt zeytinyağı tuz sıvı yağ galeta unu sade mısır gevreği kimyon köri zerdeçal kekik kırmızı toz biber
Tencerede Köfteli Karnabahar Yemeği,karnabahar kıyma soğan maydanoz patates havuç pirinç domates salçası tereyağı zeytinyağı tuz karabiber
Tencerede Sebzeli Tavuk Yemeği,tavuk incik patates havuç soğan domates yeşil biber sarımsak domates salçası tuz karabiber
Yoğurtlu Semizotu Yatağında Bulgur Köftesi,semizotu yoğurt sarımsak tuz ince bulgur sıcak su un irmik biber salçası kimyon karabiber tuz su biber salçası domates salçası zeytinyağı kırmızı pul biber domates
Zade Kebabı,kuşbaşı doğranmış et uzun kemer patlıcan orta boy patates orta boy soğan yeşil biber orta boy domates sarımsak domates salçası zeytinyağı tuz karabiber rendelenmiş kaşar peynir
Ciğer Sarma,kuzu gömleği kuzu ciğer pirinç kuş üzümü zeytinyağı tuz karabiber kimyon yumurta sarısı
Et Şinitzel,dilim dana eti yumurta un galeta unu tuz karabiber
Fırında İzmir Köfte,köftelik kıyma yumurta kuru soğan maydanoz galeta unu tuz karabiber kekik kimyon patates domates salçası ılık su sıvı yağ domates biber
Fırında Tavuk Tava,tavuk kalça patates domates soğan sivri biber zeytinyağı domates salçası su sarımsak karabiber kırmızı toz biber kekik kırmızı pul biber tuz
Karnabahar Yemeği,karnabahar soğan havuç domates salçası zeytinyağı tuz
Köfte Mantolu Patlıcan,patlıcan kıyma soğan galeta unu sarımsak tuz karabiber kekik kimyon kırmızı toz biber
Lepe Yemeği,pilavlık bulgur kuru soğan patates yeşil biber domates zeytinyağı domates salçası biber salçası tavuk suyu tuz kırmızı pul biber
Sebzeli Et Sote,kuşbaşı et patates havuç domates kuru soğan yeşil biber kırmızı biber sarımsak zeytinyağı tuz karabiber kekik domates salçası
Sulu Patates Yemeği,patates kıyma soğan sarımsak domates salçası zeytinyağı tuz karabiber
Tavuk Izgara,tavuk göğsü yoğurt biber salçası zeytinyağı köri kimyon tuz
Tavuk Pirzola,tavuk pirzola patates domates salçası yoğurt zeytinyağı karabiber köri kimyon kekik tuz
Akçaabat Köftesi,köftelik kıyma yumurta sarısı toz şeker kimyon kırmızı pul biber sarımsak tuz karabiber
Beşamel Soslu Ispanaklı Krep,ıspanak soğan zeytinyağı tuz karabiber süt un yumurta sıvı yağ tereayağı un süt
Fırında Kıymalı Patates Dizmesi,patates kıyma soğan yeşil biber domates domates salçası zeytinyağı su tuz karabiber
Fırında Kuzu Gerdan,kuzu gerdan patates soğan sarımsak tereyağı zeytinyağı su domates salçası kekik kırmızı toz biber karabiber tuz
Fırında Patatesli Tavuk But Yemeği,tavuk but patates domates salçası yoğurt sıvıyağ sarımsak tuz kekik kimyon köri kırmızı pulbiber
Fırında Soslu Tavuk Kanat,tavuk kanat yoğurt domates salçası zeytinyağı sarımsak kırmızı pul biber kekik tuz karabiber
Izgara Köfte,orta yağlı kıyma kuru soğan galeta unu tuz kırmızı toz biber kırmızı pul biber kimyon karabiber karbonat maden suyu
Köfte Ekmek,baston ekmek kuru soğan domates maydanoz tuz kıyma sarımsak galeta unu maden suyu karbonat kekik kırmızı pul biber kimyon karabiber
Kuzu Külbastı,kuzu külbastı zeytinyağı kekik biberiye tuz karabiber
Tavuklu Ali Nazik,tavuk eti zeytinyağı yeşil biber domates domates salçası tuz karabiber patlıcan yoğurt sarımsak
Tencerede Etli Kuru Fasulye,fasulye kuşbaşı doğranmış et kuru soğan zeytinyağı tereyağı tepelemedomates salçası tuz
Zeytinyağlı Kapuska,lahana soğan kırmızı biber yeşil biber domates sarımsak domates salçası biber salçası sıcak su zeytinyağı tuz karabiber
Fırında Kadınbudu Köfte,dana kıyma pirinç yumurta soğan maydanoz tuz karabiber kırmızı pul biber kırmızı toz biber yumurta galeta unu
Frenk Tavası,büyük boy domates kuzu kıyması küçük boy soğan küçük boy kırmızı kapya biber domates salçası kırmızı pul biber tuz karabiber su zeytinyağı
Mirik Köfte,köftelik bulgur sıcak su yumurta un kimyon kırmızı pul biber tuz karabiber yoğurt sarımsak tere yağı kırmızı toz biber
Sarımsaklı Köfte,ince bulgur sıcak su un irmik biber salçası kimyon karabiber tuz yoğurma suyu sarık domates biber salçası domates salçası zeytinyağı kırmızı pul biber tuz maydanoz
Tavuk Döner,kemiksiz fileto tavuk göğsü kuru soğan domates salçası biber salçası yoğurt zeytinyağı kimyon kekik tuz
Buzluktan Çıkan Dolmalık Biber İle Biber Dolması,dolmalık biber kıyma soğan sarımsak pirinç domates salçası maydanoz zeytinyağı domates tuz kuru nane kimyon karabiber biber salçası su
Islama Köfte,köftelik kıyma yumurta soğan sarımsak galeta unu maydanoz ekmek tereyağı kırmızı toz biber su tuz karabiber kekik kimyon
Kabak Oturtma,büyük boy kabak kıyma orta boy soğan sarımsak yeşil biber orta boy domates domates salçası zeytinyağı su tuz karabiber
Tavuklu Krep Kebabı,kuşbaşı doğranmış tavuk göğsü mantar soğan zeytinyağı tuz karabiber un süt yumurta sıvı yağ tereayağı rendelenmiş kaşar peynir
Acılı Tavuk Sote,tavuk göğsü soğan zeytinyağı acı kırmızı biber yeşil biber kırmızı biber kırmızı toz biber kimyon tuz köri
Bahçıvan Kebabı,kuşbaşı et kuru soğan haşlanmış bezelye patates kabak patlıcan kapya biber sivri biber domates domates salçası maydanoz dereotu tuz karabiber kekik
Beğendili Enginar,büyük boy enginar kuşbaşı doğranmış et domates salçası süt un tereyağı konserve közlenmiş patlıcan rendelenmiş kaşar peynir tuz karabiber
Beşamel Soslu Domatesli Köfte,kıyma soğan yumurta galeta unu maydanoz domates nane kekik kimyon tuz karabiber tere yağı un süt
Beşamel Soslu Tavuk Fileto,tavuk göğsü zeytinyağı kırmızı pul biber kekik kimyon köri tuz beşamel so i̇çin
Biberli Fındık Mantar Sote,fındık mantar sivri biber domates maydanoz karabiber tuz
Bodrum Kebabı,biftek bonfile patates yoğurt tuz kekik kırmızı pul biber et marinesi i̇çin soğan et marinesi i̇çin sarımsak et marinesi i̇çin zeytinyağı et marinesi i̇çin sirke domates sosu i̇çin domates domates sosu i̇çin domates salçası domates sosu i̇çin zeytinyağı domates sosu i̇çin tuz
Cevizli Ciğer Sote,kuşbaşı doğranmış ciğer un orta dövülmüş ceviz kırmızı pul biber kekik kimyon tuz
Çıtır Soğan Halkaları,soğan maden suyu un mısır nişastası yumurta tuz karabiber kırmızı toz biber galeta unu sıvıyağ
Domates Soslu Izgara Köfte,kıyma galeta unu yumurta soğan tuz karabiber kekik kimyon domates tere yağı sarımsak kesme şeker
Düdüklü Tencerede Kuzu Tandır Kebabı,kuzu eti soğan karabiber su tuz
Enginarlı Mantar Kavurması,enginar mantar zeytinyağı soğan sarımsak domates limon suyu karabiber kişniş toz zencefil toz zerdeçal
Et Nasıl Kavrulur,kuşbaşı doğranmış et soğan tuz kekik karabiber
Etli Biber Dolması,dolmalık biber kıyma soğan pirinç biber domates salçası zeytinyağı domates tuz kuru nane karabiber
Etli Kırmızı Biber Dolması,kırmızı dolmalık biber kıyma soğan pirinç biber domates salçası zeytinyağı domates tuz kuru nane karabiber
Etli Patates Dolması,patates kuşbaşı et soğan domates sivri biber sarıkmsak tuz kekik kimyon pul biber karabiber sıvıyağ
Etli Taze Patlıcan Dolması,patlıcan kıyma soğan pirinç biber domates salçası zeytinyağı domates tuz kuru nane karabiber
Et Nasıl Mühürlenir,antrikot zeytinyağı soya sosu kekik kimyon kırmızı toz biber tuz sarımsak tozu sarımsak
Et Yemeği,kuşbaşı kavrulmuş dana eti arpacık soğan patates haşlanmış bezelye havuç domates salçası zeytinyağı tuz karabiber
Ev Usulu Kıymalı Lahmacun,su ılık süt yaş maya zeytinyağı yumurta un toz şeker tuz kıyma soğan domates maydanoz tuz karabiber
Fırında Beşamel Soslu Köfte,kıyma yumurta soğan galeta unu maydanoz kekik karabiber kimyon tuz tereayağı un süt
Fırında Beyaz Peynirli Kabak Dilimleri,taze kabak ezine peynir maydanoz dereotu zeytinyağı kırmızı pul biber
Fırında Ciğer Sote,ciğer zeytinyağı kırmızı pul biber kekik kimyon
Fırında Etli Kağıt Kebabı,kuşbaşı doğranmış et havuç patates bezelye arpacık soğan domates domates salçası su zeytinyağı tuz karabiber kekik
Kaşarlı Köfte,kıyma soğan galeta unu yumurta maydanoz kaşar peyniri kekik karabiber kimyon tuz
Fırında Kaşarlı Şakşuka,patates kabak patlıcan kırmızı biber yeşil biber domates soğan sarımsak kesme şeker tereyağı tuz karabiber sıvıyağ kaşar peynir
Fırında Kıymalı Kabak Musakka,kabak kıyma soğan domates biber salçası sarımsak karabiber kimyon tuz sıvıyağ
Fırında Kremalı Patates Püreli Köfte,kıyma soğan galeta unu tuz karabiber kimyon kekik patates rendelenmiş kaşar peynir kırmızı toz biber tereyağı un süt kreması süt rendelenmiş kaşar peynir üzeri
Fırında Mısır Gevrekli Tavuk Baget,tavuk baget yumurta mısır gevreği tuz kırmızı toz biber kimyon kekik köri
Fırında Patatesli Tavuk İncik,tavuk incik patates yoğurt kekik kimyon karabiber kırmızı toz biber köri tuz domates yeşil biber
Fırında Patlıcan Oturtma,bostan patlıcanı kıyma soğan sarımsak biber salçası domates salçası domates zeytinyağı tuz karabiber
Fırında Peynirli Cevizli Mantar Dolması,iri mantar dövülmüş ceviz beyaz peynir dereotu pulbiber
Fırında Salçalı Et Yemeği,biftek antrikot patates soğan sarımsak domates salçası su tuz zeytinyağı
Fırında Soslu Tavuk,kemiksiz tavuk incik patates domates biber dilimleri domates salçası yoğurt rendelenmiş soğan suyu zeytinyağı kimyon karabiber kekik tuz
Fırında Tavuk Şinitzel,tavuk fileto zeytinyağı kimyon köri yumurta galeta unu tuz
Galeta Unlu Tavuk But Kızartması,tavuk but yumurta tuz köri kimyon kırmızı toz biber galeta unu
Garnitürlü Hasanpaşa Köfte,kıyma soğan galeta unu tuz kimyon kekik karabiber garnitür kaşar peynir tereyağı un süt yumurta maydanoz domates salçası
Hünkar Beğendi Kebabı,kuşbaşı doğranmış et soğan domates salçası sarımsak tuz karabiber süt un tereyağı konserve közlenmiş patlıcan rendelenmiş kaşar peynir
İnegöl Köfte,köftelik kıyma kuru soğan galeta unu sıvı yağ su karbonat limon suyu tuz
Ispanak Yatağında Et Sote,kuşbaşı doğranmış kuzu eti tereyağı tuz kekik ispanak beğendisi i̇çin ispanak yatağında et sote
Kemikli Kuzu Etli Yahni (Çayırlı),kemikli kuzu eti taze soğan maydanoz taze nane dereotu zeytinyağı domates salçası tuz karabiber
Kestane Mantar Sote,kestane mantarı soğan dolmalık kırmızı biber sarı dolmalık biber zeytinyağı tuz karabiber
Kıymadan Yaprak Döner,kıyma soğan sarımsak yoğurt irmik tuz karabiber kırmızı pul biber kimyon kekik
Kıymalı Fellah Köftesi,ince bulgur sıcak su irmik yumurta soğan domates salçası biber salçası un karabiber kimyon tuz kıymalı sosu i̇çin kıyma sıvıyağ tereyağ domates salçası biber salçası yeşil biber soğan sarımsak maydanoz yoğurt sosu i̇çin yoğurt sarımsak
Kıymalı Kabak Yemeği,kıyma kabak çerliston biber soğan sarımsak domates salçası zeytinyağı sıcak su dereotu tuz karabiber
Kıymalı Mantar Sote,kıyma kültür mantarı domates domates salçası soğan maydanoz zeytinyağı tuz karabiber
Kıymalı Nohut Yemeği,haşlanmış nohut kıyma soğan yeşil biber domates salçası tere yağı zeytinyağı kimyon tuz karabiber
Kıymalı Patatesli Bezelye Yemeği,bezelye kıyma patates havuç soğan domates salçası zeytinyağı tuz karabiber
Kıymalı Taze Bezelye Yemeği,kıyma taze bezelye domates soğan patates sarımsak biber salçası zeytinyağı sıcak su tuz
Köfteli Karnıyarık,kemer patlıcan kıyma orta boy domates soğan garnitür biber salçası yumurta galeta unu maydanoz tuz karabiber kekik kimyon fesleğen sıvıyağ
Köfteli Mantar Yemeği,mantar domates yeşil biber soğan zeytinyağı köftelik kıyma yumurta ekmek içi sarımsak maydanoz tuz kimyon karabiber kuru nane kekik
Köri Soslu Tavuk Sote,kuşbaşı doğranmış tavuk göğüsü süt un köri baharatı tuz tereyağı
Kremalı Biberli Tavuk Yemeği,tavuk eti kırmızı biber yeşil biber süt kreması zeytinyağı tuz kekik kimyon kırmızı pul biber köri
Kremalı Soğanlı Tavuk Yemeği,tavuk göğsü soğan kırmızı acı biber zeytinyağı acı so süt kreması kimyon tuz karabiber
Kuru Börülce Yemeği,kuru börülce soğan yeşil biber havuç domates salçası sıcak su kesme şeker tuz
Kuru Köfte,köftelik kıyma yumurta soğan zeytinyağı galeta unu maydanoz tuz karabiber kekik kimyon
Lokum Et,antrikotbonfile tere yağı zeytinyağı kimyon kırmızı toz biber karabiber kaya tuzu
Mantarlı Tavuk Yemeği,tavuk göğüsü mantar sivri biber domates salçası zeytinyağı sıcak su kimyon tuz karabiber
Milföylü Tavuk Baget,tavuk baget kare milföy kekik kimyon kırmızı toz biber tuz yumurta sarısı susam çörek otu
Misket Köfteli Enginar,enginar kıyma soğan galeta unu domates salçası zeytinyağı su tuz karabiber kekik nane kaşar peyniri
Nohutlu Keşkek,buğday kuşbaşı doğranmış et haşlanmış nohut tere yağı soğan domates salçası ılık süt tuz karabiber zeytinyağ
Patatesli Dana İncik Haşlama,dana incik kuru soğan sarımsak patates havuç çerliston biber domates salçası zeytinyağı tuz karabiber
Arnavut Ciğeri,kuşbaşı doğranmış ciğer patates kuru soğan maydanoz zeytinyağı un ciğer baharatları sıvıyağ
Patates Püresi,patates süt tereyağı kaşar peyniri tuz
Pideli Etli Kebap,kuşbaşı et tırnak pidesi domates salçası tere yağı tuz karabiber
Pratik Ali Nazik,patlıcan konserveközlenmiş patlıcan kıyma soğan yoğurt sıvıyağ kırmızı toz biber tuz karabiber sarımsak
Sandal Sefası,kabak kıyma soğan domates sarımsak dereotu zeytinyağı karabiber tuz tereyağı un süt rendelenmiş kaşar peyniri
Sebzeli Şiş Köfte,patlıcan kıyma soğan yumurta sarıkmsak galeta unu maydanoz tuz nane kekik karabiber kimyon domates yeşil biber sıvıyağ
Soğan Kebabı,kıyma soğan biber salçası su domates yeşil biber tuz karabiber nar ekşisi su
Sucuklu İspir Kuru Fasülyesi,ispir kuru fasulyesi kangal sucuk soğan dolu sudomates salçası tere yağı tatlı un kesme şeker tuz
Tarhanalı Çıtır Tavuk Baget,tavuk baget yumurta soda un tuz ketçap galeta unu tarhana köri kekik kimyon kırmızı toz biber
Tavada Sebzeli Tavuk,tavuk göğsü brokoli kültür mantarı havuç kabak kırmızı kapya biber zeytinyağı soya sosu tuz
Tavuk Etli Enginar Dolması,enginar tavuk eti mantar yeşil biber soğan zeytinyağı tuz karabiber kaşar peyniri
Tavuklu Talaş Kebabı,kare milföy kuşbaşı tavuk göğsü garnitür soğan domates salçası tuz karabiber yumurta sarısı çörek otu
Taze Soğanlı Tavuk Sote,tavuk göğsü kırmızı biber taze soğan soya sosu süt zeytinyağı tuz kekik karabiber kimyon
Kekikli Et Haşlama,kemikli kuzu eti domates salçası soğan zeytinyağı kekik tuz
Tencerede Köfteli Patates Yemeği,patates domates salçası su yeşil biber domates köftelik kıyma yumurta soğan ekmek içi maydanoz tuz karabiber kekik kimyon zeytinyağı
Tencerede Patates Püreli Et Yemeği,biftek antrikot zeytinyağı tuz karabiber patates süt tereyağı kaşar peyniri rendelenmiş kaşar peynir
Terbiyeli Et Haşlama,kemiksiz et patates arpacık soğan sarımsak yumurta sarısı un limon suyu tuz karabiber
Tortilladan Fındık Lahmacun,tortilla kıyma soğan domates maydanoz tuz karabiber
Yufkalı Şiş Köfte,kıyma hazır yufka soğan maydanoz galeta unu biber salçası file antep fıstığı karabiber kimyon tuz tereayağı sıvıyağ domates salçası su
Zerdeçallı Tavuk Beğendi,tavuk göğsü tereyağı zerdeçal süt un tuz patlıcan kaşar peynir
Zeytinyağlı Mantar,mantar sarımsak zeytinyağı maydanoz karabiber tuz
Sömelek Köfte,dana kıyma köftelik ince bulgur sıcak su irmik un yumurta biber salçası kimyon karabiber tuz tereayağı zeytinyağı domates salçası kuru nane yoğurt
Bayat Ekmek Köftesi,bayat ekmek su yumurta soğan sarimsak rendelenmis kaşar peynir maydanoz galeta unu kırmızı pul biber karabiber kekik kimyon kırmızı toz biber tuz sıvı yağ
Falafel,nohut soğan maydanoz sarımsak karabiber kimyon tuz un sıvı yağ
Karbonatlı Köfte,köftelik kıyma yumurta soğan galeta unu maydanoz karbonat tuz karabiber kimyon
Kıymalı Mercimek Köftesi,yeşil mercimek kıyma havuç soğan sarımsak maydanoz yumurta domates salçası kuru nane pul biber kimyon tuz mısır unu
Tarhana Köftesi,köftelik ince bulgur tarhana sıcak su yumurta un tuz kuru nane zeytinyağı soğan tereayağı zeytinyağı kuru nane kırmızı toz biber çırpılmış sarımsaklı yoğurt
Yoğurmadan Çiğ Köfte,köftelik ince bulgur sıcak su domates salçası biber salçası soğan sarımsak zeytinyağı nar ekşisi tuz karabiber kimyon sumak kırmızı pul biber
Fellah Köftesi,ince bulgur sıcak su irmik yumurta soğan domates salçası un karabiber kimyon tuz biber salçası zeytinyağı sarımsak maydanoz
Haşlama İçli Köfte,ince köftelik bulgur sıcak su irmik un yumurta domates salçası kırmızı pul biber tuz orta yağlı kıyma soğan sıvı yağ tereyağı maydanoz karabiber tereyağı kırmızı pul biber
Yağlı Köfte,köftelik ince bulgur domates salçası biber salçası soğan sarımsak domates limon tuz karabiber kırmızı pul biber isot maydanoz taze soğan zeytinyağı
Bulgur Köftesi Kızartması,ince bulgur irmik kaynar su orta boy patates kıyma kuru soğan yumurta un biber salçası domates salçası maydanoz tuz kırmızı pul biber
Fırında Püreli Köfte,kıyma yumurta soğan galeta unu tuz karabiber kimyon kekik patates tere yağı süt domates salçası su rendelenmiş kaşar peynir
Kasap Köftesi,köftelik kıyma soğan suyu galeta unu yumurta rendelenmiş sarımsak karbonat kimyon karabiber defne yaprağı kurusu tuz
Yumurtasız Köfte,kıyma kuru soğan sarımsak galeta unu maden suyu karbonat kırmızı pul biber kimyon kekik karabiber tuz
Limon Sıkacağında İçli Köfte,ince köftelik bulgur sıcak su irmik un yumurta domates salçası tuz kırmızı pul biber orta yağlı kıyma soğan sıvı yağ tereyağı maydanoz sıvı yağ
Misket Köfte,kıyma yumurta soğan galeta unu maydanoz kekik karabiber kimyon tuz
Söğürmeli Kebap,hazır közlenmiş patlıcan kırmızı biber yeşil biber domates zeytinyağı tuz köftesi i̇çin kıyma domates salçası karabiber pul biber üzeri i̇çin maydanoz
Antep Köftesi,köftelik bulgur sarımsak kuru soğan biber salçası domates salçası köfte baharı kırmızı pul biber yenibahar kimyon karabiber tarçın maydanoz limon suyu nar ekşisi zeytinyağı tuz
Galeta Unlu Fırın Köfte,köftelik kıyma yumurta soğan galeta unu zeytinyağı maydanoz tuz karabiber kırmızı pul biber kimyon kekik un
Şark Köftesi,ince bulgur sıcak su kuru nane kuru soğan yumurta akı un tuz yoğurt sarımsak tere yağı kırmızı pulbiber
Fırında Biber Dolması,dolmalık biber domates pirinç bulgur soğan domates salçası maydanoz zeytinyağı tuz karabiber kırmızı pul biber nane toz şeker sosu domates salçası biber salçası sosu zeytinyağı sosu tuz sosu karabiber
Palamut Fileto,palamut soğan domates sivri biber zeytinyağı maydanoz karabiber tuz
Tavuklu Zade Kebabı,orta boy kemer patlıcan kuşbaşı doğranmış tavuk göğsü orta boy patates orta boy soğan yeşil biber orta boy domates sarıkmsak domates salçası zeytinyağı tuz karabiber rendelenmiş kaşar peynir
Çoban Böreği,patates süt rendelenmiş kaşar peynir kıyma soğan havuç bezelye zeytinyağı un su sarımsak domates salçası tuz karabiber kırmızı toz biber
Fırında Peynirli Ispanak,ıspanak yarım yağlı beyaz peynir yumurta kabartma tozu un zeytinyağı rendelenmiş kaşar peynir domates dilimleri
Fırında Yoğurtlu Patates Kızartması,patates yoğurt zeytinyağı tuz kırmızı pul biber kekik
Ratatuy,patlıcan kabak patates domates zeytinyağı tuz kekik domates sosu soğan sarımsak sivri biber domates salçası kaşar peynir
Yoğurtlu Ekmek Dilimleri,ekmek yoğurt yumurta kaşar peyniri çeri domates yeşil biber
Besni Tava,kuşbaşı kuzu eti patlıcan kırmızı kapya biber yeşil biber domates sarımsak kuyruk yağı tuz kırmızı pul biber karabiber
Fırında Sebze Sote,karnabahar brokoli patates havuç sarımsak zeytinyağı tuz kırmızı toz biber kırmızı pul biber kekik karabiber
Karnıyarık,kıyma patlıcan domates salçası zeytinyağı soğan yeşil biber domates sarımsak tuz karabiber sıvı yağ
Patates Röşti,patates tereyağı tuz karabiber
Brokolili Fırın Makarna,makarna brokoli tere yağı un süt tuz karabiber rendelenmiş kaşar peynir
Fırında Baharatlı Karnabahar Kızartması,karnabahar yumurta süt zeytinyağı un tuz kırmızı toz biber karabiber zerdeçal kimyon
Fırında Beşamel Soslu Patates,patates süt un tereyağı tuz karabiber rendelenmiş kaşar peynir kırmızı toz biber
Fırında Etli Karnabahar Yemeği,kuşbaşı dana kuzu et karnabahar patates havuç yeşil biber domates domates püresi soğan tuz karabiber kimyon rendelenmiş kaşar peynir zeytinyağı
Fırında Hamsi,hamsi mısır unu tuz zeytinyağı
Fırında Kabak Dizme,kabak domates yeşil sivri biber kırmızı kapya biber soğan sarımsak zeytinyağı tuz karabiber rendelenmiş kaşar peynir
Fırında Karnabahar Köftesi,orta boy karnabahar yumurta maydanoz dereotu galeta unu tuz karabiber kırmızı pul biber kekik
Fırında Kaşarlı Ekmek Dilimleri,ekmek dilimi yumurta rendelenmiş kaşar peynir kekik fesleğen kimyon tuz
Fırında Kıymalı Pırasa,pırasa kavrulmuş kıyma soğan sarımsak tere yağı zeytinyağı yumurta karabiber kırmızı pul biber kimyon tuz rendelenmiş kaşar peynir
Fırında Kolyoz,kolyoz balığı soğan domates yeşil biber zeytinyağı limon maydanoz tuz
Fırında Mercimek Köftesi,yeşil mercimek yumurta soğan sarimsak maydanoz zeytinyağı kırmızı pul biber kuru nane kimyon tuz galeta unu
Fırında Mor Lahana,mor lahana zeytinyağı kimyon kırmızı pul biber kuru nane karabiber sarımsak tozu tuz yoğurt sarımsak
Fırında Patlıcan Graten,patlıcan domates soğan zeytinyağı kesme şeker tuz karabiber rendelenmiş kaşar peynir
Fırında Pırasa Mücveri,pırasa havuç soğan yoğurt mısır unu maydanoz dereotu yumurta beyaz peynir zeytinyağı kabartma tozu kırmızı toz biber kırmızı pul biber karabiber tuz çörek otu
Fırın Hamsi,irice hamsi kekik zeytinyağı limon suyu tuz
Hamursuz Pizza Dilimleri,patates sucuk konserve mısır yeşil biber domates rendelenmiş kaşar peynir zeytinyağı tuz ketçap domates salçası kekik
Ispanaklı Mantarlı Yumurta,ıspanak kültür mantarı kuru soğan yumurta tuz karabiber rendelenmiş kaşar peynir
Kağıtta Levrek,levrek patates soğan sarımsak defne yaprağı tane karabiber limon dilimi tereyağı zeytinyağı yağlı kağıt tuz
Kavanoz Kebabı,kuşbaşı doğranmış dana eti orta boy soğan küçük boy patates küçük boy kırmızı biber yeşil biber küçük boy havuç orta boy kültür mantarı sarıkmsak tere yağı domates salçası zeytinyağı su tuz karabiber kekik kimyon
Kıymalı Rulo Patates,patates kaşar peynir yumurta maydanoz tuz karabiber kıyma soğan sarımsak kırmızı kapya biber yeşil biber domates domates salçası zeytinyağı su
Kolay Pizza,yoğurt zeytinyağı yumurta tuz toz şeker kabartma tozu un domates püresi domates salçası zeytinyağı so balzamik sirke kekik fesleğen karabiber tuz so sarimsak rendelenmis kaşar peynir
Mantar Soslu Köfte,köftelik kıyma yumurta soğan galeta unu maydanoz tuz karabiber kekik kimyon mantar kırmızı kapya biber çarliston biber sarımsak un tere yağı zeytinyağı sıvı krema süt rendelenmiş kaşar peynir
Patlıcan Oturtma,bostan patlıcanı kıyma soğan sarıkmsak biber salçası domates salçası domates sivri biber zeytinyağı tuz karabiber
Söğürme Kebabı,dana döş kıyma soğan sarımsak süt galeta unu tuz karabiber kimyon kırmızı toz biber patlıcan kırmızı kapya biber zeytinyağı tereayağı
Tavuklu Sebze Kebabı,tavuk göğsü domates patates soğan kırmızı kapya biber yeşil biber zeytinyağı domates salçası su tuz karabiber kekik kırmızı toz biber kırmızı pul biber
Tepsi Pizzası,ılık süt toz şeker instant kuru maya yumurta sıvı yağ tuz un domates salçası kekik karabiber sarımsak zeytinyağı ılık su mantar sucuk kırmızı biber yeşil biber yeşil zeytin rendelenmiş kaşar peynir
Beşamel Soslu Brokoli Yemeği,brokoli tereyağı un süt tuz karabiber rendelenmiş kaşar peynir
Brüksel Lahanası Graten,brüksel lahanası patates tere yağı un süt tuz karabiber kırmızı toz biber sarımsak tozu rendelenmiş kaşar peyniri
Fırında Bamya Yemeği,taze bamya domates kuru soğan sarimsak yeşil biber kırmızı kapya biber limon suyu zeytinyağı tuz karabiber
Fırında Brokoli Graten,brokoli havuç tere yağı un süt tuz karabiber rendelenmiş kaşar peyniri
Fırında Bütün Karnabahar,küçük boy karnabahar yumurta sarısı yoğurt zeytinyağı galeta unu sarimsak tuz kırmızı toz biber karabiber kırmızı pul biber kimyon zerdeçal
Fırında Etimekli Beşamel Soslu Tavuk,tavuk göğsü mantar kırmızı biber tereyağı un süt tuz karabiber etimek rendelenmiş kaşar peynir
Fırında Kaşarlı Karnabahar Ezmesi,karnabahar yumurta tuz rendelenmiş kaşar peyniri
Fırında Kestane Kebap,kebaplık kestane
Fırında Lahana Yemeği,beyaz lahana soğan havuç kapya biber sarımsak domates salçası tere yağı zeytinyağı kırmızı pul biber karabiber tuz un süt rendelenmiş kaşar peynir
Fırında Lavaş Pizza,lavaş ekmeği çeri domates küçük boy kapya biber yeşil dolma zeytin siyah zeytin sucuk rendelenmiş kaşar peynir domates salçası zeytinyağı su kekik tuz
Fırında Makarna,fırın makarna tere yağı un süt tuz rendelenmiş kaşar peynir
Fırında Mantar Graten,fındık mantar tereyağı tuz kaşar peynir
Fırında Mısır Unlu Patates Kızartması,patates mısır unu zeytinyağı kırmızı pul biber kekik tuz
Fırında Peynirli Sucuklu Ekmek,ekmek dilimi beyaz peynir rendelenmiş kaşar peynir sucuk yumurta kırmızı pul biber
Fırında Sebze Dizmesi,patlıcan kabak patates domates zeytinyağı sarımsak tuz karabiber kuru nane kırmızı toz biber kimyon domates salçası ılık su
Fırında Tavuk Kanat,tavuk kanat domates salçası zeytinyağı sarımsak kırmızı toz biber kekik karabiber kimyon köri tuz
Fırında Uskumru,uskumru balığı soğan domates kırmızı kapya biber yeşil biber limon zeytinyağı tuz maydanoz
Fırında Mücver,patates havuç ıspanak pırasa kırmızı kapya biber kabak tuz yumurta un kabartma tozu sıvı yağ karabiber rendelenmiş kaşar peynir
Hasanpaşa Köftesi,köftelik kıyma yumurta kuru soğan maydanoz galeta unu tuz karabiber kimyon patates süt tereyağı kaşar peynir domates salçası su tuz
Mantar Graten,kültür mantarı tere yağı limon tuz rendelenmiş kaşar peynir
Nohut Tava,nohut soğan domates kapya biber sivri biber sarımsak domates salçası zeytinyağı kimyon karabiber kırmızı toz biber tuz
Patates Kabuğu Cipsi,patates zeytinyağı kırmızı toz biber sarımsak tozu kırmızı pul biber karabiber tuz
Pırasalı Patates Graten,ince pırasa orta boy patates orta boy havuç un süt zeytinyağı tuz karabiber kırmızı toz biber rendelenmiş kaşar peynir
Ramazan Pidesinden Yalancı İskender,kıyma ramazan pidesi soğan maydanoz yoğurt tuz karabiber domates salçası biber salçası domates püresi tere yağı sarımsak
Sarımsaklı Peynirli Patates,patates nişasta zeytinyağı sarımsak galeta unu tulum peyniri kekik kırmızı toz biber tuz silme karabiber
Sucuklu Ekmek Dilimleri,tost ekmeği sucuk dilimleri çeri domates dilimleri rendelenmiş kaşar peynir domates salçası ketçap kekik zeytinyağı
Tavada Kaşarlı Mantar,kültür mantarı tere yağı tuz rendelenmiş kaşar peynir kekik kırmızı pul biber
Tavuklu Fırın Makarna,makarna tavuk göğsü tuz su tere yağı un süt karabiber rendelenmiş kaşar peynir
Abant Kebabı,kuşbaşı et patlıcan domates sivri biber soğan sarımsak zeytinyağı tuz karabiber domates salçası su
Beykoz Kebabı,kuşbaşı doğranmış et orta boy patlıcan domates sivri biber soğan sarımsak zeytinyağı tuz karabiber sıvı yağ patates süt tereyağı rendelenmiş kaşar peynir domates salçası su
Etli Arap Tava,kuşbaşı et patates soğan sivri biber sarımsak domates domates salçası biber salçası zeytinyağı ılık su tuz karabiber kırmızı pul biber
Fırında Beşamel Soslu Mantar,kültür mantarı soğan sarımsak zeytinyağı tuz beşamel so i̇çin tereyağı beşamel so i̇çin un beşamel so i̇çin süt beşamel so i̇çin tuz beşamel so i̇çin karabiber üzeri i̇çin rendelenmiş kaşar peynir
Fırında Domatesli Kabak,kabak soğan domates sarımsak yeşil biber kırmızı kapya biber zeytinyağı tuz karabiber
Fırında İstavrit,istavrit balığı mısır unu tuz zeytinyağı
Fırında Karnabahar Mücveri,karnabahar yumurta maydanoz dereotu kaşar peynir kabartma tozu un tuz karabiber kimyon
Fırında Kuzu Sırt,kuzu sırt patates soğan kırmızı kapya biber yeşil biber acı kırmızı biber patlıcan sarımsak zeytinyağı taze biberiye kırmızı toz biber karabiber tuz
Fırında Peynirli Kabak Sandal,kabak beyaz peynir kaşar peynir yumurta dereotu zeytinyağı tuz
Fırında Patates Pizzası,patates sucuk mısır yeşil biber domates kaşar peynir zeytinyağı tuz ketçap domates salçası kekik
Fırında Sardalya,sardalya balığı mısır unu tuz zeytinyağı
Fırında Taze Fasulye Kızartması,taze fasulye sarımsak süzme yoğurt zeytinyağı tuz
Garnitürlü Sütlü Fırın Patates,patates süt sıvı yağ yumurta kırmızı pulbiber kekik tuz garnitür konserve mısır rendelenmiş kaşar peynir
Hamursuz Ispanak Böreği,ıspanak yumurta yoğurt zeytinyağı beyaz peynir kabartma tozu soğan tuz un çörek otu
Köfteli Patates Dizmesi,patates köftelik kıyma soğan yumurta galeta unu tuz karabiber kekik kimyon domates salçası ılık su
Şehzade Kebabı,kemer patlıcan kuşbaşı et kuru soğan çerliston biber sarımsak karabiber pulbiber kekik tuz sıvı yağ domates salçası su domates biber
Bostan Kebabı,kuşbaşı doğranmış et bostan patlıcanı soğan domates sivri biber maydanoz sarımsak zeytinyağı tuz karabiber sıvı yağ domates salçası ılık su
Fırında Domates Közleme,domates tuz
Fırında Kabak Kızartması,kabak zeytinyağı kırmızı pul biber kuru nane kekik tuz yoğurt
Ispanak Graten,ıspanak hazır garnitür soğan sıvı yağ tereyağ un süt tuz karabiber rendelenmiş kaşar peynir
Kıymalı Fırın Makarna,fırın makarna kavrulmuş kıyma tereyağı un süt tuz rendelenmiş kaşar peynir
Tavuklu Patlıcan Kebabı,tavuk kalça eti patlıcan domates salçası soğan yeşil biber sarımsak zeytinyağı tuz karabiber kırmızı pul biber ılık su domates biber
Fırında Bal Kabağı Yemeği,bal kabağı kuru soğan sarımsak zeytinyağı kırmızı kapya biber kurutulmuş acı biber su kırmızı toz biber tuz
Fırında Köfteli Patlıcan Yemeği,patlıcan patates yeşil biber domates sarımsak kıyma soğan yumurta galeta unu tuz karabiber kekik domates salçası biber salçası su
Fırında Kuzu Kaburga,kuzu kaburga zeytinyağı soğan patates kırmızı kapya biber sarımsak kırmızı toz biber tuz
Fırında Patates Püreli Tavuk Yemeği,tavuk göğsü kuru soğan kapya biber yeşil biber tuz karabiber patates tereyağı süt beşamel so rendelenmiş kaşar peynir
Uskumru Pilaki,uskumru fileto soğan domates yeşil biber zeytinyağı elma sirkesi su tuz
Sucuklu Hellim Peynirli Yumurta,küçük kangal sucuk hellim peyniri yumurta tereyağı zeytinyağı çeri domatesi kırmızı pul biber kekik tuz
Bazlamadan Kolay Pizza,büyük boy bazlama rendelenmiş kaşar peynir küçük boy domates yeşil biber yeşil zeytin dilimleri siyah zeytin dilimleri sucuk dilimleri konserve mısır domates salçası yoğurt tuz kekik
Fırında Antrikot,antrikot tereyağı zeytinyağı soya sosu kekik kimyon kırmızı toz biber sarıkmsak tuz
Fırında Karnabahar Kızartması,karnabahar yumurta un süt tuz sarımsaklı yoğurt maydanoz
Patlıcanlı Patatesli Musakka,kıyma patlıcan patates domates soğan sarimsak sivri biber zeytinyağı tuz karabiber
Fırında Beşamel Soslu Kıymalı Makarna,makarna kıyma soğan domates zeytinyağı tuz karabiber tereayağı un süt rendelenmiş kaşar peynir
Fırında Kuzu Pirzola,kuzu pirzola kekik kimyon çerliston biber kırmızı biber domates sıvıyağ tuz
Patatesli Ispanak Graten,patates ıspanak soğan kırmızı biber sıvı yağ tuz tereçağ un süt karabiber rendelenmiş kaşar peynir
Kabak Graten,kabak dereotu zeytinyağı tereçağı un süt tuz karabiber rendelenmiş kaşar peynir
Acılı Ekmek Dilimleri,bayat ekmek rendelenmiş kaşar peynir yoğurt yumurta sumak kırmızı pul biber tuz
Bayat Ekmek Pidesi,bayat ekmek dilimi rendelenmiş kaşar peynir yoğurt yumurta kavurma tuz kırmızı toz biber
Beşamel Soslu Biftek,dana biftek zeytinyağı kırmızı toz biber karabiber tuz beşamel so i̇çin tereyağı beşamel so i̇çin un beşamel so i̇çin süt üzeri i̇çin rendelenmiş kaşar peynir
4 Peynirli Tortilla Pizza,tortilla ekmeği domates salçası biber salçası zeytinyağı kaşar peynir mozarella peyniri cheddar peyniri parmesan peyniri tuz karabiber kekik fesleğen
Eski Kaşarlı Mantar Graten,mantar tere yağı eski kaşar tuz
Fırında Peynirli Makarna,kelebek makarna tereyağı zeytinyağı lor peynir beyaz peynir kaşar peynir maydanoz tuz üzerinin sosu i̇çin rendelenmiş kaşar peynir yumurta un
Fırında Baharatlı Kruton (Kıtır Ekmek),ekmek zeytinyağı kırmızı pul biber kekik
Fırında Baharatlı Çatlak Patates,taze patates zeytinyağı kekik kırmızı pulbiber tuz
Fırında Çinekop,çinekop balığı limon suyu zeytinyağı kekik tuz
Fırında Domates Soslu Kaşarlı Köfte,kıyma galeta unu yumurta soğan sarimsak maydanoz tuz karabiber kekik kimyon domates sosu i̇çin rendelenmiş kaşar peynir
Fırında Galeta Unlu Çıtır Tavuk Pirzola,tavuk pirzola yumurta galeta unu zeytinyağı kırmızı toz biber kekik köri kimyon tuz
Fırında Havuç Kızartması,havuç zeytinyağı tuz maydanoz
Fırında Kahvaltılık Ekmek Dilimleri,yumurta domates yeşil biber sarimsak tereyağı kaşar peynir tuz ekmek
Fırında Kaşarlı Köfte Ve Patates,kıyma galeta unu yumurta soğan maydanoz patates domates domates salçası su kaşar peyniri tuz karabiber kekik kimyon
Fırında Kaşarlı Tavuk Yemeği,kuşbaşı doğranmış tavuk göğsü mantar soğan sivri biber domates zeytinyağı tuz karabiber kaşar peynir
Fırında Kılçıksız Hamsi,hamsi zeytinyağı limon suyu kekik maydanoz tuz
Fırında Kıymalı Yumurta,kıyma yumurta kuru soğan sarımsak zeytinyağı tuz karabiber kırmızı pul biber
Fırında Kremalı Domatesli Makarna,fırın makarna domates krema tuz karabiber rendelenmiş kaşar peynir
Fırında Mantarlı Patates,mantar soğan patates kaşar peynir tereyağı tuz karabiber
Fırında Patates,patates zeytinyağı tuz kekik kırmızı toz biber kimyon
Firinda Patates Köfte,kıyma galeta unu yumurta soğan maydanoz zeytinyağı patates tuz karabiber kekik kimyon kırmızı toz biber
Fırında Patatesli Et Yemeği,kemikli kuzu eti patates domates salçası et suyu su tuz
Fırında Patlıcanlı Tavuk İncik,tavuk incik bostan patlıcanı zeytinyağı kekik kimyon kırmızı toz biber tuz domates yeşil biber
Fırında Salçalı Biftek,biftek zeytinyağı tuz kimyon domates salçası su kekik
Fırında Salçalı Patates Kızartması,patates zeytinyağı domates salçası kırmızı pul biber kekik tuz su
Fırında Sarımsaklı Ekmek,ekmek tere yağı kaşar peynir sarımsak maydanoz
Fırında Soslu Kuzu Pirzola,kuzu pirzola kekik kimyon tereyağı domates salçası ılık su arpacık soğan sıvıyağ tuz
Fırında Susamlı Patates Kızartması,patates susam zeytinyağı tuz kırmızı pul biber kekik
Fırında Tavuklu Sebzeli Güveç,tavuk göğsü kabak patlıcan patates domates yeşil biber soğan sarımsak zeytinyağı domates salçası tuz karabiber rendelenmiş kaşar peynir
Fırında Taze Fasulye Graten,taze fasulye soğan kırmızı biber tuz beşamel so i̇çin süt beşamel so i̇çin un beşamel so i̇çin tereyağı üzeri i̇çin kaşar peynir
Fırında Tereyağlı Acılı Közlenmiş Mısır,taze süt mısırı tere yağı acı pul biber kırmızı toz biber karabiber tuz
Fırında Yumurtalı Ekmek,ekmek yumurta susam çörek otu kekik kırmızı toz biber tuz
Karışık Tortilla Pizza,tortilla ekmeği domates salçası biber salçası kaşar peynir domates yeşil biber mantar sucuk tuz karabiber kekik fesleğen zeytinyağ
Kırmızı Biberli Ekmek Pizzası,baston ekmek rendelenmiş kaşar peynir kırmızı biber zeytinyağı sumak
Kıymalı Krep Böreği,kıyma soğan sivri biber zeytinyağı tuz karabiber süt un yumurta tereayağı
Kıymalı Rulo Lazanya,lazanya yaprağı kıyma soğan domates yeşil biber tuz karabiber tereyağı un süt rendelenmiş kaşar peyniri
Köfteli Kürdan Kebabı,kıyma patlıcan galeta unu soğan maydanoz tuz karabiber kekik kimyon kırmızı toz biber domates çerliston biber biber salçası zeytinyağı sarımsak
Közlenmiş Kırmızı Biber Dondurucuda Nasıl Saklanır,kırmızı biber buzdolabı poşeti
Ispanaklı Lazanya,lazanya yaprağı ıspanak soğan sarımsak kültür mantarı sıvı krema tere yağı un tuz
Lazanya,lazanya yaprağı kıyma soğan yeşil biber sarımsak domates domates salçası zeytinyağı su tuz karabiber tereyağı un süt kaşar peynir
Mantarlı Ekmek Dilimleri,ekmek dilimi mantar çeri domatesi yeşil biber kırmızı biber kaşar peynir ketçap kekik rendelenmiş kaşar peynir
Maydanozlu Tortilla Pizza,tortilla ekmeği domates salçası biber salçası rendelenmiş kaşar peynir beyaz peynir domates dilimleri maydanoz zeytinyağı tuz karabiber kekik fesleğen
Pekmezli Taze Soğanlı Antrikot,antrikot pekmez taze soğan süt zeytinyağı kimyon kekik kırmızı toz biber
Salamlı ve Kuru Domatesli Ekmek Pizzası,baston ekmek salam kaşar peynir yoğurt kuru domates
Sütlü Patates,patates süt sarımsak sumak kırmızı toz biber zeytinyağı tuz karabiber rendelenmiş kaşar peynir
Kabak Sinkonta,kabak kuru soğan sarımsak zeytinyağı taze nane taze soğan kuru nane karabiber kırmızı pul biber tuz domates salçası un elma sirkesi su
Mualla Yemeği,patlıcan yeşil mercimek domates soğan kırmızı kapya biber sarımsak domates salçası zeytinyağı nar ekşisi su tuz kuru nane kırmızı pul biber
Barbunya Pilaki,taze barbunya patates havuç soğan domates sarımsak zeytinyağı domates salçası su toz şeker tuz karabiber
Taze Bakla Yemeği,taze bakla soğan zeytinyağı domates salçası toz şeker sıcak su karabiber tuz limon suyu un
Bezelyeli Enginar Yemeği,taze bezelye çanak enginar soğan zeytinyağı toz şeker limon suyu sıcak su tuz dereotu taze soğan
Domatesli Patlıcan Yemeği,patlıcan yeşil sivri biber kuru soğan domates sarımsak zeytinyağı kesme şeker tuz maydanoz
Kabak Çintmesi,kabak domates soğan sarımsak domates biber salçası zeytinyağı dereotu tuz
Lahana Bifteği,lahana zeytinyağı kırmızı pul biber sarımsak tozu karabiber kimyon tuz yoğurt tahin sarımsak maydanoz
Mısır Tempura,konserve mısır maden suyu yumurta un mısır unu tuz karabiber sıvı yağ
Patlıcan Silkme,kemer patlıcan yeşil biber domates sarımsak soğan zeytinyağı tuz maydanoz
Yelpaze Kabak Kızartması,kabak yumurta galeta unu mısır unu tuz sıvı yağ yoğurt sarımsak
Domatesli Kabak Yemeği,kabak domates soğan sarımsak zeytinyağı tuz karabiber kırmızı pul biber dereotu
Düğmeli Kereviz,kereviz havuç soğan zeytinyağı portakal suyu toz şeker tuz kereviz yaprağı
Fasulye Diblesi,taze fasulye soğan pirinç domates zeytinyağı sıcak su tuz tereçağı
Havuçlu Taze Fasulye Borani,taze fasulye havuç soğan zeytinyağı su yoğurt sarımsak tuz
İç Bakla Yemeği,iç bakla soğan havuç zeytinyağı domates salçası su tuz dereotu
Kabak Borani,bal kabağı kuru soğan sarımsak zeytinyağı kırmızı kapya biber kurutulmuş acı biber su kırmızı toz biber tuz yoğurt
Kabak Spagetti,kabak zeytinyağı tuz domates salçası domates sarımsak su karabiber kırmızı pul biber
Kereviz Mücveri,kereviz havuç yumurta un taze soğan maydanoz tuz karabiber kimyon sıvı yağ
Kıymalı Pırasa Yemeği,kıyma pırasa havuç domates salçası zeytinyağı pirinç tuz
Kremalı Sebzeli Makarna,makarna soğan havuç kabak kapya biber sarımsak sıvı krema zeytinyağı tuz karabiber
Mercimekli Pırasa Yemeği,pırasa yeşil mercimek zeytinyağı pilavlık bulgur portakal limon suyu sıcak su tuz
Patates Püreli Mantar Sote,patates süt tere yağı rendelenmiş kaşar peynir tuz karabiber mantar soğan yeşil biber kırmızı kapya biber domates sarımsak zeytinyağı kekik kırmızı pul biber kırmızı toz biber
Patlıcan Yemeği,patlıcan yeşil biber kuru soğan domates domates salçası zeytinyağı toz şeker tuz
Pirinçli Domates Yemeği,domates soğan yeşil biber sarımsak pirinç domates salçası zeytinyağı tuz kırmızı pulbiber kuru nane
Pirpirim Aşı,semizotu haşlanmış nohut bulgur soğan domates salçası tozz biber zeytinyağı sıcak su sumak ekşisi tuz
Portakallı Brüksel Lahanası,brüksel lahanası soğan havuç zeytinyağı portakal suyu su tuz
Rendelenmiş Patates Kızartması,patates yumurta kaşar peynir un kırmızı pul biber karabiber tuz
Semizotu Mücveri,semizotu kabak yumurta taze soğan dereotu maydanoz taze nane un beyaz peynir kabartma tozu tuz karabiber sıvı yağ
Taze Börülce Borani,taze börülce orta boy soğan büyük diş sarımsak zeytinyağı tuz yoğurt kırmızı toz biber
Unsuz Pırasa Böreği,pırasa havuç yumurta yoğurt mısır unu zeytinyağı tuz karabiber rendelenmiş kaşar peynir çörek otu
Yeşil Mercimekli Semizotu Yemeği,semizotu soğan sarımsak yeşil mercimek bulgur domates salçası zeytinyağı su tuz
Yunan Usulü Kabak Kızartması,kabak un maden suyu tuz sıvı yağ
Zeytinyağlı Bezelye,taze bezelye soğan havuç sarımsak zeytinyağı limon suyu sıcak su tuz dereotu
Bal Kabağı Sinkonta,bal kabağı kuru soğan sarımsak zeytinyağı limon suyu sirke su un tuz karabiber kırmızı pul biber
Barbunyalı Bezelye Yemeği,taze barbunya iç bezelye havuç soğan domates sarımsak zeytinyağı domates salçası toz şeker tuz
Borani,ıspanak sarimsak soğan zeytinyağı yoğurt tuz kırmızı pul biber
Brokoli Yemeği ve Brokoli Mücver,brokoli yumurta un kaşar peynir tuz karabiber sıvıyağ soğan havuç patates sarımsak zeytinyağı domates salçası limon suyu şeker
Bütün Mantar Kavurması,orta boy kültür mantarı soğan sarımsak tereyağı zeytinyağı maydanoz tuz karabiber kırmızı pul biber
Domatesli Fasulye Kızartması,ince taze fasulye orta boy domates sarımsak zeytinyağı tuz yoğurt sarımsak
Etli Bezelye Yemeği,taze bezelye kuşbaşı et patates havuç soğan domates salçası zeytinyağı sıcak su tuz karabiber
Fırında Baharatlı Karnabahar,karnabahar zeytinyağı kırmızı toz biber sarımsak tozu kırmızı pul biber kekik zerdeçal karabiber tuz
Fırında Brüksel Lahanası,brüksel lahanası sarımsak zeytinyağı kırmızı pul biber kırmızı toz biber karabiber tuz
Fırında Çıtır Kabak,kabak yumurta galeta unu mısır unu un tuz
Fırında İstiridye Mantarı,istiridye mantarı sarımsak zeytinyağı tere yağı rendelenmiş kaşar peyniri kekik karabiber tuz
Fırında Peynirli Pırasa,pırasa yumurta mısır unu süt sıvıyağ beyaz peynir maydanoz dereotu kabartma tozu tuz
Fırında Sebze Kızartması,patlıcan patates kabak havuç kırmızı kapya biber çerliston biber zeytinyağı tuz karabiber kırmızı pul biber domates sarımsak sıvı yağ
Fırında Sebzeli Tavuk Sote,tavuk göğsü patates soğan çerliston biber kırmızı kapya biber domates zeytinyağı kimyon kekik kırmızı toz biber tuz domates salçası su
Fırında Sütlü Karnabahar,küçük boy karnabahar süt zeytinyağı tuz karabiber kırmızı toz biber rendelenmiş kaşar peynir
Havuçlu Kabak Kavurması,kabak kuru soğan havuç zeytinyağı tuz yoğurt dereotu sarımsak kırık ceviz kırmızı toz biber
Ispanak Tarator,ıspanak sarımsak soğan zeytinyağı yoğurt tuz
Kapuska Yemeği,beyaz lahana soğan sarımsak domates salçası tereyağı zeytinyağı pirinç sıcak su pul biber karabiber tuz
Karnabahar Böreği,karnabahar yumurta süt zeytinyağı taze soğan maydanoz tuz kimyon kırmızı pulbiber karabiber un kabartma tozu rendelenmiş kaşar peynir
Karnabahar Kızartması,karnabahar soda yumurta un nişasta tuz karabiber sıvıyağ
Karnabahar Pane,karnabahar yumurta yoğurt zeytinyağı galeta unu un kırmızı pul biber kimyon karabiber zerdeçal tuz
Kereviz Yemeği,kereviz patates havuç soğan zeytinyağı portakal suyu limon suyu toz şeker tuz dereotu
Kıymalı Kereviz Yemeği,kıyma kereviz kuru soğan patates havuç sarimsak domates salçası zeytinyağı tuz kekik karabiber
Közlenmiş Patlıcan Yemeği,patlıcan kırmızı kapya biber kuru soğan sarımsak zeytinyağı karabiber kırmızı pul biber tuz
Lahana Kavurması,beyaz lahana domates salçası zeytinyağı tere yağı kapya biber soğan havuç sarımsak kırmızı pul biber karabiber tuz
Lahana Yemeği,lahana soğan sivri biber domates sarımsak domates salçası tereyağı zeytinyağı sıcak su tuz karabiber kırmızı pul biber
Mantar Kızartması,kültür mantarı yumurta galeta unu tuz sıvı yağ
Mantarlı Karnabahar Kavurması,küçük boy karnabahar kültür mantarı soğan havuç sarımsak zeytinyağı tuz yoğurt kırmızı toz biber
Mantar Mezesi,küçük boy kültür mantarı orta boy soğan sarımsak zeytinyağı tereyağı maydanoz tuz karabiber kekik kırmızı pul biber kırmızı toz biber süzmeyoğurt
Mercimekli Kabak Yemeği,kabak yeşil mercimek soğan sarımsak domates salçası zeytinyağı limon suyu tuz
Mısır Unlu Karnabahar Kızartması,orta boy karnabahar yumurta süt un kırmızı toz biber karabiber kimyon tuz sıvı yağ mısır unu
Nohutlu Semizotu Yemeği,semizotu nohut pirinç soğan domates salçası zeytinyağı sıcak su tuz
Patates Graten,patates sıvı krema süt kırmızı toz biber kimyon sarımsak tuz karabiber rendelenmiş kaşar peynir
Patlıcan Kızartması,patlıcan galeta unu un yumurta tuz sıvı yağ
Pırasa Kavurması,pırasa havuç soğan sarımsak domates salçası zeytinyağı tuz yoğurt sarımsak
Sebze Spagetti,kabak havuç kırmızı kapya biber zeytinyağı tuz domates salçası domates sarımsak su kavrulmuş kıyma karabiber kırmızı pul biber
Tavada Brüksel Lahanası,brüksel lahanası zeytinyağı kırmızı pul biber kırmızı toz biber karabiber tuz sarımsak tozu
Tavuklu Pırasa Yemeği,kuşbaşı doğranmış tavuk eti orta boy pırasa orta boy havuç orta boy soğan domates salçası zeytinyağı tuz karabiber
Tepside Kumpir,patates rendelenmiş kaşar peynir tereyağı tuz karabiber havuç haşlanmış bezelye haşlanmış mısır kornişon turşu ketçap mayonez
Yoğurtlu Patates Mantısı,patates maydanoz tuz karabiber yoğurt sarımsak sıvı yağ domates salçası su
Yufkasız Kabak Böreği,kabak yumurta dereotu kabartma tozu un karabiber kırmızı pul biber tuz kaşar peynir
Zeytinyağlı Ayvalı Kereviz,kereviz ayva havuç soğan portakal limon suyu toz şeker zeytinyağı su tuz kereviz yaprağı
Zeytinyağlı Kabak Kavurması,kabak soğan havuç kırmızı kapya biber domates sarımsak zeytinyağı tuz kırmızı pul biber
Zeytinyağlı Taze Fasulye Oturtma,taze fasulye domates soğan zeytinyağı su toz şeker tuz
Börülce Kavurması,taze börülce zeytinyağı tere yağı soğan domates tuz
Enginar Salatası,enginar maydanoz dereotu kornişon turşu garnitür mısır kırmızı biber limon suyu sızma zeytinyağı tuz
Etli Terbiyeli Kereviz Yemeği,kereviz patates havuç kuşbaşı et zeytinyağı soğan tuz karabiber yumurta sarısı limon suyu
Fırında Beşamel Soslu Karnabahar Graten,karnabahar tuz beşamel so i̇çin üzeri i̇çin
Fırında Tereyağlı Patates Kızartması,patates tere yağı zeytinyağı tuz
Havuçlu Kabak Mücver,kabak havuç yumurta maydanoz dereotu taze soğan un kabartma tozu tuz karabiber sıvı yağ
Ispanaklı Havuç Tarator,ıspanak havuç yoğurt zeytinyağı sarımsak tuz ceviz kırmızı pul biber kırmızı toz biber
Kabak Mücver,kabak yumurta dereotu maydanoz un kabartma tozu tuz karabiber sıvıyağ
Kahvaltılık Tereyağlı Patates Kavurması,patates tereyağı zeytinyağı maydanoz kekik kırmızı pul biber karabiber tuz
Kibrit Patates Kızartması,patates sıvı yağ elma sirkesi tuz
Kremalı Kabak Graten,kabak sıvı krema sarımsak tuz karabiber kaşar peynir
Mantar Sosu ve Mantar Sote,kültür mantarı sıvı krema zeytinyağı tereyağı sarımsak maydanoz tuz karabiber soğan yeşil biber kapya biber rendelenmiş domates
Mısır Unlu Patlıcan Kızartması,patlıcan mısır unu tuz sıvı yağ
Nohut Dürüm,nohut zeytinyağı biber salçası kırmızı toz biber karabiber pul biber kimyon tuz soğan maydanoz limon suyu lavaş
Patatesli Ispanak Yemeği,ıspanak patates soğan domates salçası zeytinyağı kırmızı toz biber karabiber tuz
Pirinçli Ispanak Yemeği,ıspanak soğan pirinç domates salçası zeytinyağı sıcak su tuz
Sebzeli Mantar Yemeği,kültür mantarı soğan kırmızı kapya biber yeşil biber havuç domates sarımsak zeytinyağı tuz karabiber kekik
Semizotu Yemeği,semizotu soğan pirinç zeytinyağı domates salçası su tuz
Sucuklu Kapuska Yemeği,lahana sucuk soğan havuç pirinç domates salçası acı biber salçası zeytinyağı sıcak su tuz karabiber
Tavada Haşlanmış Patates Kızartması,patates zeytinyağı sarimsak tozu zerdeçal kırmızı toz biber kekik tuz
Taze Barbunya Yemeği,taze barbunya havuç soğan sarımsak zeytinyağı domates salçası toz şeker tuz
Kıymalı Karnabahar Yemeği,orta boy karnabahar kavrulmuş kıyma soğan sarımsak büyük boy havuç domates salçası zeytinyağı tuz karabiber
Unlu Patlıcan Kızartması,patlıcan yumurta un kabartma tozu tuz sıvı yağ
Yeşil Mercimek Yemeği,yeşil mercimek domates salçası soğan sarımsak zeytinyağı sıcak su tuz karabiber kırmızı pul biber
Yoğurtlu Kabak Kızartması,kabak yoğurt sarimsak tereyağı dolusudomates salçası tuz sıvı yağ
Yoğurtlu Pırasa Kavurması,pırasa soğan sarımsak zeytinyağı su karabiber kırmızı pul biber tuz yoğurt tereyağı kırmızı toz biber
Yumurtalı Çiriş Otu Kavurması,çiriş otu soğan yumurta zeytinyağı tuz karabiber
Zeytinyağlı Karnabahar Yemeği,orta boy karnabahar büyük boy patates büyük boy havuç orta boy kuru soğan domates salçası zeytinyağı kesme şeker sıcak su tuz
Dondurucudan Çıkan Bamya Nasıl Pişirilir,dondurulmuş taze bamya kuru soğan zeytinyağı domates salçası limon suyu tuz
Fırında Beşamel Soslu Karnabahar,karnabahar süt tuz tereçağ un süt karabiber kaşar peynir kırmızı toz biber tereçağ
Garnitürlü Kereviz Yemeği,kereviz garnitür soğan portakal suyu zeytinyağı toz şeker tuz
Isırgan Otu Kavurması,ısırgan otu zeytinyağı soğan domates salçası pirinç sıcak su tuz yoğurt
Kabak Yemeği,kabak soğan pirinç domates salçası zeytinyağı sıcak su dereotu tuz
Karamelize Mantar ve Karışık Sebzeli Mücver,küçük boy kültür mantarı orta boy soğan sarımsak tereyağı zeytinyağı limon suyu maydanoz tuz kekik orta boy kabak orta boy patates orta boy havuç yumurta dereotu taze soğan un kabartma tozu karabiber sıvıyağ
Kıymalı Bamya Yemeği,bamya kıyma kuru soğan domates dolusudomates salçası limon suyu zeytinyağı sıcak su tuz
Patates Sote ve Patlıcan Beğendi,patates kırmızı toz biber kekik tuz karabiber zeytinyağı süt un tereyağı konserve közlenmiş patlıcan rendelenmiş kaşar peynir
Pazı Kavurması,pazı soğan zeytinyağı tuz karabiber kırmızı pul biber
Terbiyeli Kereviz Yemeği,kereviz patates soğan havuç kesme şeker zeytinyağı kereviz yaprağı tuz yumurta sarısı limon suyu
Yumurtalı Pırasa,pırasa soğan zeytinyağı yumurta karabiber kırmızı pul biber tuz
Ispanak Kökü Yemeği,ıspanak kökü soğan sarımsak bulgur zeytinyağı domates salçası su tuz karabiber
Kıymalı Karnabahar Graten,karnabahar kıyma soğan zeytinyağı dolusudomates salçası su maydanoz tuz karabiber kırmızı pul biber beşamel so i̇çin tereyağı un süt üzeri i̇çin rendelenmiş kaşar peynir
Lübnan Köftesi,haşlanmış nohut orta boy soğan sarımsak maydanoz toz kişniş kimyon tuz karabiber un sıvı yağ süzmeyoğurt tahin limon suyu maydanoz
Patates Köftesi,patates domates salçası galeta unu kırmızı pul biber sarımsak karabiber tuz maydanoz yumurta sıvıyağ
Patatesli Mantar Sote,kültür mantarı patates çerliston biber kırmızı kapya biber soğan sarımsak domates tere yağı zeytinyağı tuz karabiber kekik
Pirinçli Semizotu Yemeği,semizotu soğan domates salçası pirinç zeytinyağı sıcak su tuz
Galeta Unlu Patlıcan Kızartması,patlıcan galeta unu un yumurta tuz sıvı yağ
Köfteli Barbunya Yemeği,barbunya kırmızı kapya biber kuru soğan domates salçası zeytinyağı karabiber pulbiber tuz köftelik kıyma pulbiber karabiber kimyon kekik tuz
Fırında Kıymalı Patates Püresi,patates süt tereyağı kaşar peynir tuz kıyma soğan havuç kırmızı biber yeşil biber sıvı yağ karabiber rendelenmiş kaşar peynir
Taze Fasulye,taze fasulye soğan zeytinyağı domates kesme şeker tuz
Kıymalı Sebze Kızartması,patlıcan kabak patates havuç kırmızı kapya biber yeşil biber sıvı yağ kıyma soğan domates biber salçası zeytinyağı tuz karabiber yoğurt sarımsak
Sebze Graten,karnabahar brokoli havuç patates bezelye tuz tereçağ un süt karabiber kaşar peynir
Zeytinyağlı Girit Kabağı,girit kabağı domates soğan kırmızı kapya biber sarımsak zeytinyağı tuz
Bamya Kızartması,bamya un yumurta galeta unu tuz sıvı yağ
Cevizli Mantar Kavurması,mantar soğan ceviz tereyağı limon suyu karabiber sumak tuz
Etli Kabak Yemeği,kuşbaşı et kabak domates soğan yeşil biber zeytinyağı tuz karabiber
Etsiz Kuru Fasulye,kuru fasulye soğan dolusudomates salçası zeytinyağı kesme şeker tuz
Fırında Elma Dilimli Patates,patates zeytinyağı tuz kekik kırmızı toz biber pul biber
Fırında Kıymalı Yumurtalı Patates,patates kavrulmuş kıyma yumurta rendelenmiş kaşar peynir tuz
Fırında Patlıcan Nasıl Közlenir,patlıcan
Fırında Sütlü Kaşarlı Patates,patates süt sarımsak sumak kırmızı toz biber zeytinyağı tuz karabiber kaşar peyniri
Hellim Peynirli Patlıcan Kızartması,patlıcan hellim peyniri yumurta tuz karabiber sıvıyağ
Kabak Musakka,kabak kıyma soğan sarımsak yeşil biber domates domates salçası zeytinyağı su tuz karabiber
Karışık Sebze Kızartması,patates kabak patlıcan havuç yeşil biber sıvıyağ domates sarımsak kesme şeker yoğurt tuz
Kırmızı Biber Nasıl Közlenir,kırmızı biber
Kıymalı Kapuska Yemeği,lahana kıyma soğan havuç pirinç domates salçası acı biber salçası zeytinyağı sıcak su tuz karabiber
Kıymalı Semizotu Yemeği,semizotu soğan kıyma sarımsak zeytinyağı domates salçası su tuz
Kuru Fasulye,kuru fasulye dolusudomates salçası zeytinyağı soğan kesme şeker tuz
Mısır Unlu Kabak Kızartması,kabak soda mısır unu tuz kırmızı pul biber sıvıyağ yoğurt dereotu
Mücver,orta boy kabak yumurta dereotu maydanoz un kabartma tozu tuz karabiber sıvıyağ
Patatesli Barbunya Yemeği,barbunya patates havuç soğan zeytinyağı domates salçası tuz
Patatesli Kabak Mücver,kabak patates yumurta dereotu maydanoz un tuz karabiber kırmızı pul biber sıvı yağ
Patlıcanlı Mantar Sote,patlıcan mantar soğan kırmızı biber yeşil biber sarımsak zeytinyağı tuz
Pirinçli Kabak Yemeği,kabak soğan sivri biber pirinç sarımsak domates zeytinyağı sıcak su dereotu tuz karabiber
Pirinçli Yeşil Domates Yemeği,yeşil domates kırmızı domates soğan yeşil biber tereyağı pirinç su tuz karabiber
Sebzeli Tavuk Sote,tavuk göğsü soğan sarımsak kabak mantar yeşil biber kırmızı biber zeytinyağı kimyon tuz
Soğan Halkası,soğan soda un mısır nişastası yumurta tuz karabiber kırmızı toz biber galeta unu sıvı yağ
Sütlü Kabak Kızartması,taze kabak yumurta süt sirke karbonat un tuz karabiber sıvıyağ yoğurt dereotu
Taze Barbunya Derin Dondurucuda Nasıl Saklanır,taze barbunya buzdolabı poşeti
Taze Sarımsak Nasıl Saklanır,taze sarımsak zeytinyağı sıvıyağ adet kavanoz
Kıymalı Havuçlu Patates Yemeği,patates havuç kıyma yeşil biber domates salçası zeytinyağı tuz karabiber
Yer Elması Yemeği,yer elması havuç soğan patates pirinç zeytinyağı toz şeker tuz
Yumurtalı Pazı,pazı soğan zeytinyağı pirinç yumurta kırmızı pul biber tuz
Mandalinalı Kereviz Yemeği,kereviz soğan garnitür mandalina suyu zeytinyağı kesme şeker tuz dereotu
Girit Ezmesi,ezine beyaz peynir i̇zmir tulumu lor peyniri ceviz pirinç fıstık zeytinyağı kırmızı toz biber kekik fesleğen dereotu maydanoz
Cennet Çorbası,mısır unu tereyağı kuru soğan patates sarımsak tavuk suyu sıcak su tuz karabiber kırmızı toz biber
Taş Kadayıf,ılık süt ılık su instant kuru maya toz şeker tuz un sıvı yağ ceviz kırığı toz şeker şerbet su şerbet limon suyu
Hatay Kağıt Kebabı,dana kıyma kuzu kıyma sivri biber kırmızı kapya biber sarımsak maydanoz tuz karabiber domates yeşil biber
Tavuklu Buhara Pilavı,pilavlık pirinç kuşbaşı tavuk eti havuç soğan tere yağı zeytinyağı kesme şeker sıcak su tarçın karabiber çiğ badem dolmalık fıstık sıvı yağ
Babata Keki,yumurta toz şeker yoğurt sıvı yağ tahin kabartma tozu vanilya mısır unu un susam
Çerkez Çorbası,aşurelik buğday tavuk baget haşlanmış mısır sıcak su tuz yoğurt yumurta sarısı un tere yağı kuru nane
Lömbedek Tatlısı,yumurta sıvıyağ yoğurt vanilya kabartma tozu un şerbet toz şeker şerbet su
Patlıcan Çullama,patlıcan soğan domates kırmızı kapya biber yeşil biber sarımsak domates salçası zeytinyağı tuz kırmızı pul biber maydanoz
Aside Tatlısı,un süt üzüm pekmezi tereyağı ceviz içi
Ev Yapımı Köy Peyniri,günlük süt peynir mayası kaynar su tuz
Karmaca,pırasa yumurta sıvı yağ yoğurt toz şeker tuz karabiber lor peyniri kabartma tozu mısır unu
Katmerli Çörek,ılık süt toz şeker sıvıyağ instant kuru maya yumurta akı tuz un yumuşak tereyağı yumurta sarısı
Lalanga,yumurta süt tuz kaşar peynir un
Mamzana,patlıcan kırmızı kapya biber yeşil biber domates maydanoz zeytinyağı kırmızı pul biber tuz yoğurt sarımsak kırmızı toz biber
Mengen Çorbası ve Pilavı,kalın bulgur soğan tereyağı un domates salçası biber salçası su et suyu tuz kuru nane kırmızı pulbiber
Mısır Ekmeği,mısır unu un kabartma tozu toz şeker tuz ılık su ılık süt sıvı yağ
Şaraşura,taze fasulye soğan patlıcan kabak patates sivri biber domates domates salçası zeytinyağı sıcak su tuz
Tavuklu Lebeniye Çorbası,kalçalı tavuk budu soğan haşlanmış nohut pirinç zeytinyağı su tuz terbiye yoğurt yumurta sarısı un tereyağı zeytinyağı kuru nane
Van Cacığı,salatalık süzme yoğurt dereotu maydanoz taze soğan sivri biber tuz tere yağı
Yufkadan Fındık Lahmacun,yufka kıyma soğan domates sivri biber sarıkmsak domates salçası biber salçası tuz karabiber kırmızı pul biber su
Arnavut Paçası,yumurta yoğurt un sirke sarımsak su tuz tereayağı kırmızı toz biber sucuk
Badem Tatlısı,tereyağı yumurta sıvı yağ toz şeker irmik hindistan cevizi vanilya kabartma tozu un su toz şeker limon suyu fındık kırığı
Bezirgan Salatası,soğan domates salçası ceviz maydanoz taze nane kimyon sumak kırmızı toz biber tuz
Çerkez Tavuğu,tavuk göğsü ceviz içi bayat ekmek içi sarımsak tavuk suyu tuz kimyon tere yağı zeytinyağı kırmızı pulbiber
Nevzine Tatlısı,tereyağı sıvı yağ süt tahin sirke kabartma tozu un ceviz şerbet su toz şeker limon suyu dut üzüm pekmezi yeşil toz fıstık tahin
Sıkıcık Çorbası,köftelik ince bulgur toz tarhana sıcak su un tuz kuru nane soğan tereyağı zeytinyağı domates salçası sıcak su yoğurt kırmızı toz biber
Yalancı Cezerye,havuç pötibör bisküvi tere yağı toz şeker su pekmez tarçın hindistan cevizi dövülmüş ceviz
Ajvar Sos,patlıcan kırmızı kapya biber domates soğan sarımsak zeytinyağı kırmızı pul biber kırmızı toz biber tuz
Anadolu Çorbası,yeşil mercimek kırmızı mercimek bulgur pirinç buğday sıcak su tuz yoğurt yumurta sarısı un kuru soğan tere yağı zeytinyağı kuru nane kimyon kırmızı pul biber karabiber
Belen Tava,koyun dana eti yeşil biber kırmızı kapya biber domates soğan sarımsak dolusudomates salçası zeytinyağı ılık su tereyağı tuz kekik karabiber
Bisküvili Parfe,krem şanti tozu soğuk süt oreo negro bisküvi damla çikolata fındık ceviz vanilya
Çeşmi Nigar Çorbası,kırmızı mercimek kuru soğan tere yağı sıvı yağ un su tuz yumurta sarısı süt limon suyu domates salçası nane kırmızı pul biber
Çökertme Kebabı,biftek patates yoğurt zeytinyağı tuz kekik kırmızı pul biber sıvıyağ soğan sarımsak sirke kimyon domates domates salçası
Dovga Çorbası,pirinç yoğurt su un yumurta sarısı ıspanak kişniş dereotu taze nane
Ekşili Sulu Köfte,patates havuç tere yağı zeytinyağı sıcak su maydanoz tuz kıyma soğan pirinç ince bulgur karabiber kırmızı pul biber kimyon un yumurta sarısı limon suyu
Erişteli Barbunya Çorbası,erişte barbunya domates salçası biber salçası soğan tereyağı sıvı yağ sıcak su tuz maydanoz
Erzurum Helvası,tere yağı sıvı yağ un un toz şeker su
Fırında Porsiyon Musakka,patlıcan kıyma soğan sivri biber kırmızı kapya biber domates domates salçası zeytinyağı ılık su tuz karabiber
Gülüklü Çorbası,tavuk göğsü haşlanmış nohut pirinç domates biber salçası zeytinyağı kuru nane kırmızı pul biber tavuk suyu sıcak su tuz kıyma karabiber
Hamursuz Arabaşı Çorbası,tavuk baget sıcak su zeytinyağı tereayağı un domates salçası biber salçası kırmızı pul biber karabiber nane tuz
Haşu Pilavı,pilavlık pirinç kuşbaşı kuzu eti çiğ badem maydanoz yenibahar karabiber tereyağı zeytinyağı sıcak su tuz
Hatay Usulü Acuka,biber salçası zeytinyağı kırık ceviz sarımsak yoğurt çörek otu kavrulmuş susam kırmızı pul biber kimyon karabiber tuz
İmaret Çorbası,süt su pirinç soğan zeytinyağı tuz terbiye üzeri
Kabak Sıyırma,kabak kuru soğan sarımsak pirinç zeytinyağı limon suyu sıcak su tuz dereotu
Kesme Nevzine Tatlısı,tere yağı süt sıvı yağ tahin sirke kabartma tozu çekilmiş ceviz un toz şeker su pekmez limon suyu yeşil toz fıstık
Köme Çorbası,yoğurt patlıcan patates domates yeşil biber nohut yeşil mercimek buğday yumurta un zeytinyağı su tereyağı kuru nane
Kupta Güllaç,güllaç süt toz şeker gül suyu vanilya vişne dövülmüş fındık fıstık
Limonlu Yoğurt Tatlısı,yumurta yoğurt toz şeker un sıvı yağ kabartma tozu vanilya limon kabuğu şerbet
Mişoriz,pilavlık pirinç tere yağı zeytinyağı soğan domates salçası kırmızı toz biber karabiber kuru nane tavuk suyu tuz tavuk baget tere yağı
Muradiye Çorbası,tavuk göğsü kabak havuç arpa şehriye zeytinyağı su tuz karabiber yoğurt un su tereyağı kuru nane
Pankek,yumurta süt toz şeker sıvı yağ kabartma tozu vanilya un
Pelte Tatlısı,su üzüm pekmezi un ceviz içi
Pesmet,yoğurt karbonat tuz un sıvı yağ
Porsiyonluk Nevzine Tatlısı,tere yağı sıvı yağ yoğurt tahin sirke kabartma tozu un su toz şeker limon suyu pekmez
Ramazan Kıyması,kıyma ıspanak yumurta tereyağı zeytinyağı domates salçası domates soğan maydanoz tuz karabiber
Sarıyer Poğaçası,margarin instant kuru maya süt yumurta tuz toz şeker un kaşar peynir dilimleri yumurta sarısı pudra şekeri
Sivas Katmeri,ılık süt ılık su yaş maya tuz toz şeker un tereyağı yumurta sarısı yoğurt
Süt Helvası,tere yağı un süt yumurta sarısı toz şeker vanilya
Tahinli Pide,yaş maya ılık su ılık süt sıvı yağ toz şeker tuz un tahin toz şeker so kaynar su so yumurta sarısı pekmez
Tavada Mayalı Katmer,ılık süt tuz instant kuru maya un tere yağı sıvı yağ
Tavuklu Düğün Çorbası,tavuk butu sıcak su un yoğurt yumurta sarısı tuz tere yağı kırmızı toz biber
Tutmaç Çorbası,erişte haşlanmış yeşil mercimek haşlanmış nohut sıcak su yoğurt yumurta sarısı un soğan zeytinyağı kuru nane
Tzatziki (Yunan Cacığı),salatalık süzme yoğurt sarımsak zeytinyağı limon suyu sirke dereotu
Yüksük Çorbası,manti nohut tere yağı domates salçası et suyu su kuru nane tuz
Baklavalık Yufkadan Fıstıklı Katmer,baklavalık yufka kaymak pudra şekeri yeşil toz fıstık tereyağı
Beyti Kebabı,kıyma yufka soğan maydanoz galeta unu biber salçası file antep fıstığı karabiber kimyon tuz tere yağı sıvıyağ domates salçası su
Bitlis Cacığı,salatalık yoğurt su zeytinyağı elma sirkesi taze nane dereotu sarımsak tuz
Börülce Salatası,taze börülce domates sarımsak zeytinyağı limon tuz
Diyarbakır Usulü Ayran,yoğurt soğuk su salatalık taze nane tuz buz küpü
Fırında Kazan Kebabı,patlıcan kıyma soğan maydanoz galeta unu tuz karabiber kimyon domates salçası su
Fırında Sıcak Helva,tahin helvası süt tere yağı limon suyu limon kabuğu rendesi
Fiyonk Tatlısı,yumurta un kabartma tozu yoğurt zeytinyağı şerbet su şeker limon suyu
Girit Usulü Cacık,salatalık süzme yoğurt taze nane dereotu sarımsak zeytinyağı tuz karabiber
Harire Tatlısı,üzüm pekmezi su un tarçın ceviz içi
Hasbeli Aş,pilavlık bulgur yeşil mercimek soğan tere yağı zeytinyağı sıcak su tuz
Hedik Çorbası,nohut buğday soğan zeytinyağı domates salçası biber salçası su kekik kırmızı pul biber tuz
Höşmerim,çiğ süt peynir mayası yumurta toz şeker irmik tereyağı
İspanyol Omleti,yumurta patates soğan zeytinyağı tereyağı tuz karabiber
Kaygana,yumurta yoğurt su un taze soğan maydanoz sivri biber tuz tereyağı
Lebeniye Çorbası,nohut pirinç süzme yoğurt un limon suyu su kıyma soğan tuz karabiber kuru nane tere yağı
Lutenitsa,domates patlıcan kırmızı kapya biber havuç sarıkmsak zeytinyağı sirke toz şeker tuz
Mantarlı Et Sote,kuşbaşı dana antrikot mantar kırmızı biber yeşil biber soğan tere yağı tuz karabiber
Para Para Çorbası,yumurta un tuz su yumurta sarısı yoğurt un tereayağı kırmızı toz biber
Patatesli Bazlama,ılık süt ılık su instant kuru maya sıvı yağ tuz un patates kırmızı pul biber kırmızı toz biber kuru nane
Pırasa Diblesi,pırasa pirinç soğan domates zeytinyağı sıcak su tuz karabiber tere yağı
Samsıra,susam pekmez
Soğuk Baklava,hazır baklavalık yufka tereyağı sıvı yağ toz şeker su limon suyu süt sıvı krema fındık sütlü çikolata kakao
Tablacı Salatası,domates soğan maydanoz sumak kırmızı toz biber tuz zeytinyağı nar ekşisi
Tas Kebabı,kuşbaşı dana eti patates havuç soğan domates salçası zeytinyağı tuz karabiber
Taze Bamya Çorbası,taze bamya kuşbaşı doğranmış et kuru soğan sarımsak domates domates salçası biber salçası limon suyu tereyağı zeytinyağı sıcak su tuz karabiber
Velibah,ılık süt ılık su instant kuru maya sıvı yağ tuz un patates kırmızı pul biber kırmızı toz biber karabiber kuru nane
Zerde Tatlısı,pirinç toz şeker su nişasta çam fıstığı kuş üzümü zerdeçal
Arpacık Soğanlı Et Yahnisi,kuşbaşı doğranmış dana kuzu eti arpacic soğan domates salçası tere yağı zeytinyağı sirke tuz karabiber
Boşnak Tatlısı,yumurta toz şeker sıvı yağ yoğurt vanilya kabartma tozu karbonat un su toz şeker fındık
Ekşili Köfte,kıyma havuç soğan yumurta pirinç galeta unu su nane karabiber tuz un terbiye yumurta sarısı limon suyu
Fava,kuru iç bakla kuru soğan zeytinyağı toz şeker tuz zeytinyağı
Geleli Kebabı,kuşbaşı doğranmış et patlıcan yeşil biber domates soğan sarımsak domates salçası zeytinyağı su tuz karabiber
Haşhaşlı Rulo Çörek,ılık süt sıvıyağ toz şeker tuz instant kuru maya un haşhaş ezmesi toz şeker sıvıyağ yumurta sarısı
İç Baklalı Enginar Yemeği,iç bakla çanak enginar soğan havuç zeytinyağı limon suyu sıcak su toz şeker tuz dereotu taze soğan
İtalyan Salatası,hazır garnitür kornişon turşu kaşar peynir ince salam süzme yoğurt dolu mayonez tuz
Kaçamak,mısır unu su tuz tere yağı kırmızı toz biber
Karalahana Çorbası,karalahana kuru soğan sarımsak domates salçası mısır unu haşlanmış barbunya haşlanmış mısır tere yağı sıvı yağ sıcak su et suyu tuz karabiber kırmızı pul biber
Köfteli Düğün Çorbası,kıyma soğan un yoğurt yumurta sarısı tuz tereayağı kırmızı pul biber kuru nane sıcak su
Kolaç,ılık su instant kuru maya tuz toz şeker un sıvı yağ
Madımak Yemeği,madımak soğan sarımsak zeytinyağı bulgur domates salçası su tuz
Mayasız Tava Ekmeği,yumurta su nişasta mısır unu kabartma tozu tuz un un
Mısır Unlu Taze Fasulye Kızartması,taze fasulye yumurta tuz karabiber kırmızı pul biber sıvı yağ mısır unu
Müceddere Pilavı,pilavlık bulgur yeşil mercimek soğan domates salçası zeytinyağı tere yağı sıcak su tuz karabiber kırmızı pul biber
Pekmezli Kaçamak,mısır unu su tuz pekmez
Şam Tatlısı (Şambali),irmik yoğurt toz şeker un karbonat vanilya tuzsuz fıstık şerbet
Su Muhallebisi,su süt toz şeker mısır nişastası
Waffle,yumurta süt toz şeker sıvı yağ vanilya kabartma tozu un çilek muz kivi krem çikolata fındık fıstık
Yaprak Kabak Tatlısı,bal kabağı toz şeker ceviz fıstık tahin
Börülce Tarator,taze börülce limon suyu zeytinyağı sarımsak tuz
Erik Pestili,kırmızı erik toz şeker nişasta su
Karadeniz Usulü Fasulye Diblesi,taze fasulye pirinç zeytinyağı soğan domates sıcak su tuz
Lavaştan Kayseri Yağlaması,lavaş kıyma soğan sivri biber domates domates salçası biber salçası zeytinyağı sıcak su tuz karabiber kırmızı pul biber
Pincur Soslu Pizza,etli kırmızı kapya biber domates sarımsak zeytinyağı toz şeker tuz sirke maydanoz instant kuru maya toz şeker tuz zeytinyağı ılık su un
Siyez Bulgur Pilavı,siyez bulgur soğan tere yağı zeytinyağı domates salçası sıcak su kırmızı pul biber kimyon tuz
Topalak Yemeği,nohut domates salçası soğan zeytinyağı sıcak su tuz dana kıyma köftelik bulgur un kimyon karabiber maydanoz
Andaloz Çorbası,tere yağı un domates salçası pirinç su maydanoz tuz
Erişteli Bulgur Pilavı,pilavlık bulgur eriste sıvı yağ tereyağı tavuk et suyu sıcak su tuz
Haşhaşlı Cevizli Burma Çörek,ılık süt sıvıyağ toz şeker tuz instant kuru maya un haşhaş ezmesi toz şeker sıvıyağ ince çekilmiş ceviz yumurta sarısı
Nohut Mayası,nohut un tuz toz şeker sıcak su
Pazılı Cacık,pazı yoğurt sarımsak su tuz zeytinyağı
Pirpirim Salatası,semizotu domates salatalık yeşil sivri biber zeytinyağı nar ekşisi kırmızı pul biber tuz
Zerdeçallı Tavuk Çorbası,tavuk budu tavuk suyu sıcak su tere yağı un tel şehriye zerdeçal tuz
Dudove Tatlısı,yumurta toz şeker sıvı yağ yoğurt vanilya kabartma tozu karbonat un su toz şeker fındık
Erzincan Lokumu,tere yağı yumurta yoğurt sıvı yağ toz şeker kabartma tozu vanilya un pudra şekeri
Fesleğenli Pesto Sos,fesleğen parmesan peyniri çam fıstığı ceviz içi zeytinyağı sarımsak tuz
Havyar (Tarama Mezesi),kırmızı havyar zeytinyağı limon suyu ekmek içi
Kıymalı Volovan,kare milföy kıyma soğan sarımsak çerliston biber zeytinyağı çeri domates yumurta sarısı tuz karabiber
Milföylü Perde Pilavı,kare milföy pilavlık pirinç kuşbaşı doğranmış tavuk eti çiğ badem çam fıstığı kuş üzümü tere yağı sıcak su tuz yumurta sarısı
Tavuklu Büryan Pilavı,pilavlık pirinç tavuk baget domates tereyağı tavuk suyu tuz
Yeşil Mercimekli Sulu Köfte,yeşil mercimek domates salçası biber salçası sarımsak kuru nane zeytinyağı sıcak su kıyma ince bulgur kuru soğan tuz karabiber kırmızı toz biber
Yumurtalı Yufka,yufka yumurta tere yağı zeytinyağı tuz
Sarıyer Böreği,baklavalık yufka tereyağı sıvı yağ süt maden suyu yumurta tuz kıyma soğan kuş üzümü çam fıstığı tuz kimyon karabiber
Akdeniz Salatası,marul lolorosso roko çeri domatesi dolmalık yeşil zeytin siyah zeytin beyaz peynir zeytinyağı limon suyu nar ekşisi tuz karabiber
Haşhaşlı Hira Tatlısı,yumurta irmik yoğurt eritilmiş tereyağı kabartma tozu vanilya un mavi haşhaş mavi haşhaş fındık ceviz sıcak su toz şeker limon suyu
Erişteli Yeşil Mercimek Çorbası,yeşil mercimek eriste makarna soğan sarimsak domates salçası su tuz karabiber tere yağı nane kırmızı pulbiber
Pırasa Tava,pırasa yumurta mısır unu havuç tuz karabiber sıvı yağ
Arpacık Soğanlı Tavuk Yahnisi,tavuk göğsü patates havuç arpacık soğan domates salçası su tuz karabiber
Aşure Tatlısı,buğday toz şeker haşlanmış kuru fasulye haşlanmış nohut kuş üzümü kuru incir kuru kayısı çiğ badem pirinç portakal elma su gül suyu karanfil
Baklavalık Yufkadan Beyti Kebabı,baklavalık yufka kıyma soğan tereyağı domates salçası sıcak su yoğurt
Barbunyalı Taze Fasulye,taze fasulye taze barbunya zeytinyağı domates soğan sarımsak toz şeker tuz
Beyaz Detoks Çorbası,enginar kereviz soğan sarımsak dereotu zerdeçal zencefil su
Çıngıllı Mantı,yumurta su tuz un
Duvak Pilavı,pilavlık pirinç su kıyma soğan tere yağı çiğ badem maydanoz tuz karabiber
Elazığ Usulü Kısır,kısırlık bulgur soğan sarımsak zeytinyağı ılık su domates salçası domates salatalık maydanoz nar ekşisi limon suyu tuz karabiber pul biber kekik
Etli Buhara Pilavı,pilavlık pirinç havuç kavrulmuş kuşbaşı et et suyu soğan tereyağı çiğ badem dolmalık fıstık kuş üzümü tuz karabiber
Etli Lahana Dolması,lahana yaprağı kıyma pirinç soğan dereotu maydanoz domates salçası biber salçası zeytinyağı tuz karabiber
Etli Yaprak Sarması,salamura asma yaprağı kıyma soğan pirinç dereotu maydanoz domates salçası biber salçası zeytinyağı tuz karabiber
Ev Yapımı Koca Kulak Mantısı,su yumurta tuz un kıyma soğan tuz karabiber
Fırında Kıymalı Karnıyarık,patlıcan kıyma domates yeşil biber soğan sarımsak zeytinyağı tuz karabiber
Fırında Salçalı Patatesli Köfte,köftelik kıyma yumurta soğan patates maydanoz domates salçası su galeta unu tuz karabiber kekik kimyon
Frambuazlı Trileçe Tatlısı,süt süt kreması süt tozu toz şeker toz şeker yumurta vanilya un kabartma tozu frambuaz jöle
Havuçlu Kabak Çorbası,kabak havuç sarımsak tereyağı un süt sıcak su dereotu tuz karabiber zeytinyağ
İç Pilavlı Kaburga Dolması,kuzukoyun kaburgası pirinç çam fıstığı kuş üzümü zeytinyağı soğan tuz karabiber yoğurt domates salçası kırmızı toz biber
Kemalpaşa Tatlısı,kemalpaşa tatlısı toz şeker su hindistan cevizi yeşil toz fıstık
Kestaneli Tarhana Çorbası,tarhana kestane domates salçası biber salçası tere yağı su tuz
Kıymalı Mercimek Yemeği,yeşil mercimek kavrulmuş kıyma soğan domates salçası kesme şeker tuz karabiber
Klasik Sütlaç,süt toz şeker pirinç su
Köfteli Patlıcan Sarma,patlıcan kıyma yumurta soğan maydanoz galeta unu tuz karabiber kekik kimyon domates tere yağı sarımsak
Kuzu Gömleği Sarması,kuzu gömleği kuzu ciğer pirinç kuş üzümü zeytinyağı tuz karabiber kimyon yumurta sarısı
Lor Peynirli Yumurta,yumurta lor peyniri tereyağı kırmızı pul biber karabiber
Narlı Bulgurlu Tabule Salatası,pilavlık bulgur kırmızı biber nar kornişon turşu ceviz maydanoz dereotu nar ekşisi zeytinyağı limon suyu tuz
Otlu Sini Pidesi,ılık süt ılık su zeytinyağı toz şeker tuz yumurta akı yaş maya un pazı soğan karabiber yumurta sarısı susam
Patatesli Kıbrıs Köftesi,dana kıyma patates soğan sarimsak galeta unu yumurta maydanoz kırmızı pul biber karabiber kimyon tuz
Patates Pilaki,patates havuç domates soğan sarımsak zeytinyağı su kesme şeker tuz
Şakşukalı Kırmızı Biber Dolması,kırmızı biber patates kabak patlıcan sıvıyağ domates sarımsak kesme şeker tuz
Soğuk Mısır Çorbası,bulgur çorbalık mısır salatalık yoğurt dereotu taze nane su zeytinyağı tuz
Sultan Lokumu,süt toz şeker irmik toz krem şanti hindistan cevizi
Sütlü Ovmaç Çorbası,süt yumurta un tuz tere yağı kırmızı toz biber
Tavada Kuzu Pirzola Kızartma,kuzu pirzola kekik kimyon sıvıyağ tuz
Tavuklu Hünkar Beğendi,tavuk göğsü soğan domates yeşil biber kırmızı toz biber tuz karabiber patlıcan tere yağı un süt kaşar peynir
Tekirdağ Köftesi,dana kıyma soğan sarımsak irmik karbonat karabiber kırmızı toz biber kırmızı pul biber kimyon tuz
Tencerede Sebzeli Et Yemeği,kuzu eti patates havuç soğan domates yeşil biber sarımsak domates salçası tuz karabiber
Terbiyeli Sebzeli Pirinçli Sulu Köfte Yemeği,kıyma soğan maydanoz domates salçası pirinç galeta unu patates havuç su karabiber tuz terbiye yumurta sarısı limon suyu
Trileçe Arnavut Tatlısı,yumurta toz şeker un kabartma tozu vanilya süt süt kreması toz şeker süt tozu karamel jöle
Yumurtalı Fasulye Turşusu Kavurması,taze fasulye turşusu soğan tere yağı yumurta
Zeytinyağlı Yaprak Sarması,salamura asma yaprağı soğan pirinç kuş üzümü dolmalık fıstık dereotu maydanoz toz şeker zeytinyağı limon tuz karabiber
4 Kaşık Çorbası,yeşil mercimek kırmızı mercimek bulgur pirinç sıcak su tuz yoğurt yumurta sarısı un kuru soğan zeytinyağı kuru nane kırmızı pul biber
Erişteli Nohutlu Yayla Çorbası,erişte haşlanmış nohut su tuz yoğurt yumurta sarısı un tereayağı kuru nane kırmızı pul biber
Közlenmiş Biberli Domates Çorbası,domates kapyabiber soğan sarimsak domates salçası tere yağı zeytinyağı un süt tuz kekik karabiber sıcak su
Pirinçli Yoğurt Çorbası,pirinç su tuz yoğurt yumurta sarısı un tere yağı kuru nane
Arpa Şehriyeli Yoğurt Çorbası,arpa şehriye sıvı yağ sıcak su yoğurt yumurta sarısı un tereayağı kuru nane
Bıt Bıt Çorbası,kıyma ince bulgur haşlanmış nohut kuru soğan yumurta un karabiber sıvı yağ su tuz yoğurt yumurta sarısı tereyağı biber salçası kuru nane
Lokanta Usulü Tavuk Çorbası,tavuk göğsü fileto su tere yağı sıvı yağ un pirinç yumurta sarısı yoğurt sarımsak limon suyu
Alişke Çorbası,kemiksiz tavuk eti patates soğan domates tereyağı sıcak su tuz un su yumurta limon suyu
Aşçıbaşı Çorbası,tavuk göğsü fileto kırmızı mercimek tel şehriye domates soğan tereyağı sıvı yağ un domates salçası tavuk suyu tuz karabiber kuru nane kırmızı pul biber maydanoz
Bulgur Çorbası,kalın bulgur soğan yeşil biber domates domates salçası zeytinyağı sıcak su maydanoz tuz
Gırar Çorbası,haşlanmış buğday haşlanmış nohut küçük boy kabak taze nane tereyağı yoğurt yumurta sarısı un su
Hidiv Çorbası,patates kabak havuç zeytinyağı sıcak su tuz karabiber tereyağı un soğuk su yumurta sarısı süt dereotu
Karamelize Soğanlı Çorba,soğan un zeytinyağı tereyağı süt su tuz karabiber
Kıymalı Erişte Çorbası,eriste kıyma tereyağı sıvı yağ soğan domates salçası sıcak su tuz yoğurt yumurta sarısı un kuru nane
Kolay Domates Çorbası,domates püresi domates salçası tere yağı un su süt tuz karabiber
Kremasız Mantar Çorbası,kültür mantarı soğan sarımsak tereyağı zeytinyağı un süt suy tuz karabiber
Lokanta Usulü Yayla Çorbası,pirinç yoğurt su yumurta sarısı un tuz tereayağı kuru nane
Mantarlı Kuskuslu Tavuk Çorbası,tavuk budu kültür mantarı sıvı yağ un tavuk suyu kuskus süt maydanoz tuz karabiber
Sakala Çarpan Çorbası,haşlanmış yeşil mercimek erişte soğan domates salçası tereyağ zeytinyağı su tuz karabiber nane
Sarımsaklı Un Çorbası,un tereyağı zeytinyağı sarımsak su tuz karabiber kırmızı toz biber kuru nane sirke
Sebzeli Mantar Çorbası,kültür mantarı havuç kırmızı kapya biber soğan sarımsak dereotu un tereyağı zeytinyağı ılık su süt tuz karabiber
Terbiyeli Tavuk Çorbası,tavuk but soğan tel şehriye su tuz karabiber yumurta sarısı limon suyu un çay bardağı su
Topçata Çorbası,bulgur iri bulgur ince sıcak su tuz kıyma kimyon yoğurt yumurta sarısı maydanoz
Valide Sultan Çorbası,pirinç bulgur hazır garnitür su tuz kıyma soğan galeta unu yoğurt un tereyağı kuru nane
Yoğurtlu Semizotu Çorbası,semizotu bulgur soğan zeytinyağı su tuz yoğurt yumurta sarısı un limon suyu
Artan Pilavdan Çorba,yoğurt yumurta sarısı un su pirinç pilavı tuz tereyağı kuru nane
Brüksel Lahanası Çorbası,brüksel lahanası zeytinyağı un süt su karabiber tuz
Etli Bamya Çorbası,taze bamya kuşbaşı doğranmış et küçük boy kuru soğan orta boy domates sarıkmsak domates salçası biber salçası tere yağı zeytinyağı limon suyu sıcak su tuz karabiber
Havuç Çorbası,havuç patates soğan tereyağı un süt su karabiber tuz dereotu
Havuçlu Mantar Çorbası,kültür mantarı havuç soğan sarıkmsak tere yağı zeytinyağı un tavuk suyu su süt dereotu tuz karabiber
Helle Çorbası,un tere yağı sıvı yağ pirinç su tuz kırmızı toz biber
İpek Çorbası,kırmızı mercimek tavuk göğsü kırmızı kapya biber havuç patates tavuk suyu süt un sıvı yağ tuz tereyağı kuru naen kırmızı kapya biber
Kavrulmuş Tarhana Çorbası,toz tarhana tere yağı domates salçası biber salçası sarımsak su kırmızı pul biber kuru nane tuz
Köfteli Şehriye Çorbası,arpa şehriye dolusudomates salçası sıvı yağ domates su tuz kıyma karabiber maydanoz
Közlenmiş Patlıcan Çorbası,patlıcan tere yağı zeytinyağı un sarımsak süt su tuz karabiber kırmızı pul biber
Kuskus Çorbası,kuskus makarna kuru soğan kıyma sıvı yağ domates salçası su tuz pulbiber nane
Lokanta Usulü Ezogelin Çorbası,kırmızı mercimek bulgur pirinç soğan tereyağı un domates salçası sıcak su nane pulbiber tuz karabiber
Mantarlı Domates Çorbası,domates püresi kültür mantar domates salçası tere yağı un sarımsak su tuz karabiber
Mercimekli Tarhana Çorbası,toz tarhana kırmızı mercimek domates salçası tereyağı zeytinyağı su karabiber tuz
Nohutlu Tarhana Çorbası,toz tarhana haşlanmış nohut tere yağı zeytinyağı domates salçası sarımsak soğuk su kuru nane kırmızı pul biber karabiber tuz
Patatesli Kabak Çorbası,kabak patates havuç tereyağı zeytinyağı un süt su tuz karabiber dereotu
Patatesli Mercimek Çorbası,kırmızı mercimek kuru soğan havuç patates tere yağı zeytinyağı sıcak su tuz karabiber
Pirinç Çorbası,pirinç soğan sivri biber kırmızı biber domates domates salçası zeytinyağı maydanoz sıcak su tuz karabiber
Kremalı Sebze Çorbası,patates havuç kırmızı kapya biber soğan kabak haşlanmış bezelye konserve mısır sıvı yağ un sıvı krema sıcak su tuz karabiber dereotu
Sebzeli Tavuk Çorbası,tavuk but havuç kırmızı kapya biber yeşil biber sarımsak tereyağı sıvı yağ un tel şehriye maydanoz tavuk suyu tuz karabiber
Semizotu Çorbası,semizotu bulgur soğan zeytinyağı su tuz yoğurt yumurta sarısı un limon suyu
Süleymaniye Çorbası,kırmızı mercimek ıspanak yaprağı patates havuç kabak kuru soğan sarımsak tereyağı un zeytinyağı tuz karabiber sıcak su kıyma
Sütlü Erişte Çorbası,erişte süt su tere yağı kuru nane kırmızı toz biber tuz
Sütlü Mantar Çorbası,kültür mantarı un sıvı yağ süt suy tuz karabiber
Sütlü Mısır Çorbası,haşlanmış konserve mısır süt tavuk suyu tere yağı sıvı yağ un dereotu tuz pul biber
Sütlü Un Çorbası,un tereyağı sıvı yağ süt su tuz kırmızı toz biber kuru nane
Tavuklu Mercimek Çorbası,kırmızı mercimek tavuk baget soğan sarımsak un tereyağı tuz sıvı yağ kırmızı toz biber
Tel Şehriye Çorbası,tel şehriye haşlanmış nohut domates salçası zeytinyağı su maydanoz kırmızı pul biber tuz
Terbiyeli Ispanak Çorbası,ıspanak soğan sıvı yağ su tuz yoğurt yumurta sarısı un limon suyu tereayağı kırmızı pul biber
Terbiyeli Kavrulmuş Şehriye Çorbası,tel şehriye tereyağı sıcak su tuz karabiber yumurta sarısı yoğurt
Terbiyeli Pırasa Çorbası,pırasa tere yağı su tuz karabiber yoğurt yumurta sarısı un limon suyu
Terbiyeli Şehriye Çorbası,arpa şehriye tereyağı su yoğurt yumurta sarısı un kuru nane kırmızı pul biber
Yeşil Mercimekli Mantı Çorbası,yeşil mercimek hazır kayseri mantısı yoğurt yumurta sarısı un su tuz tere yağı nane kırmızı pulbiber
Yoğurtlu Mısır Unu Çorbası,mısır unu tereyağı yoğurt yumurta sarısı arpa şehriye sıcak su tuz kırmızı toz biber kuru nane
Yoğurtlu Topalak Çorbası,irmik ince bulgur kuru soğan yumurta akı yumurta sarısı sıcak su haşlanmış nohut sıcak su tuz karabiber yoğurt un limon suyu tereyağı zeytinyağı kırmızı toz biber kuru nane
Arpa Şehriye Çorbası,arpa şehriye soğan havuç yeşil biber tereyağ sıvı yağ domates salçası limon suyu maydanoz sıcak su tuz karabiber
Avokado Çorbası,avokado yoğurt salatalık dereotu taze nane zeytinyağı limon suyu su tuz
Dövme Buğday Çorbası,aşurelik buğday haşlanmış nohut yumurta sarısı un yoğurt tavuk et suyu tuz tere yağı kuru nane
Erişteli Kırmızı Mercimek Çorbası,kırmızı mercimek erişte haşlanmış nohut zeytinyağı tere yağı domates salçası sıcak su kuru nane tuz
Erzincan Çorbası,kıyma tuz karabiber soğan zeytinyağı erişte nohut su yoğurt un yumurta sarısı limon suyu sarımsak su tereyağı kuru nane
Ispanaklı Şehriye Çorbası,ıspanak tel şehriye domates salçası soğan su zeytinyağı tuz karabiber
Karnabahar Yaprağı Çorbası,karnabahar yaprağı soğan havuç pirinç zeytinyağı domates salçası sıcak su maydanoz tuz
Kış Çorbası,ıspanak yaprağı havuç un tere yağı sarımsak su tuz karabiber
Kıymalı Yeşil Mercimekli Şehriye Çorbası,kıyma yeşil mercimek arpa şehriye domates salçası maydanoz sıvı yağ sıcak su kırmızı pul biber karabiber tuz
Kremalı Mercimek Çorbası,kırmızı mercimek kuru soğan patates sarımsak tere yağı sıvı yağ domates salçası sıvı krema sıcak su tuz kuru nane karabiber
Mantarlı Tarhana Çorbası,kültür mantarı toz tarhana domates salçası biber salçası kırmızı kapya biber sarıkmsak tere yağı su tuz kuru nane
Mercimekli Erişteli Yoğurt Çorbası,erişte haşlanmış yeşil mercimek haşlanmış nohut sıcak su yoğurt yumurta sarısı un soğan zeytinyağı kuru nane
Mısırlı Patates Çorbası,patates soğan konserve mısır zeytinyağı un su tuz tereyağı kırmızı toz biber
Nohutlu Patates Çorbası,haşlanmış nohut patates soğan tereyağı un su zerdeçal tuz zeytinyağı kırmızı toz biber
Pancar Çorbası,kırmızı pancar patates havuç kuru soğan sarımsak zeytinyağı su tuz karabiber
Paşazade Çorbası,kıyma soğan galeta unu maydanoz tuz karabiber patates haşlanmış nohut su yoğurt yumurta sarısı un tere yağı nane
Pirinçli Tarhana Çorbası,toz tarhana pirinç tereyağı domates salçası biber salçası su kırmızı pul biber kuru nane tuz
Brokoli Çorbası,brokoli soğan havuç patates süt tere yağı un tuz karabiber
Sütlü Soğan Çorbası,kuru soğan tereyağı zeytinyağı sarımsak un süt süt tuz karabiber kırmızı toz biber
Tavuklu Tarhana Çorbası,toz tarhana tavuk but tere yağı sarımsak domates salçası tavuk suyu su kuru nane tuz
Tavuk Suyu Çorbası,kalçalı tavuk but tel şehriye soğan sarımsak havuç zeytinyağı maydanoz tavuk suyu tuz karabiber terbiye yumurta sarısı un su limon suyu
Yoğurtlu Kabak Çorbası,kabak soğan sarımsak zeytinyağı su dereotu tuz karabiber yoğurt un kuru nane kırmızı pul biber
Zerdeçallı Mercimek Çorbası,kırmızı mercimek kuru soğan zerdeçal tere yağı tavuk suyu sıcak su tuz
Balık Çorbası,levrek balığı su tere yağı un limon tuz sarımsak sirke
Kıymalı Mantar Çorbası,kültür mantarı kıyma soğan sarımsak sıvı yağ un süt su tuz karabiber tereyağı sıvı yağ kuru nane kırmızı toz biber
Mısır Unu Çorbası,mısır unu tere yağı tel şehriye süt su tuz sıvıyağ kırmızı pul biber kekik
Salçalı Arpa Şehriye Çorbası,arpa şehriye domates salçası domates sıvı yağ su tuz nane
Salçalı Yoğurt Çorbası,domates salçası tere yağı zeytinyağı tel şehriye sıcak su maydanoz tuz karabiber yoğurt yumurta un
Şehriyeli Domates Çorbası,domates püresi domates salçası tereyağı sıvı yağ un su arpa şehriye tuz karabiber
Toros Çorbası,irmik ince bulgur kuru soğan yumurta akı yumurta sarısı sıcak su haşlanmış nohut sıcak su tuz karabiber yoğurt un limon suyu tereayağı zeytinyağı kırmızı toz biber kırmızı pul biber
Yumurtasız Yoğurt Çorbası,pirinç yoğurt un su tuz tereyağı kuru nane
Brokolili Mercimek Çorbası,kırmızı mercimek brokoli kuru soğan sarımsak havuç patates tere yağı zeytinyağı sıcak su tuz karabiber
Kremalı Brokoli Çorbası,brokoli sarimsak et suyu süt tere yağı un süt kreması tuz karabiber
Mantı Çorbası,küçük mantı haşlanmış nohut soğan sarımsak domates salçası sıvı yağ sıcak su tuz karabiber kırmızı pul biber nane
Patlıcan Çorbası,patlıcan tereyağı un süt su kıyma kırmızı toz biber
Salçalı Domates Çorbası,domates salçası tere yağı sıvı yağ un su süt tuz karabiber
Tel Şehriyeli Tarhana Çorbası,toz tarhana tereyağı tel şehriye sarımsak domates salçası su tuz
Yoğurtlu Ezogelin Çorbası,kırmızı mercimek yoğurt kuru soğan domates salçası biber salçası pilavlık bulgur pirinç tel şehriye nane sıvı yağ su tuz
Kırmızı Biberli Mantar Çorbası,kültür mantarı kırmızı biber soğan sarımsak un tere yağı sıvı yağ süt su tuz karabiber
Sebzeli Ezogelin Çorbası,kırmızı mercimek kırmızı pirinç bulgur kabak havuç patates kuru soğan sıcak su tuz karabiber tereyağı kuru nane kırmızı toz biber
Terbiyeli Yoğurt Çorbası,arpa şehriye sıvı yağ sıcak su yoğurt yumurta sarısı un tereayağı kuru nane
Yeşil Mercimek Çorbası,yeşil mercimek arpa şehriye havuç soğan domates salçası sıvı yağ sıcak su kuru nane tuz karabiber
Yoğurtlu Ispanak Çorbası,ıspanak soğan sıvı yağ su tuz yoğurt yumurta sarısı un limon suyu
Salçalı Et Çorbası,küçük kase kavrulmuş kuşbaşı et zeytinyağı domates salçası un sarıkmsak et suyu su kimyon kırmızı pul biber kuru nane tuz
Yalancı Kelle Paça Çorbası,et suyu haşlanıp didiklenmiş et su un yoğurt yumurta sarısı sarımsak tereyağı sirke limon suyu kırmızı pul biber
Ezogelin Çorbası,kırmızı mercimek kuru soğan domates salçası biber salçası pilavlık bulgur pirinç tel şehriye sıvı yağ su tuz kuru nane
Sütlü Havuç Çorbası,havuç un süt su zeytinyağı tuz dereotu
Sütlü Patates Çorbası,patates tereyağı un süt su tuz kırmızı pul biber nane
Taneli Sebze Çorbası,patates havuç kapya biber soğan kabak sarımsak maydanoz tere yağı sıvı yağ su tuz yoğurt yumurta sarısı un limon suyu
Arpa Şehriyeli Kırmızı Mercimek Çorbası,kırmızı mercimek arpa şehriye soğan kırmızı kapya biber domates salçası kuru nane pulbiber sıvıyağ sıcak su tuz
Bademli Tavuk Çorbası,tavuk budu file badem tereyağı un hazır süt kreması tavuk suyu tuz pul biber
Enginar Çorbası,çanak enginar un limon suyu yumurta sarısı tuz su dereotu
Kıymalı Arpa Şehriye Çorbası,arpa şehriye kavrulmuş kıyma domates salçası su maydanoz limon suyu tuz karabiber
Kıymalı Mercimek Çorbası,yeşil mercimek arpa şehriye kıyma soğan domates salçası su tuz karabiber tere yağı nane
Közlenmiş Domates Çorbası,domates soğan domates salçası sarıkmsak tere yağı su tuz karabiber
Labneli Domates Çorbası,domates püresi labne peyniri tere yağı un su tuz karabiber fesleğen
Sebzeli Köy Tavuğu Çorbası,köy tavuk budu havuç domates maydanoz tel şehriye su tuz karabiber
Tavuklu Buğday Çorbası,buğday yoğurt tavuk göğsü un yumurta sarısı su tereayağı kırmızı toz biber
Un Çorbası,un tereyağı sıvıyağ limon suyu sarimsak yumurta sarısı su tuz karabiber kırmızı toz biber
Yoğurtlu Bulgur Çorbası,bulgur yumurta sarısı un yoğurt su tuz tere yağı kuru nane
Yoğurtlu Mercimek Çorbası,yeşil mercimek yoğurt un yumurta sarısı su tuz tereyağı kuru nane
Bostana Salatası,domates salatalık yeşil sivri biber maydanoz soğan zeytinyağı biber salçası domates salçası nar ekşisi sumak kırmızı pul biber tuz
Coleslaw Salatası,küçük boy beyaz lahana orta boy havuç mayonez küçük boy kuru soğan taze sıkılmış limon suyu toz şeker tuz sirke
Havuçlu Kabak Tarator,havuç kabak yoğurt mayonez dereotu sarımsak zeytinyağı tuz kırık ceviz kırmızı toz biber
Köpoğlu,patlıcan çerliston biber domates sarımsak zeytinyağı yoğurt tuz
Nuraniye Salatası,kabak pirinç dereotu maydanoz taze soğan zeytinyağı sarımsak yoğurt kuru nane tuz
Vardabit Paçası,kuru fasulye tırnak pidesi tahin limon suyu sarıkmsak fasulye suyu kimyon tuz zeytinyağı tere yağı kırmızı pul biber maydanoz
Babagannuş,patlıcan kırmızı biber yeşil biber soğan sarımsak domates maydanoz biber salçası zeytinyağı limon suyu tuz
Manca,patlıcan kırmızı kapya biber çarliston biber domates maydanoz sarımsak zeytinyağı sirke tuz
Tahinli Tarator,tahin süzme yoğurt limon suyu sarımsak zeytinyağı kimyon tuz maydanoz ceviz kırığı
Teretür,marul maydanoz süzme yoğurt tahin limon suyu sarımsak zeytinyağı tuz
Atom Meze,süzme yoğurt kurutulmuş sivri biber sarıkmsak zeytinyağı tere yağı kırmızı toz biber tuz
Cunda Cacığı,salatalık süzme yoğurt zeytinyağı taze nane sarımsak tuz dereotu
Hardallı Patates Salatası,patates hardal mayonez yoğurt taze soğan maydanoz dereotu tuz karabiber kırmızı pul biber
Havuç Tarator,havuç ceviz yoğurt mayonez sarımsak zeytinyağı tuz
Kırmızı Lahana Turşusu,mor lahana limon toz şeker tuz
Lokanta Usulü Cacık,salatalık yoğurt su sarımsak kuru nane tuz zeytinyağı
Mercimek Fava,kırmızı mercimek soğan sarımsak zeytinyağı kimyon karabiber zerdeçal tuz kırmızı soğan dereotu
Pancarlı Patates Salatası,patates kırmızı pancar havuç zeytinyağı konserve mısır sarımsak yoğurt mayonez dereotu tuz karabiber
Şalgamlı Makarna Salatası,makarna şalgam suyu su kırmızı kapya biber konserve mısır kornişon turşu maydanoz dereotu limon suyu zeytinyağı tuz
Semizotu Salatası,semizotu domates salatalık konserve mısır ceviz beyaz peynir zeytinyağı limon suyu tuz
Tabule Salatası,kısırlık ince bulgur kaynar su maydanoz taze soğan taze nane domates salatalık nar limon zeytinyağı tuz
Tavuklu Taze Fasulye Salatası,tavuk göğsü fileto taze fasulye konserve mısır kornişon turşu közlenmiş kırmızı biber yoğurt mayonez sarımsak tuz
Yoğurtlu Kabak Salatası,kabak yoğurt dereotu ceviz içi sarımsak tuz
Yoğurtlu Kırmızı Biber Salatası,kırmızı kapya biber süzme yoğurt yoğurt zeytinyağı sarımsak tuz ceviz içi zeytinyağı kırmızı toz biber
Yoğurtlu Sebzeli Erişte Salatası,erişte sıvı yağ sıcak su kabak havuç kırmızı kapya biber haşlanmış konserve mısır kornişon turşu dereotu mayonez yoğurt tuz zeytinyağı kırık ceviz kırmızı toz biber
Antep Usulü Mercimek Köftesi,kırmızı mercimek ince bulgur maydanoz taze soğan sarımsak limon suyu tuz kuru soğan zeytinyağı biber salçası karabiber kimyon kırmızı pulbiber
Brokolili Karnabahar Salatası,brokoli karnabahar havuç konserve mısır haşlanmış bezelye kornişon turşu maydanoz limon suyu zeytinyağı tuz
Cevizli Zeytin Salatası,dilimlenmiş yeşil zeytin ceviz içi orta boy domates taze soğan maydanoz kırmızı kapya biber nar ekşisi zeytinyağı limon suyu kırmızı pul biber sumak kekik tuz
Erişteli Nohutlu Salata,erişte nohut sarımsak yoğurt tuz tere yağı kırmızı toz biber kırık ceviz
Havuçlu Nuraniye Salatası,kabak havuç pirinç taze soğan dereotu maydanoz sarımsak zeytinyağı yoğurt mayonez tuz
Kabak Mezesi,kabak yoğurt mayonez dereotu sarımsak zeytinyağı tuz ceviz kırmızı toz biber
Karışık Lahana Salatası,beyaz lahana kırmızı lahana havuç kornişon turşu konserve mısır dereotu süzme yoğurt mayonez sarımsak tuz
Kerevizli Ege Ezmesi,kereviz süzmeli peynir yoğurt ceviz limon kabuğu limon suyu sarıkmsak dereotu tuz
Kırmızı Pancar Salatası,kırmızı pancar soğan sarımsak zeytinyağı ceviz yoğurt tuz
Lahana Salatası,lahana havuç ceviz mayonez yoğurt elma sirkesi limon suyu toz şeker tuz
Mercimekli Çoban Salatası,yeşil mercimek domates salatalık sivri biber kuru soğan maydanoz limon suyu nar ekşisi sumak nane zeytinyağı tuz
Mor Lahanalı Havuç Tarator,havuç mor lahana zeytinyağı yoğurt mayonez sarımsak dereotu tuz ceviz
Mor Lahana Tarator,mor lahana zeytinyağı sarımsak yoğurt mayonez tuz
Orijinal Haydari,süzme yoğurt beyaz peynir tereyağı kuru nane sarımsak dereotu tuz zeytinyağı
Pancarlı Beyaz Lahana Salatası,kırmızı pancar beyaz lahana havuç konserve mısır maydanoz ceviz içi zeytinyağı sirke limon suyu tuz
Patates Borani,patates kuru soğan zeytinyağı karabiber kırmızı toz biber tuz yoğurt sarımsak tereyağı dolusudomates salçası
Pırasa Borani,pırasa soğan sarımsak zeytinyağı karabiber tuz yoğurt kırmızı toz biber
Piyaz,kuru fasulye kuru soğan taze soğan domates maydanoz limon zeytinyağı tuz karabiber kırmızı pul biber sumak
Salatalık Mezesi,salatalık tuz kırmızı pul biber kırmızı toz biber karabiber nar ekşisi zeytinyağı limon suyu sarımsak
Sebzeli Tavuk Salatası,tavuk göğsü haşlanmış bezelye havuç konserve mısır kırmızı biber kornişon turşu sarımsak dereotu yoğurt mayonez tuz
Semizotu Yoğurtlaması,semizotu yoğurt sarımsak tuz kırmızı pul biber zeytinyağı
Tavuk Göğsü Salatası,tavuk göğsü fileto havuç közlenmiş kırmızı biber konserve mısır haşlanmış bezelye kornişon turşu dereotu sarımsak yoğurt mayonez tuz karabiber zeytinyağı
Tavuklu Erişte Salatası,erişte tavuk göğsü fileto yeşil mercimek sıvı yağ sarıkmsak yoğurt mayonez ceviz tuz tere yağı kırmızı toz biber
Tavuklu Kereviz Salatası,tavuk göğsü kereviz kırık ceviz yoğurt mayonez sarımsak maydanoz tuz
Tavuklu Semizotu Salatası,semizotu tavuk göğsü fileto konserve mısır badem salatalık kırmızı biber kırık ceviz yoğurt mayonez sarımsak
Üç Renkli Brokoli Salatası,brokoli arpa şehriye havuç konserve mısır yoğurt mayonez maydanoz tuz
Yeşil Domates Turşusu,yeşil domates sarımsak kereviz yaprağı iri kaya tuzu toz şeker elma sirkesi i̇çme suyu
Yeşil Mercimekli Bulgur Köftesi,köftelik ince bulgur yeşil mercimek sıcak su patates kuru soğan domates salçası sıvı yağ maydanoz dereotu tuz kırmızı pulbiber kimyon karabiber
Yoğurtlu Bakliyat Salatası,haşlanmış kuru fasulye haşlanmış nohut haşlanmış buğday haşlanmış yeşil mercimek konserve mısır közlenmiş kırmızı biber yoğurt sarımsak maydanoz dereotu tuz kırık ceviz zeytinyağı kırmızı toz biber
Yoğurtlu Kabak Borani,yeşil kabak soğan zeytinyağı yoğurt sarımsak tuz kırmızı toz biber
Yoğurtlu Makarna Salatası,küçük makarna közlenmiş kırmızı biber garnitür konserve mısır kornişon turşu dereotu sarıkmsak yoğurt mayonez tuz
Yoğurtlu Mercimek Ezmesi,kırmızı mercimek su kuru soğan patates ince bulgur domates salçası zeytinyağı maydanoz taze soğan kimyon kırmızı pul biber karabiber tuz süzme yoğurt sarımsak kırmızı toz biber
Yoğurtlu Yeşil Mercimek Salatası,yeşil mercimek arpa şehriye konserve mısır sarımsak dereotu mayonez yoğurt tuz zeytinyağı kırmızı toz biber
Acılı Cevizli Ezme,ceviz içi domates salçası biber salçası zeytinyağı sarıkmsak kırmızı toz biber kırmızı pul biber kuru nane karabiber kimyon tuz
Alman Salatası,salatalık tuz yoğurt toz şeker elma sirkesi zeytinyağı sarımsak tozu dereotu
Bamya Turşusu,taze bamya sirke kaya tuzu limon tuzu sarimsak kaynar su
Brokoli Mezesi,brokoli havuç süzme yoğurt mayonez konserve mısır kırık ceviz sarımsak dereotu zeytinyağı tuz
Cevizli Makarna Salatası,makarna kabak havuç kırmızı kapya biber sarımsak ceviz konserve mısır haşlanmış bezelye dereotu yoğurt zeytinyağı tuz ceviz içi kırmızı toz biber
Çiğ Kereviz Salatası,kereviz yoğurt mayonez sarımsak kereviz yaprağı tuz
Elmalı Kereviz Salatası,kereviz havuç ekşi yeşil elma yoğurt sarıkmsak ceviz tuz
Fasulye Salatası,taze fasulye közlenmiş kırmızı biber konserve mısır kornişon turşu taze soğan maydanoz dereotu limon zeytinyağı tuz
Hatay Usulü Kısır,esmer bulgur ılık su domates salçası biber salçası isot acılı pul biber nar ekşisi zeytinyağı limon suyu kimyon sarımsak taze soğan maydanoz taze nane
Havuçlu Kereviz Salatası,kereviz havuç yoğurt dereotu sarımsak ceviz zeytinyağı tuz
Havuç Mezesi,havuç yoğurt mayonez sarımsak dereotu zeytinyağı tuz
İç Baklalı Enginar Salatası,iç bakla enginar çanağı taze soğan dereotu limon suyu zeytinyağı tuz
Kabak Tarator,kabak dereotu ceviz zeytinyağı sarımsak yoğurt tuz
Kavrulmuş Erişte Salatası,erişte sıvı yağ sıcak su közlenmiş kırmızı biber kornişon turşu haşlanmış konserve mısır taze soğan maydanoz limon suyu zeytinyağı tuz
Kebapçı Salatası,domates salatalık sivri biber kuru soğan maydanoz limon suyu karabiber nar ekşisi sumak zeytinyağı tuz
Kırmızı Fasulye Salatası,kırmızı fasulye kırmızı kapya biber haşlanmış konserve mısır kornişon turşu maydanoz dereotu taze soğan zeytinyağı limon suyu tuz
Kırmızı Soğan Salatası,kırmızı soğan maydanoz sumak kırmızı pul biber zeytinyağı limon suyu tuz
Köz Biberli Patates Salatası,patates kırmızı kapya biber kornişon turşu konserve mısır havuç dereotu yoğurt mayonez sarımsak
Lor Peyniri Salatası,lor peyniri domates salatalık yeşil biber kırmızı kapya biber ceviz içi maydanoz çörek otu zeytinyağı tuz
Mantar Salatası,kültür mantarı kırmızı biber kornişon turşu konserve mısır biberli zeytin dereotu maydanoz limon suyu zeytinyağı tuz
Mercimekli Kabak Salatası,kabak yeşil mercimek soğan yoğurt sarımsak dereotu zeytinyağı tuz kırmızı toz biber
Mısır Salatası,konserve mısır havuç kırmızı biber biberli yeşil zeytin dereotu maydanoz limon suyu zeytinyağı tuz
Mor Lahanalı Makarna Salatası,makarna mor lahana konserve mısır kornişon turşu maydanoz yoğurt mayonez sarımsak zeytinyağı tuz
Mor Lahana Salatası,orta boy mor lahana limon sirke nar ekşisi silme tuz maydanoz dereotu zeytinyağı
Mütebbel,patlıcan tahin limon suyu sarımsak tuz zeytinyağı maydanoz
Nohut Salatası,nohut kırmızı biber kornişon turşu konserve mısır maydanoz dereotu nane zeytinyağı limon suyu tuz
Patatesli Mercimek Köftesi,kırmızı mercimek patates ince bulgur su zeytinyağı kuru soğan sarımsak domates salçası biber salçası limon suyu nar ekşisi taze soğan maydanoz kimyon kırmızı pul biber karabiber tuz
Patlıcanlı Haydari,patlıcan süzmeli yoğurt ezilmiş beyaz peynir rendelenmiş sarımsak zeytinyağı tuz karabiber nane kırmızı toz biber
Rokalı Pancar Salatası,kırmızı pancar soğan sarımsak yoğurt ceviz roka nar ekşisi elma sirkesi zeytinyağı tuz
Sirkeli Kırmızı Lahana Salatası,mor lahana elma sirkesi tuz
Soğan Salatası,soğan maydanoz sumak kırmızı pul biber zeytinyağı limon suyu tuz
Tavuklu Arpa Şehriye Salatası,arpa şehriye tavuk göğsü kırmızı biber havuç salatalık kornişon turşu konserve mısır taze soğan dereotu maydanoz zeytinyağı limon suyu tuz
Tavuklu Patates Salatası,tavuk göğsü fileto patates dereotu konserve mısır kornişon turşu yoğurt hardal sarımsak tuz
Taze Soğan Salatası,taze soğan çeri domates salatalık sivri biber zeytinyağı limon suyu tuz
Ton Balıklı Meze,ton balığı soğan konserve mısır siyah zeytin dilimi yeşil zeytin dilimi maydanoz dereotu mayonez tuz
Yoğurtlu Brokoli Ezmesi,brokoli havuç yoğurt mayonez sarımsak tuz
Yoğurtlu Mercimekli Semizotu Salatası,semizotu yeşil mercimek kırmızı biber sarımsak yoğurt tuz kuru nane kırmızı pul biber
Yumurtalı Kısır,kısırlık bulgur karabiber kimyon kuru nane kırmızı pulbiber tuz limon suyu yumurta sıvı yağ soğan sarımsak zeytinyağı domates salçası biber salçası maydanoz taze nane taze soğan
Baharatlı Patates Salatası,patates zeytinyağı sarimsak tozu zerdeçal kırmızı toz biber kekik tuz
Brokoli Salatası,brokoli patates havuç dereotu yoğurt mayonez sarımsak tuz kırmızı toz biber sıvı yağ
Çiğ Pancar Salatası,pancar ceviz maydanoz nar ekşisi zeytinyağı limon suyu tuz
Havuçlu Pazı Salatası,pazı soğan havuç yoğurt zeytinyağı sarımsak tuz
Kabak Şayan,kabak zeytinyağı sarımsak yoğurt mayonez tuz ceviz kuru nane kırmızı pul biber
Kereviz Yaprağı Salatası,kereviz yaprağı havuç yeşil biber maydanoz limon suyu zeytinyağı nar ekşisi tuz
Kuskus Salatası,kuskus makarna kırmızı biber havuç kornişon turşu konserve mısır maydanoz dereotu zeytinyağı limon suyu tuz
Lokanta Usulü Mor Lahana Salatası,mor lahana limon sirke tuz zeytinyağı
Patatesli Kereviz Salatası,patates kereviz havuç yoğurt haşlanmış mısır sarımsak mayonez dereotu tuz
Şalgamlı Bulgur Salatası,kalın bulgur acısız şalgam suyu kornişon turşu konserve mısır maydanoz dereotu zeytinyağı limon suyu tuz
Soğanlı Patates Salatası,patates kuru soğan sarimsak zeytinyagi kırmızı toz biber karabiber kimyon zerdeçal tuz
Taratorlu Deniz Börülcesi,deniz börülcesi süzme yoğurt ceviz içi ekmek sarımsak zeytinyağı limon suyu
Yoğurtlu Brokoli Salatası,brokoli yoğurt sıvı yağ kırmızı pul biber tuz
Yoğurtlu Kereviz Salatası,kereviz yoğurt mayonez sarımsak tuz ceviz içi
Yoğurtlu Mercimekli Erişte Salatası,erişte yeşil mercimek sarıkmsak yoğurt tuz ceviz tere yağı kırmızı toz biber
Çilekli Semizotu Salatası,semizotu çilek ceviz kırığı beyaz peynir çilek zeytinyağı elma sirkesi tuz
Izgara Mısır,süt mısır kesme şeker su tereyağı zeytinyağı kırmızı toz biber sarımsak tozu kırmızı pul biber tuz
Peynirli Avokado Salatası,avokado çeri domatesi beyaz peynir tuz zeytinyağı
Renkli Şehriye Salatası,arpa şehriye kırmızı biber konserve mısır kornişon turşu salatalık zeytinyağı dereotu havuç taze soğan limon suyu tuz
Semizotlu Erişte Salatası,erişte semizotu salatalık kornişon turşu konserve mısır kırık ceviz zeytinyağı sıcak su dereotu yoğurt sarımsak tuz
Semizotlu Makarna Salatası,makarna semizotu domates salatalık kırmızı soğan ceviz beyaz peynir zeytinyağı limon suyu nar ekşisi sumak kırmızı pul biber tuz
Acur Turşusu,acur üzüm sirkesi kaya tuzu limon suyu toz şeker sarımsak çeşme suyu
Ispanaklı Buğday Salatası,buğday ıspanak sarımsak yoğurt tuz ceviz sıvı yağ kırmızı pul biber kırmızı toz biber
Nohutlu Buğday Salatası,aşurelik buğday nohut kırmızı biber kornişon turşu mısır maydanoz dereotu zeytinyağı limon suyu tuz
Sebzeli Makarna Salatası,patlıcan kabak patates havuç kırmızı kapya biber yeşil biber makarna sıvı yağ yoğurt sarımsak tuz kuru nane kırmızı toz biber
Tahinli Patlıcan Salatası,patlıcan süzme yoğurt tahin limon suyu sarımsak maydanoz tuz
Kızarmış Patates Salatası,patates havuç labne peyniri kırmızı biber yoğurt dereotu sıvı yağ
Kinoa Salatası,kinoa salatalık havuç çeri domates konserve mısır maydanoz dereotu taze nane limon suyu zeytinyağı tuz
Ton Balıklı Makarna Salatası,burgu makarna konserve ton balığı dereotu maydanoz taze soğan mayonez zeytinyağı çeri domatesi tuz
Marul Salatası,marul domates salatalık kuru soğan zeytinyağı limon suyu elma sirkesi tuz
Acılı Ezme Mezesi,domates salatalık kuru soğan çerliston biber maydanoz biber salçası limon suyu zeytinyağı kırmızı pul biber tuz karabiber
Arpa Şehriye Salatası,arpa şehriye kırmızı biber havuç salatalık kornişon turşu konserve mısır taze soğan dereotu zeytinyağı limon suyu tuz
Barbunya Salatası,haşlanmış barbunya göbek salata maydanoz dereotu salatalık kırmızı biber sumak kuru nane zeytinyağı limon suyu tuz
Buğday Cacığı,aşurelik buğday süzme yoğurt sarımsak salatalık su tuz zeytinyağı kırmızı pul biber
Bulgurlu Patates Köftesi,köftelik ince bulgur orta boy patates sıcak su zeytinyağı domates salçası maydanoz rendelenmiş sarımsak tuz kimyon karabiber kırmızı pulbiber
Cacık,badem minik salatalık yoğurt soğuk su sarımsak tuz kuru nane
Cevizli Beyaz Lahana Salatası,lahana havuç konserve mısır yeşil zeytin dolması ceviz zeytinyağı limon suyu tuz
Cevizli Ispanak Salatası,ıspanak kırmızı soğan ceviz kırmızı biber mozzarella peyniri zeytinyağı limon suyu nar ekşisi tuz
Çitlembik Salatası,çitlembik elma sirkesi zeytinyağı tuz
Deniz Börülcesi Salatası,deniz börülcesi sarımsak nar ekşisi elma sirkesi kırmızı pul biber sızma zeytinyağı
Bardakta Acılı Mısır,taze süt mısırı tereyağı acılı pul biber acılı so kırmızı toz biber karabiber tuz
Ev Yapımı Nar Ekşisi,ekşi nar
Garnitürlü Kabak Salatası,orta boy kabak garnitür konserve mısır dereotu yoğurt mayonez sarımsak zeytinyağı tuz
Garnitürlü Patates Salatası,patates garnitür kornişon turşu yoğurt mayonez sarımsak tuz
Hardal Soslu Brokoli Salatası,brokoli konserve mısır göbek marul kornişon turşu mayonez hardal zeytinyağı nar ekşisi kekik tuz
Havuçlu Kuskus Salatası,kuskus makarna havuç kornişon turşu sarımsak sıvıyağ yoğurt tuz
Havuçlu Turp Salatası,havuç turp siyah zeytin maydanoz zeytinyağı limon tuz
Hibeş,tahin sarımsak limon kimyon acı kırmızı toz biber tuz
Jalapeno Biberli Ton Balıklı Salata,ton balığı jalapeno biber turşusu domates salatalık havuç maydanoz zeytinyağı limon suyu tuz
Kabaklı Kuskus Salatası,kuskus makarna küçük boy kabak maydanoz dereotu yoğurt mayonez sarimsak tuz
Kahvaltılık Közlenmiş Kırmızı Biber Ezmesi,közlenmiş kırmızı biber domates salçası ceviz sarımsak maydanoz kırmızı pul biber tuz
