Tarif_Adi,Stemmed_Metin
Sodalı Köfte,kıyma soğa gale un tuz kırmız toz biber kırmız pul biber kimyo karabiber kabartma toz so
Piliç Topkapı,tavuk but süt karabiber kırmız toz biber tuz pirinç soğa dolmalık fıs kuş üz tereyak zeytinyak tarç domates salças su
Tire Şiş Köfte,or yağlı kıyma tuz karabiber or boy sivri biber or boy domates tereyak tah çöp şiş
Et Köfte,kıyma yumur kur soğa gale un kimyo pulbiber karabiber tuz
Şıhıl Mahşi,kabak kıyma nohut soğa sar zeytinyak maydanoz tuz kimyo karabiber kırmız toz biber domates salças ılık su yoğurt rendele sar
Tavuk Burger,tavuk göğsü tuz sar toz un hamburger ekmek marul yumur süt gale un mısır gevrek
Trakya Kapama,pilavlık pirinç tereyak zeytinyak soğa kur nane karabiber kimyo tavuk su tuz tavuk baget havuç defne yaprak tane karabiber su domates salças
Ev Köftesi,or yağlı kıyma or boy kur soğa yumur büyük diş sar bayat ekmek iç maydanoz kimyo karabiber kırmız toz biber karbonat tuz
Macar Kebabı,kuşbaş doğra et patlıca patates haşla bezelye domates sar zeytinyak rendele kaşar peynir tuz karabiber beşamel sos i̇ç üzer i̇ç
Sucuklu Nohut Yemeği,kur nohut sucuk soğa sar domates salças biber salças zeytinyak sıcak su tuz
Tavuklu Şehzade Kebabı,kuşbaş doğra tavuk kalça et soğa yeşil biber sar domates salças ılık su zeytinyak patlıca tuz karabiber kırmız pul biber domates biber
Fırında Patates Yemeği,patates soğa sivri biber domates sar zeytinyak su karabiber kırmız pul biber kekik kimyo köri tuz
Ballı Susamlı Tavuk,tavuk göğüs et yumur mısır nişastas sıv yağ susa ketçap so sos limo su toz şeker bal sar tuz karabiber
Cacıklı Arap Köftesi,köftelik i bulgur kıyma sıcak su soğa un karabiber tuz tereyak kırmız toz biber kırmız pul biber ıspanak zeytinyak süzme yoğurt sar
Çıtır Tavuk Kanatları,tavuk kanadı kırmız pul biber kırmız toz biber köri sar toz tuz süt un nişas gale un
Dalyan Köfte,kıyma yumur gale un soğa maydanoz tuz kimyo karabiber garnitür yumur yumur ak domates salças su
Elbasan Tava,kuşbaş doğra et soğa yeşil biber ter yak sar kekik karabiber tuz yumur sarıs un süzme yoğurt et su
Fırında Beşamel Soslu Kıymalı Karnabahar,küçük boy karnabahar kıyma soğa büyük boy havuç zeytinyak tuz karabiber beşamel sos i̇ç tereyak un süt üzer i̇ç rendele kaşar peynir
Fırında Et Yemeği,kırmız et soğa patates kırmız kapya biber çarlisto biber domates salças yoğurt zeytinyak kekik kırmız pul biber karabiber tuz
Fırında Karnabahar Yemeği,karnabahar kıyma soğa yumur gale un maydanoz tuz karabiber kimyo kekik domates sar ter yak un süt kaşar peynir
Fırında Pırasa,pıras yumur mısır un süt sıvıyak kabartma toz tuz
Fırında Tavuk Baget,tavuk baget patates havuç soğa su domates salças zeytinyak yoğurt sar karabiber köri kimyo kekik aç kırmız toz biber tuz
Fırında Tavuk Şiş,tavuk göğsü yoğurt zeytinyak domates salças çer domates kırmız biber yeşil biber kekik kimyo kırmız pul biber tuz
İç Pilavlı Tavuk Dolması,tavuk pilavlık pirinç soğa tereyak dolmalık çam fıstık kuş üz limo tuz karabiber yoğurt domates salças
Kabak Kebabı,kabak domates sivri biber kıyma soğa sar maydanoz gale un tuz karabiber kırmız pul biber domates salças ılık su zeytinyak
Katıklı Dolma,kabak i köftelik bulgur kıyma kur soğa biber salças kur reyha zeytinyak sıcak su tuz kimyo karabiber kırmız pul biber yoğurt sar ter yak domates salças
Kavurma,yağlı kuşbaş da et soğa sar taze biberi taze kekik defne yaprak kimyo kırmız toz biber tuz
Köfteli Şehzade Kebabı,patlıca soğa sar sivri biber biber salças domates sıv yağ kıyma yumur gale un kimyo karabiber kekik tuz
Lokanta Usulü Taze Fasulye,taze fasulye kuşbaş et soğa sar domates domates salças zeytinyak sıcak su tuz
Mercan Kebabı,tavuk kıymas çekil kuyruk yak gale un kapya biber kur soğa tuz karabiber kekik kimyo kırmız toz biber sıv yağ
Patates Püresinde Tavuk Sote,kemiksiz tavuk pirzol or boy soğa kırmız kapya biber yeşil biber domates salças zeytinyak su köri kekik kimyo karabiber kırmız toz biber tuz patates tereyak rendele kaşar peynir rendele kaşar peynir üzer
Sebzeli Fırın Tava,kıyma patlıca patates sivri biber kırmız kapya biber soğa domates domates salças zeytinyak ılık su tuz karabiber
Seftali Kebabı,kuz gömlek kıyma soğa maydanoz tuz karabiber kimyo
Soslu Tavuk Kızartması,tavuk göğsü un nişas kabartma toz süt zeytinyak kırmız toz biber köri tuz karabiber
Sulu Et Kavurma,kuşbaş da et soğa sar zeytinyak ter yak sıcak su tuz
Tavada Tavuk Pirzola,tavuk pirzol yoğurt zeytinyak domates salças sar kırmız pul biber karabiber kekik kimyo tuz
Tavuk Kalamar,tavuk göğsü karabiber tuz kekik köri sar toz kırmız pul biber yumur so tuz un karbonat
Tavuk Kroket,tavuk göğsü soğa sar ekmek iç yumur kırmız toz biber kekik karabiber tuz yumur gale un un karabiber
Tavuklu Parmak Kebabı,kuşbaş doğra tavuk göğsü or boy patates küçük boy patlıca yeşil biber or boy domates soğa sarıkmsak domates salças su tuz karabiber
Tavuklu Sultan Kebabı,yufka kuşbaş tavuk et haşla bezelye patlıca biber salças soğa tereyak zeytinyak tuz karabiber un süt kaşar peynir
Tavuklu Tepsi Kebabı,tavuk pirzol patates patlıca kırmız kapya biber yeşil biber domates soğa sar domates salças su tuz karabiber kekik kırmız toz biber kimyo
Acem Köftesi,patates kur soğa domates salças biber salças tereyak haşla nohut kur reyha zeytinyak sıcak su tuz köftes
Bamya Yemeği,taze bamya domates kur soğa biber salças sar yeşil biber limo su zeytinyak sıcak su tuz karabiber kırmız pul biber
Biber Dolması,dolmalık biber domates kıyma soğa sar pirinç domates salças maydanoz zeytinyak tuz kur nane kimyo karabiber biber salças su
Cafe De Paris Soslu Tavuk,tavuk göğsü zeytinyak sirke sar kekik karabiber kimyo tereyak sıv krema hardal zerdeçal köri rokfor peynir dereo tuz
Ciğer Sote,da ciğer soğa kırmız kapya biber yeşil biber zeytinyak kimyo kırmız toz biber karabiber tuz
Etli Nohut,kuşbaş doğra et haşla nohut tereyak soğa domates salças sıcak su tuz karabiber
Etli Taze Börülce Yemeği,taze börül kuşbaş et soğa domates sar domates salças zeytinyak sıcak su tuz
Ev Usulü Fırında Urfa Kebap,koy kuz kıymas soğa sar çerlisto biber domates kırmız toz biber karabiber tuz
Fırında Ballı Tavuk Kanat,tavuk kanat zeytinyak süzme bal nar ekşis kırmız toz biber kırmız pul biber karabiber kekik sar toz tuz
Fırında İç Pilavlı Bütün Tavuk,büt tavuk pilavlık pirinç tavuk su tereyak limo tavuk ciğer tuz karabiber yoğurt domates salças
Fırında Kıymalı Patates Yemeği,patates kıyma soğa yeşil biber domates domates salças zeytinyak tuz karabiber
Fırında Köfteli Patates Yemeği,patates çer domates yeşil biber kırmız biber kıyma soğa sar yumur gale un tuz karabiber kekik kimyo domates salças su zeytinyak
Fırında Patlıcan Kebabı,patlıca kıyma soğa maydanoz tuz nane kekik kimyo karabiber domates yeşil biber sıvıyak
Fırında Sebzeli Köfte,patates patlıca kırmız kapya biber sivri biber havuç sar kıyma soğa yumur gale un domates salças biber salças zeytinyak su
Fırında Sebzeli Tavuk Yemeği,tavuk baget patates havuç soğa bezelye domates salças zeytinyak karabiber köri kimyo kekik aç kırmız toz biber tuz
Fırında Tavuk Pirzola,kemikli tavuk pirzol or boy patates arpacık soğa sar yeşil biber küçük boy domates domates salças zeytinyak karabiber köri kimyo kekik tuz
Hamburger Köftesi,kıyma yumur ketçap üz pekmez hardal gale un kekik sar toz karabiber kimyo tuz
Haşlanmış Tavuk Kavurması,tavuk but sar zeytinyak kırmız toz biber kırmız pul biber kimyo kekik karabiber tuz
İslim Kebabı,patlıca kıyma yumur soğa gale un tuz karabiber kekik kimyo nane domates biber domates salças su
Kıymalı Bulgurlu Sulu Köfte,kıyma köftelik i bulgur un kimyo karabiber tuz haşla nohut domates salças soğa zeytinyak sıcak su
Köfteli Patlıcan Oturtma,patlıca domates sıv yağ kıyma soğa sar kırmız toz biber karabiber kekik karbonat tuz domates salças biber salças ılık su
Lokanta Usulü Kavurma,kuşbaş da et havuç soğa tereyak zeytinyak sıcak su tuz
Mantarlı Köri Soslu Tavuk,kemiksiz tavuk pirzol kül mantar kırmız kapya biber yeşil biber zeytinyak soğuk süt ter yak un köri karabiber tuz
Nohut Yemeği,nohut soğa sar zeytinyak domates salças tuz karabiber
Piliç Tava,tavuk incik zeytinyak kırmız toz biber karabiber kimyo tuz
Saksı Kebabı,bos patlıca kuşbaş doğra et soğa domates maydanoz sivri biber sar tuz karabiber kekik kimyo sıv yağ
Sebzeli Yahni,kuşbaş doğra et or boy patates or boy havuç arpacık soğa domates salças sar zeytinyak tuz karabiber kimyo
Sultan Kebabı,yufka kuşbaş et bezelye patlıca biber salças soğa tereyak tuz karabiber un süt kaşar peynir
Tavada Domates Soslu Köfte,köftelik kıyma soğa yumur sar gale un maydanoz tuz karabiber kimyo domates tereyak rendele kaşar peynir
Tavada Soslu Çıtır Tavuk,tavuk göğsü yoğurt biber salças kekik kırmız pul biber karabiber köri tuz un yumur sıv yağ
Tavuk Burger Köftesi,tavuk göğsü tuz sar toz un yumur süt mısır gevrek gale un
Tavuklu Bamya,taze bamya tavuk göğsü kur soğa domates havuç sar domates salças zeytinyak limo su sıcak su tuz
Tavuklu Mantar Sote,kuşbaş doğra tavuk but et kül mantar or boy soğa yeşil biber kırmız kapya biber or boy domates zeytinyak tuz karabiber kekik
Tencerede Etli Patlıcan Yemeği,kuşbaş doğra et patlıca yeşil biber domates soğa sar domates salças zeytinyak tuz karabiber
Tepsi Kebabı,kıyma soğa sar maydanoz domates yeşil biber domates salças su tuz kimyo karabiber kırmız pul biber
Yoğurt Soslu Tavuk,kemiksiz tavuk pirzol yoğurt hardal zeytinyak domates salças köri kimyo kırmız toz biber tuz
Anne Köftesi,köftelik kıyma kur soğa yumur sar gale un domates salças maydanoz kırmız toz biber kırmız pul biber karabiber kimyo tuz
Beşamel Soslu Buğu Kebabı,kuşbaş et kur soğa havuç patates kırmız biber bezelye sar tuz karabiber beşamel sos i̇ç tereyak beşamel sos i̇ç un beşamel sos i̇ç süt üzer i̇ç rendele kaşar peynir
Bohça Kebabı (Manisa Kebabı),kuşbaş doğra et or boy soğa or boy domates yeşil biber haşla bezelye tuz karabiber kırmız toz biber süt un yumur tuz sıv yağ tereyak un süt
Etli Bamya,bamya kuşbaş et kur soğa domates sar domates salças zeytinyak limo su sıcak su tuz
Etli Kuru Fasulye,kuşbaş doğra et haşla kur fasulye kur soğa sar çerlisto biber domates salças biber salças zeytinyak tuz karabiber
Ev Yapımı Nugget,tavuk kıymas tuz karabiber un zeytinyak köri kimyo yumur gale un un sıvıyak
Fırında Bütün Tavuk Kızartması,tavuk limo tuz yoğurt domates salças
Fırında Köfteli Sebze Dizmesi,kıyma soğa yumur maydanoz gale un tuz karabiber patlıca kabak patates domates yeşil biber domates salças zeytinyak
Fırında Patlıcan Musakka,patlıca kıyma soğa sar domates sivri biber zeytinyak tuz karabiber
Fırında Pirinçli Köfte,kıyma pirinç soğa maydanoz domates salças gale un yumur patates tuz karabiber domates yeşil biber
Fırında Sebzeli Misket Köfte,köftelik kıyma soğa yumur gale un tuz karabiber kekik kimyo patates havuç arpacık soğa sivri biber domates bezelye domates salças sıcak su kırmız pul biber
Karışık Sebzeli Musakka,kıyma patlıca patates domates soğa sar kırmız kapya biber yeşil biber zeytinyak domates salças maydanoz tuz karabiber
Kayseri Yağlaması,ılık su zeytinyak tuz un kıyma soğa sivri biber domates domates salças biber salças zeytinyak sıcak su karabiber kırmız pul biber
Köfteli İskender Kebabı,köftelik kıyma küçük boy yumur küçük boy soğa gale un maydanoz yoğurt domates püres tereyak sivri biber pi tuz karabiber kekik kimyo
Elbistan Tava (Maraş Yöresi),kuşbaş kuz et patlıca domates soğa sar kırmız biber yeşil biber tereyak kaşar peynir tuz karabiber
Patates Püreli Tavuk Sote,tavuk göğsü ter yak zeytinyak soğa sar kapya biber yeşil biber tuz kimyo köri patates süt rendele kaşar peynir
Et Kavurma,kuşbaş doğra da et küçük boy kur soğa sar zeytinyak tuz
Saray Usulü Kıymalı Çılbır,yumur kıyma soğa kırmız biber maydanoz su tuz sirke yoğurt zeytinyak kırmız pul biber
Sodalı Tavuk Şinitzel,tavuk fileto so süt tuz kimyo köri kekik yumur un gale un
Sulu Köfte,kıyma kısırlık bulgur sarıkmsak un patates kur soğa sıv yağ domates salças tuz karabiber kırmız pul biber
Sütlü Köfte,or yağlı kıyma soğa sar süt gale un karbonat tuz kekik kırmız pul biber kimyo karabiber
Tavada Izgara Tavuk,kemiksiz pirzol tavuk yoğurt biber salças zeytinyak köri kimyo tuz
Tavada Tavuk Kanat,tavuk kanat su zeytinyak pul biber tuz kimyo karabiber
Tavuklu Karnabahar Sote,karnabahar kuşbaş tavuk et domates salças soğa sar kırmız biber yeşil biber tuz karabiber zeytinyak
Tavuklu Karnıyarık,tavuk göğsü patlıca soğa sivri biber domates sar maydanoz kekik tuz karabiber sıvıyak
Tavuk Pane,tavuk göğsü fileto süt zeytinyak tuz sıv yağ gale un sade mısır gevrek kimyo köri zerdeçal kekik kırmız toz biber
Tencerede Köfteli Karnabahar Yemeği,karnabahar kıyma soğa maydanoz patates havuç pirinç domates salças tereyak zeytinyak tuz karabiber
Tencerede Sebzeli Tavuk Yemeği,tavuk incik patates havuç soğa domates yeşil biber sar domates salças tuz karabiber
Yoğurtlu Semizotu Yatağında Bulgur Köftesi,semizot yoğurt sar tuz i bulgur sıcak su un irmik biber salças kimyo karabiber tuz su biber salças domates salças zeytinyak kırmız pul biber domates
Zade Kebabı,kuşbaş doğra et uz kemer patlıca or boy patates or boy soğa yeşil biber or boy domates sar domates salças zeytinyak tuz karabiber rendele kaşar peynir
Ciğer Sarma,kuz gömlek kuz ciğer pirinç kuş üz zeytinyak tuz karabiber kimyo yumur sarıs
Et Şinitzel,dil da et yumur un gale un tuz karabiber
Fırında İzmir Köfte,köftelik kıyma yumur kur soğa maydanoz gale un tuz karabiber kekik kimyo patates domates salças ılık su sıv yağ domates biber
Fırında Tavuk Tava,tavuk kalça patates domates soğa sivri biber zeytinyak domates salças su sar karabiber kırmız toz biber kekik kırmız pul biber tuz
Karnabahar Yemeği,karnabahar soğa havuç domates salças zeytinyak tuz
Köfte Mantolu Patlıcan,patlıca kıyma soğa gale un sar tuz karabiber kekik kimyo kırmız toz biber
Lepe Yemeği,pilavlık bulgur kur soğa patates yeşil biber domates zeytinyak domates salças biber salças tavuk su tuz kırmız pul biber
Sebzeli Et Sote,kuşbaş et patates havuç domates kur soğa yeşil biber kırmız biber sar zeytinyak tuz karabiber kekik domates salças
Sulu Patates Yemeği,patates kıyma soğa sar domates salças zeytinyak tuz karabiber
Tavuk Izgara,tavuk göğsü yoğurt biber salças zeytinyak köri kimyo tuz
Tavuk Pirzola,tavuk pirzol patates domates salças yoğurt zeytinyak karabiber köri kimyo kekik tuz
Akçaabat Köftesi,köftelik kıyma yumur sarıs toz şeker kimyo kırmız pul biber sar tuz karabiber
Beşamel Soslu Ispanaklı Krep,ıspanak soğa zeytinyak tuz karabiber süt un yumur sıv yağ tereayak un süt
Fırında Kıymalı Patates Dizmesi,patates kıyma soğa yeşil biber domates domates salças zeytinyak su tuz karabiber
Fırında Kuzu Gerdan,kuz gerda patates soğa sar tereyak zeytinyak su domates salças kekik kırmız toz biber karabiber tuz
Fırında Patatesli Tavuk But Yemeği,tavuk but patates domates salças yoğurt sıvıyak sar tuz kekik kimyo köri kırmız pulbiber
Fırında Soslu Tavuk Kanat,tavuk kanat yoğurt domates salças zeytinyak sar kırmız pul biber kekik tuz karabiber
Izgara Köfte,or yağlı kıyma kur soğa gale un tuz kırmız toz biber kırmız pul biber kimyo karabiber karbonat made su
Köfte Ekmek,basto ekmek kur soğa domates maydanoz tuz kıyma sar gale un made su karbonat kekik kırmız pul biber kimyo karabiber
Kuzu Külbastı,kuz külbas zeytinyak kekik biberi tuz karabiber
Tavuklu Ali Nazik,tavuk et zeytinyak yeşil biber domates domates salças tuz karabiber patlıca yoğurt sar
Tencerede Etli Kuru Fasulye,fasulye kuşbaş doğra et kur soğa zeytinyak tereyak tepelemedomates salças tuz
Zeytinyağlı Kapuska,laha soğa kırmız biber yeşil biber domates sar domates salças biber salças sıcak su zeytinyak tuz karabiber
Fırında Kadınbudu Köfte,da kıyma pirinç yumur soğa maydanoz tuz karabiber kırmız pul biber kırmız toz biber yumur gale un
Frenk Tavası,büyük boy domates kuz kıymas küçük boy soğa küçük boy kırmız kapya biber domates salças kırmız pul biber tuz karabiber su zeytinyak
Mirik Köfte,köftelik bulgur sıcak su yumur un kimyo kırmız pul biber tuz karabiber yoğurt sar ter yak kırmız toz biber
Sarımsaklı Köfte,i bulgur sıcak su un irmik biber salças kimyo karabiber tuz yoğurma su sarık domates biber salças domates salças zeytinyak kırmız pul biber tuz maydanoz
Tavuk Döner,kemiksiz fileto tavuk göğsü kur soğa domates salças biber salças yoğurt zeytinyak kimyo kekik tuz
Buzluktan Çıkan Dolmalık Biber İle Biber Dolması,dolmalık biber kıyma soğa sar pirinç domates salças maydanoz zeytinyak domates tuz kur nane kimyo karabiber biber salças su
Islama Köfte,köftelik kıyma yumur soğa sar gale un maydanoz ekmek tereyak kırmız toz biber su tuz karabiber kekik kimyo
Kabak Oturtma,büyük boy kabak kıyma or boy soğa sar yeşil biber or boy domates domates salças zeytinyak su tuz karabiber
Tavuklu Krep Kebabı,kuşbaş doğra tavuk göğsü mantar soğa zeytinyak tuz karabiber un süt yumur sıv yağ tereayak rendele kaşar peynir
Acılı Tavuk Sote,tavuk göğsü soğa zeytinyak aç kırmız biber yeşil biber kırmız biber kırmız toz biber kimyo tuz köri
Bahçıvan Kebabı,kuşbaş et kur soğa haşla bezelye patates kabak patlıca kapya biber sivri biber domates domates salças maydanoz dereo tuz karabiber kekik
Beğendili Enginar,büyük boy enginar kuşbaş doğra et domates salças süt un tereyak konserve közle patlıca rendele kaşar peynir tuz karabiber
Beşamel Soslu Domatesli Köfte,kıyma soğa yumur gale un maydanoz domates nane kekik kimyo tuz karabiber ter yak un süt
Beşamel Soslu Tavuk Fileto,tavuk göğsü zeytinyak kırmız pul biber kekik kimyo köri tuz beşamel sos i̇ç
Biberli Fındık Mantar Sote,f mantar sivri biber domates maydanoz karabiber tuz
Bodrum Kebabı,biftek bonfil patates yoğurt tuz kekik kırmız pul biber et marines i̇ç soğa et marines i̇ç sar et marines i̇ç zeytinyak et marines i̇ç sirke domates sos i̇ç domates domates sos i̇ç domates salças domates sos i̇ç zeytinyak domates sos i̇ç tuz
Cevizli Ciğer Sote,kuşbaş doğra ciğer un or dövül cev kırmız pul biber kekik kimyo tuz
Çıtır Soğan Halkaları,soğa made su un mısır nişastas yumur tuz karabiber kırmız toz biber gale un sıvıyak
Domates Soslu Izgara Köfte,kıyma gale un yumur soğa tuz karabiber kekik kimyo domates ter yak sar kesme şeker
Düdüklü Tencerede Kuzu Tandır Kebabı,kuz et soğa karabiber su tuz
Enginarlı Mantar Kavurması,enginar mantar zeytinyak soğa sar domates limo su karabiber kişniş toz zencefil toz zerdeçal
Et Nasıl Kavrulur,kuşbaş doğra et soğa tuz kekik karabiber
Etli Biber Dolması,dolmalık biber kıyma soğa pirinç biber domates salças zeytinyak domates tuz kur nane karabiber
Etli Kırmızı Biber Dolması,kırmız dolmalık biber kıyma soğa pirinç biber domates salças zeytinyak domates tuz kur nane karabiber
Etli Patates Dolması,patates kuşbaş et soğa domates sivri biber sarıkmsak tuz kekik kimyo pul biber karabiber sıvıyak
Etli Taze Patlıcan Dolması,patlıca kıyma soğa pirinç biber domates salças zeytinyak domates tuz kur nane karabiber
Et Nasıl Mühürlenir,antrikot zeytinyak so sos kekik kimyo kırmız toz biber tuz sar toz sar
Et Yemeği,kuşbaş kavrul da et arpacık soğa patates haşla bezelye havuç domates salças zeytinyak tuz karabiber
Ev Usulu Kıymalı Lahmacun,su ılık süt yaş ma zeytinyak yumur un toz şeker tuz kıyma soğa domates maydanoz tuz karabiber
Fırında Beşamel Soslu Köfte,kıyma yumur soğa gale un maydanoz kekik karabiber kimyo tuz tereayak un süt
Fırında Beyaz Peynirli Kabak Dilimleri,taze kabak ez peynir maydanoz dereo zeytinyak kırmız pul biber
Fırında Ciğer Sote,ciğer zeytinyak kırmız pul biber kekik kimyo
Fırında Etli Kağıt Kebabı,kuşbaş doğra et havuç patates bezelye arpacık soğa domates domates salças su zeytinyak tuz karabiber kekik
Kaşarlı Köfte,kıyma soğa gale un yumur maydanoz kaşar peynir kekik karabiber kimyo tuz
Fırında Kaşarlı Şakşuka,patates kabak patlıca kırmız biber yeşil biber domates soğa sar kesme şeker tereyak tuz karabiber sıvıyak kaşar peynir
Fırında Kıymalı Kabak Musakka,kabak kıyma soğa domates biber salças sar karabiber kimyo tuz sıvıyak
Fırında Kremalı Patates Püreli Köfte,kıyma soğa gale un tuz karabiber kimyo kekik patates rendele kaşar peynir kırmız toz biber tereyak un süt kremas süt rendele kaşar peynir üzer
Fırında Mısır Gevrekli Tavuk Baget,tavuk baget yumur mısır gevrek tuz kırmız toz biber kimyo kekik köri
Fırında Patatesli Tavuk İncik,tavuk incik patates yoğurt kekik kimyo karabiber kırmız toz biber köri tuz domates yeşil biber
Fırında Patlıcan Oturtma,bos patlıca kıyma soğa sar biber salças domates salças domates zeytinyak tuz karabiber
Fırında Peynirli Cevizli Mantar Dolması,ir mantar dövül cev beyaz peynir dereo pulbiber
Fırında Salçalı Et Yemeği,biftek antrikot patates soğa sar domates salças su tuz zeytinyak
Fırında Soslu Tavuk,kemiksiz tavuk incik patates domates biber dilim domates salças yoğurt rendele soğa su zeytinyak kimyo karabiber kekik tuz
Fırında Tavuk Şinitzel,tavuk fileto zeytinyak kimyo köri yumur gale un tuz
Galeta Unlu Tavuk But Kızartması,tavuk but yumur tuz köri kimyo kırmız toz biber gale un
Garnitürlü Hasanpaşa Köfte,kıyma soğa gale un tuz kimyo kekik karabiber garnitür kaşar peynir tereyak un süt yumur maydanoz domates salças
Hünkar Beğendi Kebabı,kuşbaş doğra et soğa domates salças sar tuz karabiber süt un tereyak konserve közle patlıca rendele kaşar peynir
İnegöl Köfte,köftelik kıyma kur soğa gale un sıv yağ su karbonat limo su tuz
Ispanak Yatağında Et Sote,kuşbaş doğra kuz et tereyak tuz kekik ispanak beğendis i̇ç ispanak yatak et sote
Kemikli Kuzu Etli Yahni (Çayırlı),kemikli kuz et taze soğa maydanoz taze nane dereo zeytinyak domates salças tuz karabiber
Kestane Mantar Sote,kesta mantar soğa dolmalık kırmız biber sar dolmalık biber zeytinyak tuz karabiber
Kıymadan Yaprak Döner,kıyma soğa sar yoğurt irmik tuz karabiber kırmız pul biber kimyo kekik
Kıymalı Fellah Köftesi,i bulgur sıcak su irmik yumur soğa domates salças biber salças un karabiber kimyo tuz kıymal sos i̇ç kıyma sıvıyak tereyak domates salças biber salças yeşil biber soğa sar maydanoz yoğurt sos i̇ç yoğurt sar
Kıymalı Kabak Yemeği,kıyma kabak çerlisto biber soğa sar domates salças zeytinyak sıcak su dereo tuz karabiber
Kıymalı Mantar Sote,kıyma kül mantar domates domates salças soğa maydanoz zeytinyak tuz karabiber
Kıymalı Nohut Yemeği,haşla nohut kıyma soğa yeşil biber domates salças ter yak zeytinyak kimyo tuz karabiber
Kıymalı Patatesli Bezelye Yemeği,bezelye kıyma patates havuç soğa domates salças zeytinyak tuz karabiber
Kıymalı Taze Bezelye Yemeği,kıyma taze bezelye domates soğa patates sar biber salças zeytinyak sıcak su tuz
Köfteli Karnıyarık,kemer patlıca kıyma or boy domates soğa garnitür biber salças yumur gale un maydanoz tuz karabiber kekik kimyo fesleğe sıvıyak
Köfteli Mantar Yemeği,mantar domates yeşil biber soğa zeytinyak köftelik kıyma yumur ekmek iç sar maydanoz tuz kimyo karabiber kur nane kekik
Köri Soslu Tavuk Sote,kuşbaş doğra tavuk göğüs süt un köri baharat tuz tereyak
Kremalı Biberli Tavuk Yemeği,tavuk et kırmız biber yeşil biber süt kremas zeytinyak tuz kekik kimyo kırmız pul biber köri
Kremalı Soğanlı Tavuk Yemeği,tavuk göğsü soğa kırmız aç biber zeytinyak aç sos süt kremas kimyo tuz karabiber
Kuru Börülce Yemeği,kur börül soğa yeşil biber havuç domates salças sıcak su kesme şeker tuz
Kuru Köfte,köftelik kıyma yumur soğa zeytinyak gale un maydanoz tuz karabiber kekik kimyo
Lokum Et,antrikotbonfil ter yak zeytinyak kimyo kırmız toz biber karabiber ka tuz
Mantarlı Tavuk Yemeği,tavuk göğüs mantar sivri biber domates salças zeytinyak sıcak su kimyo tuz karabiber
Milföylü Tavuk Baget,tavuk baget kare milföy kekik kimyo kırmız toz biber tuz yumur sarıs susa çörek ot
Misket Köfteli Enginar,enginar kıyma soğa gale un domates salças zeytinyak su tuz karabiber kekik nane kaşar peynir
Nohutlu Keşkek,buğday kuşbaş doğra et haşla nohut ter yak soğa domates salças ılık süt tuz karabiber zeytinyak
Patatesli Dana İncik Haşlama,da incik kur soğa sar patates havuç çerlisto biber domates salças zeytinyak tuz karabiber
Arnavut Ciğeri,kuşbaş doğra ciğer patates kur soğa maydanoz zeytinyak un ciğer baharat sıvıyak
Patates Püresi,patates süt tereyak kaşar peynir tuz
Pideli Etli Kebap,kuşbaş et tırnak pides domates salças ter yak tuz karabiber
Pratik Ali Nazik,patlıca konserveközle patlıca kıyma soğa yoğurt sıvıyak kırmız toz biber tuz karabiber sar
Sandal Sefası,kabak kıyma soğa domates sar dereo zeytinyak karabiber tuz tereyak un süt rendele kaşar peynir
Sebzeli Şiş Köfte,patlıca kıyma soğa yumur sarıkmsak gale un maydanoz tuz nane kekik karabiber kimyo domates yeşil biber sıvıyak
Soğan Kebabı,kıyma soğa biber salças su domates yeşil biber tuz karabiber nar ekşis su
Sucuklu İspir Kuru Fasülyesi,ispir kur fasulyes kangal sucuk soğa dol sudomates salças ter yak tatlı un kesme şeker tuz
Tarhanalı Çıtır Tavuk Baget,tavuk baget yumur so un tuz ketçap gale un tarha köri kekik kimyo kırmız toz biber
Tavada Sebzeli Tavuk,tavuk göğsü brokoli kül mantar havuç kabak kırmız kapya biber zeytinyak so sos tuz
Tavuk Etli Enginar Dolması,enginar tavuk et mantar yeşil biber soğa zeytinyak tuz karabiber kaşar peynir
Tavuklu Talaş Kebabı,kare milföy kuşbaş tavuk göğsü garnitür soğa domates salças tuz karabiber yumur sarıs çörek ot
Taze Soğanlı Tavuk Sote,tavuk göğsü kırmız biber taze soğa so sos süt zeytinyak tuz kekik karabiber kimyo
Kekikli Et Haşlama,kemikli kuz et domates salças soğa zeytinyak kekik tuz
Tencerede Köfteli Patates Yemeği,patates domates salças su yeşil biber domates köftelik kıyma yumur soğa ekmek iç maydanoz tuz karabiber kekik kimyo zeytinyak
Tencerede Patates Püreli Et Yemeği,biftek antrikot zeytinyak tuz karabiber patates süt tereyak kaşar peynir rendele kaşar peynir
Terbiyeli Et Haşlama,kemiksiz et patates arpacık soğa sar yumur sarıs un limo su tuz karabiber
Tortilladan Fındık Lahmacun,tortil kıyma soğa domates maydanoz tuz karabiber
Yufkalı Şiş Köfte,kıyma hazır yufka soğa maydanoz gale un biber salças fil antep fıstık karabiber kimyo tuz tereayak sıvıyak domates salças su
Zerdeçallı Tavuk Beğendi,tavuk göğsü tereyak zerdeçal süt un tuz patlıca kaşar peynir
Zeytinyağlı Mantar,mantar sar zeytinyak maydanoz karabiber tuz
Sömelek Köfte,da kıyma köftelik i bulgur sıcak su irmik un yumur biber salças kimyo karabiber tuz tereayak zeytinyak domates salças kur nane yoğurt
Bayat Ekmek Köftesi,bayat ekmek su yumur soğa sar rendelenmis kaşar peynir maydanoz gale un kırmız pul biber karabiber kekik kimyo kırmız toz biber tuz sıv yağ
Falafel,nohut soğa maydanoz sar karabiber kimyo tuz un sıv yağ
Karbonatlı Köfte,köftelik kıyma yumur soğa gale un maydanoz karbonat tuz karabiber kimyo
Kıymalı Mercimek Köftesi,yeşil mercimek kıyma havuç soğa sar maydanoz yumur domates salças kur nane pul biber kimyo tuz mısır un
Tarhana Köftesi,köftelik i bulgur tarha sıcak su yumur un tuz kur nane zeytinyak soğa tereayak zeytinyak kur nane kırmız toz biber çırpıl sarımsaklı yoğurt
Yoğurmadan Çiğ Köfte,köftelik i bulgur sıcak su domates salças biber salças soğa sar zeytinyak nar ekşis tuz karabiber kimyo sumak kırmız pul biber
Fellah Köftesi,i bulgur sıcak su irmik yumur soğa domates salças un karabiber kimyo tuz biber salças zeytinyak sar maydanoz
Haşlama İçli Köfte,i köftelik bulgur sıcak su irmik un yumur domates salças kırmız pul biber tuz or yağlı kıyma soğa sıv yağ tereyak maydanoz karabiber tereyak kırmız pul biber
Yağlı Köfte,köftelik i bulgur domates salças biber salças soğa sar domates limo tuz karabiber kırmız pul biber isot maydanoz taze soğa zeytinyak
Bulgur Köftesi Kızartması,i bulgur irmik kaynar su or boy patates kıyma kur soğa yumur un biber salças domates salças maydanoz tuz kırmız pul biber
Fırında Püreli Köfte,kıyma yumur soğa gale un tuz karabiber kimyo kekik patates ter yak süt domates salças su rendele kaşar peynir
Kasap Köftesi,köftelik kıyma soğa su gale un yumur rendele sar karbonat kimyo karabiber defne yaprak kurus tuz
Yumurtasız Köfte,kıyma kur soğa sar gale un made su karbonat kırmız pul biber kimyo kekik karabiber tuz
Limon Sıkacağında İçli Köfte,i köftelik bulgur sıcak su irmik un yumur domates salças tuz kırmız pul biber or yağlı kıyma soğa sıv yağ tereyak maydanoz sıv yağ
Misket Köfte,kıyma yumur soğa gale un maydanoz kekik karabiber kimyo tuz
Söğürmeli Kebap,hazır közle patlıca kırmız biber yeşil biber domates zeytinyak tuz köftes i̇ç kıyma domates salças karabiber pul biber üzer i̇ç maydanoz
Antep Köftesi,köftelik bulgur sar kur soğa biber salças domates salças köf bahar kırmız pul biber yenibahar kimyo karabiber tarç maydanoz limo su nar ekşis zeytinyak tuz
Galeta Unlu Fırın Köfte,köftelik kıyma yumur soğa gale un zeytinyak maydanoz tuz karabiber kırmız pul biber kimyo kekik un
Şark Köftesi,i bulgur sıcak su kur nane kur soğa yumur ak un tuz yoğurt sar ter yak kırmız pulbiber
Fırında Biber Dolması,dolmalık biber domates pirinç bulgur soğa domates salças maydanoz zeytinyak tuz karabiber kırmız pul biber nane toz şeker sos domates salças biber salças sos zeytinyak sos tuz sos karabiber
Palamut Fileto,palamut soğa domates sivri biber zeytinyak maydanoz karabiber tuz
Tavuklu Zade Kebabı,or boy kemer patlıca kuşbaş doğra tavuk göğsü or boy patates or boy soğa yeşil biber or boy domates sarıkmsak domates salças zeytinyak tuz karabiber rendele kaşar peynir
Çoban Böreği,patates süt rendele kaşar peynir kıyma soğa havuç bezelye zeytinyak un su sar domates salças tuz karabiber kırmız toz biber
Fırında Peynirli Ispanak,ıspanak yar yağlı beyaz peynir yumur kabartma toz un zeytinyak rendele kaşar peynir domates dilim
Fırında Yoğurtlu Patates Kızartması,patates yoğurt zeytinyak tuz kırmız pul biber kekik
Ratatuy,patlıca kabak patates domates zeytinyak tuz kekik domates sos soğa sar sivri biber domates salças kaşar peynir
Yoğurtlu Ekmek Dilimleri,ekmek yoğurt yumur kaşar peynir çer domates yeşil biber
Besni Tava,kuşbaş kuz et patlıca kırmız kapya biber yeşil biber domates sar kuyruk yak tuz kırmız pul biber karabiber
Fırında Sebze Sote,karnabahar brokoli patates havuç sar zeytinyak tuz kırmız toz biber kırmız pul biber kekik karabiber
Karnıyarık,kıyma patlıca domates salças zeytinyak soğa yeşil biber domates sar tuz karabiber sıv yağ
Patates Röşti,patates tereyak tuz karabiber
Brokolili Fırın Makarna,makarna brokoli ter yak un süt tuz karabiber rendele kaşar peynir
Fırında Baharatlı Karnabahar Kızartması,karnabahar yumur süt zeytinyak un tuz kırmız toz biber karabiber zerdeçal kimyo
Fırında Beşamel Soslu Patates,patates süt un tereyak tuz karabiber rendele kaşar peynir kırmız toz biber
Fırında Etli Karnabahar Yemeği,kuşbaş da kuz et karnabahar patates havuç yeşil biber domates domates püres soğa tuz karabiber kimyo rendele kaşar peynir zeytinyak
Fırında Hamsi,hamsi mısır un tuz zeytinyak
Fırında Kabak Dizme,kabak domates yeşil sivri biber kırmız kapya biber soğa sar zeytinyak tuz karabiber rendele kaşar peynir
Fırında Karnabahar Köftesi,or boy karnabahar yumur maydanoz dereo gale un tuz karabiber kırmız pul biber kekik
Fırında Kaşarlı Ekmek Dilimleri,ekmek dil yumur rendele kaşar peynir kekik fesleğe kimyo tuz
Fırında Kıymalı Pırasa,pıras kavrul kıyma soğa sar ter yak zeytinyak yumur karabiber kırmız pul biber kimyo tuz rendele kaşar peynir
Fırında Kolyoz,kolyoz balık soğa domates yeşil biber zeytinyak limo maydanoz tuz
Fırında Mercimek Köftesi,yeşil mercimek yumur soğa sar maydanoz zeytinyak kırmız pul biber kur nane kimyo tuz gale un
Fırında Mor Lahana,mor laha zeytinyak kimyo kırmız pul biber kur nane karabiber sar toz tuz yoğurt sar
Fırında Patlıcan Graten,patlıca domates soğa zeytinyak kesme şeker tuz karabiber rendele kaşar peynir
Fırında Pırasa Mücveri,pıras havuç soğa yoğurt mısır un maydanoz dereo yumur beyaz peynir zeytinyak kabartma toz kırmız toz biber kırmız pul biber karabiber tuz çörek ot
Fırın Hamsi,iriç hamsi kekik zeytinyak limo su tuz
Hamursuz Pizza Dilimleri,patates sucuk konserve mısır yeşil biber domates rendele kaşar peynir zeytinyak tuz ketçap domates salças kekik
Ispanaklı Mantarlı Yumurta,ıspanak kül mantar kur soğa yumur tuz karabiber rendele kaşar peynir
Kağıtta Levrek,levrek patates soğa sar defne yaprak tane karabiber limo dil tereyak zeytinyak yağlı kağıt tuz
Kavanoz Kebabı,kuşbaş doğra da et or boy soğa küçük boy patates küçük boy kırmız biber yeşil biber küçük boy havuç or boy kül mantar sarıkmsak ter yak domates salças zeytinyak su tuz karabiber kekik kimyo
Kıymalı Rulo Patates,patates kaşar peynir yumur maydanoz tuz karabiber kıyma soğa sar kırmız kapya biber yeşil biber domates domates salças zeytinyak su
Kolay Pizza,yoğurt zeytinyak yumur tuz toz şeker kabartma toz un domates püres domates salças zeytinyak sos balzamik sirke kekik fesleğe karabiber tuz sos sar rendelenmis kaşar peynir
Mantar Soslu Köfte,köftelik kıyma yumur soğa gale un maydanoz tuz karabiber kekik kimyo mantar kırmız kapya biber çarlisto biber sar un ter yak zeytinyak sıv krema süt rendele kaşar peynir
Patlıcan Oturtma,bos patlıca kıyma soğa sarıkmsak biber salças domates salças domates sivri biber zeytinyak tuz karabiber
Söğürme Kebabı,da döş kıyma soğa sar süt gale un tuz karabiber kimyo kırmız toz biber patlıca kırmız kapya biber zeytinyak tereayak
Tavuklu Sebze Kebabı,tavuk göğsü domates patates soğa kırmız kapya biber yeşil biber zeytinyak domates salças su tuz karabiber kekik kırmız toz biber kırmız pul biber
Tepsi Pizzası,ılık süt toz şeker instant kur ma yumur sıv yağ tuz un domates salças kekik karabiber sar zeytinyak ılık su mantar sucuk kırmız biber yeşil biber yeşil ze rendele kaşar peynir
Beşamel Soslu Brokoli Yemeği,brokoli tereyak un süt tuz karabiber rendele kaşar peynir
Brüksel Lahanası Graten,brüksel lahanas patates ter yak un süt tuz karabiber kırmız toz biber sar toz rendele kaşar peynir
Fırında Bamya Yemeği,taze bamya domates kur soğa sar yeşil biber kırmız kapya biber limo su zeytinyak tuz karabiber
Fırında Brokoli Graten,brokoli havuç ter yak un süt tuz karabiber rendele kaşar peynir
Fırında Bütün Karnabahar,küçük boy karnabahar yumur sarıs yoğurt zeytinyak gale un sar tuz kırmız toz biber karabiber kırmız pul biber kimyo zerdeçal
Fırında Etimekli Beşamel Soslu Tavuk,tavuk göğsü mantar kırmız biber tereyak un süt tuz karabiber etimek rendele kaşar peynir
Fırında Kaşarlı Karnabahar Ezmesi,karnabahar yumur tuz rendele kaşar peynir
Fırında Kestane Kebap,kebaplık kesta
Fırında Lahana Yemeği,beyaz laha soğa havuç kapya biber sar domates salças ter yak zeytinyak kırmız pul biber karabiber tuz un süt rendele kaşar peynir
Fırında Lavaş Pizza,lavaş ekmek çer domates küçük boy kapya biber yeşil dolma ze siyah ze sucuk rendele kaşar peynir domates salças zeytinyak su kekik tuz
Fırında Makarna,fır makarna ter yak un süt tuz rendele kaşar peynir
Fırında Mantar Graten,f mantar tereyak tuz kaşar peynir
Fırında Mısır Unlu Patates Kızartması,patates mısır un zeytinyak kırmız pul biber kekik tuz
Fırında Peynirli Sucuklu Ekmek,ekmek dil beyaz peynir rendele kaşar peynir sucuk yumur kırmız pul biber
Fırında Sebze Dizmesi,patlıca kabak patates domates zeytinyak sar tuz karabiber kur nane kırmız toz biber kimyo domates salças ılık su
Fırında Tavuk Kanat,tavuk kanat domates salças zeytinyak sar kırmız toz biber kekik karabiber kimyo köri tuz
Fırında Uskumru,uskumru balık soğa domates kırmız kapya biber yeşil biber limo zeytinyak tuz maydanoz
Fırında Mücver,patates havuç ıspanak pıras kırmız kapya biber kabak tuz yumur un kabartma toz sıv yağ karabiber rendele kaşar peynir
Hasanpaşa Köftesi,köftelik kıyma yumur kur soğa maydanoz gale un tuz karabiber kimyo patates süt tereyak kaşar peynir domates salças su tuz
Mantar Graten,kül mantar ter yak limo tuz rendele kaşar peynir
Nohut Tava,nohut soğa domates kapya biber sivri biber sar domates salças zeytinyak kimyo karabiber kırmız toz biber tuz
Patates Kabuğu Cipsi,patates zeytinyak kırmız toz biber sar toz kırmız pul biber karabiber tuz
Pırasalı Patates Graten,i pıras or boy patates or boy havuç un süt zeytinyak tuz karabiber kırmız toz biber rendele kaşar peynir
Ramazan Pidesinden Yalancı İskender,kıyma ramaza pides soğa maydanoz yoğurt tuz karabiber domates salças biber salças domates püres ter yak sar
Sarımsaklı Peynirli Patates,patates nişas zeytinyak sar gale un tul peynir kekik kırmız toz biber tuz silme karabiber
Sucuklu Ekmek Dilimleri,tost ekmek sucuk dilim çer domates dilim rendele kaşar peynir domates salças ketçap kekik zeytinyak
Tavada Kaşarlı Mantar,kül mantar ter yak tuz rendele kaşar peynir kekik kırmız pul biber
Tavuklu Fırın Makarna,makarna tavuk göğsü tuz su ter yak un süt karabiber rendele kaşar peynir
Abant Kebabı,kuşbaş et patlıca domates sivri biber soğa sar zeytinyak tuz karabiber domates salças su
Beykoz Kebabı,kuşbaş doğra et or boy patlıca domates sivri biber soğa sar zeytinyak tuz karabiber sıv yağ patates süt tereyak rendele kaşar peynir domates salças su
Etli Arap Tava,kuşbaş et patates soğa sivri biber sar domates domates salças biber salças zeytinyak ılık su tuz karabiber kırmız pul biber
Fırında Beşamel Soslu Mantar,kül mantar soğa sar zeytinyak tuz beşamel sos i̇ç tereyak beşamel sos i̇ç un beşamel sos i̇ç süt beşamel sos i̇ç tuz beşamel sos i̇ç karabiber üzer i̇ç rendele kaşar peynir
Fırında Domatesli Kabak,kabak soğa domates sar yeşil biber kırmız kapya biber zeytinyak tuz karabiber
Fırında İstavrit,istavrit balık mısır un tuz zeytinyak
Fırında Karnabahar Mücveri,karnabahar yumur maydanoz dereo kaşar peynir kabartma toz un tuz karabiber kimyo
Fırında Kuzu Sırt,kuz sırt patates soğa kırmız kapya biber yeşil biber aç kırmız biber patlıca sar zeytinyak taze biberi kırmız toz biber karabiber tuz
Fırında Peynirli Kabak Sandal,kabak beyaz peynir kaşar peynir yumur dereo zeytinyak tuz
Fırında Patates Pizzası,patates sucuk mısır yeşil biber domates kaşar peynir zeytinyak tuz ketçap domates salças kekik
Fırında Sardalya,sardalya balık mısır un tuz zeytinyak
Fırında Taze Fasulye Kızartması,taze fasulye sar süzme yoğurt zeytinyak tuz
Garnitürlü Sütlü Fırın Patates,patates süt sıv yağ yumur kırmız pulbiber kekik tuz garnitür konserve mısır rendele kaşar peynir
Hamursuz Ispanak Böreği,ıspanak yumur yoğurt zeytinyak beyaz peynir kabartma toz soğa tuz un çörek ot
Köfteli Patates Dizmesi,patates köftelik kıyma soğa yumur gale un tuz karabiber kekik kimyo domates salças ılık su
Şehzade Kebabı,kemer patlıca kuşbaş et kur soğa çerlisto biber sar karabiber pulbiber kekik tuz sıv yağ domates salças su domates biber
Bostan Kebabı,kuşbaş doğra et bos patlıca soğa domates sivri biber maydanoz sar zeytinyak tuz karabiber sıv yağ domates salças ılık su
Fırında Domates Közleme,domates tuz
Fırında Kabak Kızartması,kabak zeytinyak kırmız pul biber kur nane kekik tuz yoğurt
Ispanak Graten,ıspanak hazır garnitür soğa sıv yağ tereyak un süt tuz karabiber rendele kaşar peynir
Kıymalı Fırın Makarna,fır makarna kavrul kıyma tereyak un süt tuz rendele kaşar peynir
Tavuklu Patlıcan Kebabı,tavuk kalça et patlıca domates salças soğa yeşil biber sar zeytinyak tuz karabiber kırmız pul biber ılık su domates biber
Fırında Bal Kabağı Yemeği,bal kabak kur soğa sar zeytinyak kırmız kapya biber kurutul aç biber su kırmız toz biber tuz
Fırında Köfteli Patlıcan Yemeği,patlıca patates yeşil biber domates sar kıyma soğa yumur gale un tuz karabiber kekik domates salças biber salças su
Fırında Kuzu Kaburga,kuz kaburga zeytinyak soğa patates kırmız kapya biber sar kırmız toz biber tuz
Fırında Patates Püreli Tavuk Yemeği,tavuk göğsü kur soğa kapya biber yeşil biber tuz karabiber patates tereyak süt beşamel sos rendele kaşar peynir
Uskumru Pilaki,uskumru fileto soğa domates yeşil biber zeytinyak elma sirkes su tuz
Sucuklu Hellim Peynirli Yumurta,küçük kangal sucuk hell peynir yumur tereyak zeytinyak çer domates kırmız pul biber kekik tuz
Bazlamadan Kolay Pizza,büyük boy bazla rendele kaşar peynir küçük boy domates yeşil biber yeşil ze dilim siyah ze dilim sucuk dilim konserve mısır domates salças yoğurt tuz kekik
Fırında Antrikot,antrikot tereyak zeytinyak so sos kekik kimyo kırmız toz biber sarıkmsak tuz
Fırında Karnabahar Kızartması,karnabahar yumur un süt tuz sarımsaklı yoğurt maydanoz
Patlıcanlı Patatesli Musakka,kıyma patlıca patates domates soğa sar sivri biber zeytinyak tuz karabiber
Fırında Beşamel Soslu Kıymalı Makarna,makarna kıyma soğa domates zeytinyak tuz karabiber tereayak un süt rendele kaşar peynir
Fırında Kuzu Pirzola,kuz pirzol kekik kimyo çerlisto biber kırmız biber domates sıvıyak tuz
Patatesli Ispanak Graten,patates ıspanak soğa kırmız biber sıv yağ tuz tereçak un süt karabiber rendele kaşar peynir
Kabak Graten,kabak dereo zeytinyak tereçak un süt tuz karabiber rendele kaşar peynir
Acılı Ekmek Dilimleri,bayat ekmek rendele kaşar peynir yoğurt yumur sumak kırmız pul biber tuz
Bayat Ekmek Pidesi,bayat ekmek dil rendele kaşar peynir yoğurt yumur kavurma tuz kırmız toz biber
Beşamel Soslu Biftek,da biftek zeytinyak kırmız toz biber karabiber tuz beşamel sos i̇ç tereyak beşamel sos i̇ç un beşamel sos i̇ç süt üzer i̇ç rendele kaşar peynir
4 Peynirli Tortilla Pizza,tortil ekmek domates salças biber salças zeytinyak kaşar peynir mozarel peynir cheddar peynir parmesa peynir tuz karabiber kekik fesleğe
Eski Kaşarlı Mantar Graten,mantar ter yak eski kaşar tuz
Fırında Peynirli Makarna,kelebek makarna tereyak zeytinyak lor peynir beyaz peynir kaşar peynir maydanoz tuz üzer sos i̇ç rendele kaşar peynir yumur un
Fırında Baharatlı Kruton (Kıtır Ekmek),ekmek zeytinyak kırmız pul biber kekik
Fırında Baharatlı Çatlak Patates,taze patates zeytinyak kekik kırmız pulbiber tuz
Fırında Çinekop,çinekop balık limo su zeytinyak kekik tuz
Fırında Domates Soslu Kaşarlı Köfte,kıyma gale un yumur soğa sar maydanoz tuz karabiber kekik kimyo domates sos i̇ç rendele kaşar peynir
Fırında Galeta Unlu Çıtır Tavuk Pirzola,tavuk pirzol yumur gale un zeytinyak kırmız toz biber kekik köri kimyo tuz
Fırında Havuç Kızartması,havuç zeytinyak tuz maydanoz
Fırında Kahvaltılık Ekmek Dilimleri,yumur domates yeşil biber sar tereyak kaşar peynir tuz ekmek
Fırında Kaşarlı Köfte Ve Patates,kıyma gale un yumur soğa maydanoz patates domates domates salças su kaşar peynir tuz karabiber kekik kimyo
Fırında Kaşarlı Tavuk Yemeği,kuşbaş doğra tavuk göğsü mantar soğa sivri biber domates zeytinyak tuz karabiber kaşar peynir
Fırında Kılçıksız Hamsi,hamsi zeytinyak limo su kekik maydanoz tuz
Fırında Kıymalı Yumurta,kıyma yumur kur soğa sar zeytinyak tuz karabiber kırmız pul biber
Fırında Kremalı Domatesli Makarna,fır makarna domates krema tuz karabiber rendele kaşar peynir
Fırında Mantarlı Patates,mantar soğa patates kaşar peynir tereyak tuz karabiber
Fırında Patates,patates zeytinyak tuz kekik kırmız toz biber kimyo
Firinda Patates Köfte,kıyma gale un yumur soğa maydanoz zeytinyak patates tuz karabiber kekik kimyo kırmız toz biber
Fırında Patatesli Et Yemeği,kemikli kuz et patates domates salças et su su tuz
Fırında Patlıcanlı Tavuk İncik,tavuk incik bos patlıca zeytinyak kekik kimyo kırmız toz biber tuz domates yeşil biber
Fırında Salçalı Biftek,biftek zeytinyak tuz kimyo domates salças su kekik
Fırında Salçalı Patates Kızartması,patates zeytinyak domates salças kırmız pul biber kekik tuz su
Fırında Sarımsaklı Ekmek,ekmek ter yak kaşar peynir sar maydanoz
Fırında Soslu Kuzu Pirzola,kuz pirzol kekik kimyo tereyak domates salças ılık su arpacık soğa sıvıyak tuz
Fırında Susamlı Patates Kızartması,patates susa zeytinyak tuz kırmız pul biber kekik
Fırında Tavuklu Sebzeli Güveç,tavuk göğsü kabak patlıca patates domates yeşil biber soğa sar zeytinyak domates salças tuz karabiber rendele kaşar peynir
Fırında Taze Fasulye Graten,taze fasulye soğa kırmız biber tuz beşamel sos i̇ç süt beşamel sos i̇ç un beşamel sos i̇ç tereyak üzer i̇ç kaşar peynir
Fırında Tereyağlı Acılı Közlenmiş Mısır,taze süt mısır ter yak aç pul biber kırmız toz biber karabiber tuz
Fırında Yumurtalı Ekmek,ekmek yumur susa çörek ot kekik kırmız toz biber tuz
Karışık Tortilla Pizza,tortil ekmek domates salças biber salças kaşar peynir domates yeşil biber mantar sucuk tuz karabiber kekik fesleğe zeytinyak
Kırmızı Biberli Ekmek Pizzası,basto ekmek rendele kaşar peynir kırmız biber zeytinyak sumak
Kıymalı Krep Böreği,kıyma soğa sivri biber zeytinyak tuz karabiber süt un yumur tereayak
Kıymalı Rulo Lazanya,lazanya yaprak kıyma soğa domates yeşil biber tuz karabiber tereyak un süt rendele kaşar peynir
Köfteli Kürdan Kebabı,kıyma patlıca gale un soğa maydanoz tuz karabiber kekik kimyo kırmız toz biber domates çerlisto biber biber salças zeytinyak sar
Közlenmiş Kırmızı Biber Dondurucuda Nasıl Saklanır,kırmız biber buzdolap poşet
Ispanaklı Lazanya,lazanya yaprak ıspanak soğa sar kül mantar sıv krema ter yak un tuz
Lazanya,lazanya yaprak kıyma soğa yeşil biber sar domates domates salças zeytinyak su tuz karabiber tereyak un süt kaşar peynir
Mantarlı Ekmek Dilimleri,ekmek dil mantar çer domates yeşil biber kırmız biber kaşar peynir ketçap kekik rendele kaşar peynir
Maydanozlu Tortilla Pizza,tortil ekmek domates salças biber salças rendele kaşar peynir beyaz peynir domates dilim maydanoz zeytinyak tuz karabiber kekik fesleğe
Pekmezli Taze Soğanlı Antrikot,antrikot pekmez taze soğa süt zeytinyak kimyo kekik kırmız toz biber
Salamlı ve Kuru Domatesli Ekmek Pizzası,basto ekmek sala kaşar peynir yoğurt kur domates
Sütlü Patates,patates süt sar sumak kırmız toz biber zeytinyak tuz karabiber rendele kaşar peynir
Kabak Sinkonta,kabak kur soğa sar zeytinyak taze nane taze soğa kur nane karabiber kırmız pul biber tuz domates salças un elma sirkes su
Mualla Yemeği,patlıca yeşil mercimek domates soğa kırmız kapya biber sar domates salças zeytinyak nar ekşis su tuz kur nane kırmız pul biber
Barbunya Pilaki,taze barbunya patates havuç soğa domates sar zeytinyak domates salças su toz şeker tuz karabiber
Taze Bakla Yemeği,taze bak soğa zeytinyak domates salças toz şeker sıcak su karabiber tuz limo su un
Bezelyeli Enginar Yemeği,taze bezelye çanak enginar soğa zeytinyak toz şeker limo su sıcak su tuz dereo taze soğa
Domatesli Patlıcan Yemeği,patlıca yeşil sivri biber kur soğa domates sar zeytinyak kesme şeker tuz maydanoz
Kabak Çintmesi,kabak domates soğa sar domates biber salças zeytinyak dereo tuz
Lahana Bifteği,laha zeytinyak kırmız pul biber sar toz karabiber kimyo tuz yoğurt tah sar maydanoz
Mısır Tempura,konserve mısır made su yumur un mısır un tuz karabiber sıv yağ
Patlıcan Silkme,kemer patlıca yeşil biber domates sar soğa zeytinyak tuz maydanoz
Yelpaze Kabak Kızartması,kabak yumur gale un mısır un tuz sıv yağ yoğurt sar
Domatesli Kabak Yemeği,kabak domates soğa sar zeytinyak tuz karabiber kırmız pul biber dereo
Düğmeli Kereviz,kerev havuç soğa zeytinyak portakal su toz şeker tuz kerev yaprak
Fasulye Diblesi,taze fasulye soğa pirinç domates zeytinyak sıcak su tuz tereçak
Havuçlu Taze Fasulye Borani,taze fasulye havuç soğa zeytinyak su yoğurt sar tuz
İç Bakla Yemeği,iç bak soğa havuç zeytinyak domates salças su tuz dereo
Kabak Borani,bal kabak kur soğa sar zeytinyak kırmız kapya biber kurutul aç biber su kırmız toz biber tuz yoğurt
Kabak Spagetti,kabak zeytinyak tuz domates salças domates sar su karabiber kırmız pul biber
Kereviz Mücveri,kerev havuç yumur un taze soğa maydanoz tuz karabiber kimyo sıv yağ
Kıymalı Pırasa Yemeği,kıyma pıras havuç domates salças zeytinyak pirinç tuz
Kremalı Sebzeli Makarna,makarna soğa havuç kabak kapya biber sar sıv krema zeytinyak tuz karabiber
Mercimekli Pırasa Yemeği,pıras yeşil mercimek zeytinyak pilavlık bulgur portakal limo su sıcak su tuz
Patates Püreli Mantar Sote,patates süt ter yak rendele kaşar peynir tuz karabiber mantar soğa yeşil biber kırmız kapya biber domates sar zeytinyak kekik kırmız pul biber kırmız toz biber
Patlıcan Yemeği,patlıca yeşil biber kur soğa domates domates salças zeytinyak toz şeker tuz
Pirinçli Domates Yemeği,domates soğa yeşil biber sar pirinç domates salças zeytinyak tuz kırmız pulbiber kur nane
Pirpirim Aşı,semizot haşla nohut bulgur soğa domates salças tozz biber zeytinyak sıcak su sumak ekşis tuz
Portakallı Brüksel Lahanası,brüksel lahanas soğa havuç zeytinyak portakal su su tuz
Rendelenmiş Patates Kızartması,patates yumur kaşar peynir un kırmız pul biber karabiber tuz
Semizotu Mücveri,semizot kabak yumur taze soğa dereo maydanoz taze nane un beyaz peynir kabartma toz tuz karabiber sıv yağ
Taze Börülce Borani,taze börül or boy soğa büyük diş sar zeytinyak tuz yoğurt kırmız toz biber
Unsuz Pırasa Böreği,pıras havuç yumur yoğurt mısır un zeytinyak tuz karabiber rendele kaşar peynir çörek ot
Yeşil Mercimekli Semizotu Yemeği,semizot soğa sar yeşil mercimek bulgur domates salças zeytinyak su tuz
Yunan Usulü Kabak Kızartması,kabak un made su tuz sıv yağ
Zeytinyağlı Bezelye,taze bezelye soğa havuç sar zeytinyak limo su sıcak su tuz dereo
Bal Kabağı Sinkonta,bal kabak kur soğa sar zeytinyak limo su sirke su un tuz karabiber kırmız pul biber
Barbunyalı Bezelye Yemeği,taze barbunya iç bezelye havuç soğa domates sar zeytinyak domates salças toz şeker tuz
Borani,ıspanak sar soğa zeytinyak yoğurt tuz kırmız pul biber
Brokoli Yemeği ve Brokoli Mücver,brokoli yumur un kaşar peynir tuz karabiber sıvıyak soğa havuç patates sar zeytinyak domates salças limo su şeker
Bütün Mantar Kavurması,or boy kül mantar soğa sar tereyak zeytinyak maydanoz tuz karabiber kırmız pul biber
Domatesli Fasulye Kızartması,i taze fasulye or boy domates sar zeytinyak tuz yoğurt sar
Etli Bezelye Yemeği,taze bezelye kuşbaş et patates havuç soğa domates salças zeytinyak sıcak su tuz karabiber
Fırında Baharatlı Karnabahar,karnabahar zeytinyak kırmız toz biber sar toz kırmız pul biber kekik zerdeçal karabiber tuz
Fırında Brüksel Lahanası,brüksel lahanas sar zeytinyak kırmız pul biber kırmız toz biber karabiber tuz
Fırında Çıtır Kabak,kabak yumur gale un mısır un un tuz
Fırında İstiridye Mantarı,istiridye mantar sar zeytinyak ter yak rendele kaşar peynir kekik karabiber tuz
Fırında Peynirli Pırasa,pıras yumur mısır un süt sıvıyak beyaz peynir maydanoz dereo kabartma toz tuz
Fırında Sebze Kızartması,patlıca patates kabak havuç kırmız kapya biber çerlisto biber zeytinyak tuz karabiber kırmız pul biber domates sar sıv yağ
Fırında Sebzeli Tavuk Sote,tavuk göğsü patates soğa çerlisto biber kırmız kapya biber domates zeytinyak kimyo kekik kırmız toz biber tuz domates salças su
Fırında Sütlü Karnabahar,küçük boy karnabahar süt zeytinyak tuz karabiber kırmız toz biber rendele kaşar peynir
Havuçlu Kabak Kavurması,kabak kur soğa havuç zeytinyak tuz yoğurt dereo sar kırık cev kırmız toz biber
Ispanak Tarator,ıspanak sar soğa zeytinyak yoğurt tuz
Kapuska Yemeği,beyaz laha soğa sar domates salças tereyak zeytinyak pirinç sıcak su pul biber karabiber tuz
Karnabahar Böreği,karnabahar yumur süt zeytinyak taze soğa maydanoz tuz kimyo kırmız pulbiber karabiber un kabartma toz rendele kaşar peynir
Karnabahar Kızartması,karnabahar so yumur un nişas tuz karabiber sıvıyak
Karnabahar Pane,karnabahar yumur yoğurt zeytinyak gale un un kırmız pul biber kimyo karabiber zerdeçal tuz
Kereviz Yemeği,kerev patates havuç soğa zeytinyak portakal su limo su toz şeker tuz dereo
Kıymalı Kereviz Yemeği,kıyma kerev kur soğa patates havuç sar domates salças zeytinyak tuz kekik karabiber
Közlenmiş Patlıcan Yemeği,patlıca kırmız kapya biber kur soğa sar zeytinyak karabiber kırmız pul biber tuz
Lahana Kavurması,beyaz laha domates salças zeytinyak ter yak kapya biber soğa havuç sar kırmız pul biber karabiber tuz
Lahana Yemeği,laha soğa sivri biber domates sar domates salças tereyak zeytinyak sıcak su tuz karabiber kırmız pul biber
Mantar Kızartması,kül mantar yumur gale un tuz sıv yağ
Mantarlı Karnabahar Kavurması,küçük boy karnabahar kül mantar soğa havuç sar zeytinyak tuz yoğurt kırmız toz biber
Mantar Mezesi,küçük boy kül mantar or boy soğa sar zeytinyak tereyak maydanoz tuz karabiber kekik kırmız pul biber kırmız toz biber süzmeyoğurt
Mercimekli Kabak Yemeği,kabak yeşil mercimek soğa sar domates salças zeytinyak limo su tuz
Mısır Unlu Karnabahar Kızartması,or boy karnabahar yumur süt un kırmız toz biber karabiber kimyo tuz sıv yağ mısır un
Nohutlu Semizotu Yemeği,semizot nohut pirinç soğa domates salças zeytinyak sıcak su tuz
Patates Graten,patates sıv krema süt kırmız toz biber kimyo sar tuz karabiber rendele kaşar peynir
Patlıcan Kızartması,patlıca gale un un yumur tuz sıv yağ
Pırasa Kavurması,pıras havuç soğa sar domates salças zeytinyak tuz yoğurt sar
Sebze Spagetti,kabak havuç kırmız kapya biber zeytinyak tuz domates salças domates sar su kavrul kıyma karabiber kırmız pul biber
Tavada Brüksel Lahanası,brüksel lahanas zeytinyak kırmız pul biber kırmız toz biber karabiber tuz sar toz
Tavuklu Pırasa Yemeği,kuşbaş doğra tavuk et or boy pıras or boy havuç or boy soğa domates salças zeytinyak tuz karabiber
Tepside Kumpir,patates rendele kaşar peynir tereyak tuz karabiber havuç haşla bezelye haşla mısır kornişo turşu ketçap mayonez
Yoğurtlu Patates Mantısı,patates maydanoz tuz karabiber yoğurt sar sıv yağ domates salças su
Yufkasız Kabak Böreği,kabak yumur dereo kabartma toz un karabiber kırmız pul biber tuz kaşar peynir
Zeytinyağlı Ayvalı Kereviz,kerev ayva havuç soğa portakal limo su toz şeker zeytinyak su tuz kerev yaprak
Zeytinyağlı Kabak Kavurması,kabak soğa havuç kırmız kapya biber domates sar zeytinyak tuz kırmız pul biber
Zeytinyağlı Taze Fasulye Oturtma,taze fasulye domates soğa zeytinyak su toz şeker tuz
Börülce Kavurması,taze börül zeytinyak ter yak soğa domates tuz
Enginar Salatası,enginar maydanoz dereo kornişo turşu garnitür mısır kırmız biber limo su sızma zeytinyak tuz
Etli Terbiyeli Kereviz Yemeği,kerev patates havuç kuşbaş et zeytinyak soğa tuz karabiber yumur sarıs limo su
Fırında Beşamel Soslu Karnabahar Graten,karnabahar tuz beşamel sos i̇ç üzer i̇ç
Fırında Tereyağlı Patates Kızartması,patates ter yak zeytinyak tuz
Havuçlu Kabak Mücver,kabak havuç yumur maydanoz dereo taze soğa un kabartma toz tuz karabiber sıv yağ
Ispanaklı Havuç Tarator,ıspanak havuç yoğurt zeytinyak sar tuz cev kırmız pul biber kırmız toz biber
Kabak Mücver,kabak yumur dereo maydanoz un kabartma toz tuz karabiber sıvıyak
Kahvaltılık Tereyağlı Patates Kavurması,patates tereyak zeytinyak maydanoz kekik kırmız pul biber karabiber tuz
Kibrit Patates Kızartması,patates sıv yağ elma sirkes tuz
Kremalı Kabak Graten,kabak sıv krema sar tuz karabiber kaşar peynir
Mantar Sosu ve Mantar Sote,kül mantar sıv krema zeytinyak tereyak sar maydanoz tuz karabiber soğa yeşil biber kapya biber rendele domates
Mısır Unlu Patlıcan Kızartması,patlıca mısır un tuz sıv yağ
Nohut Dürüm,nohut zeytinyak biber salças kırmız toz biber karabiber pul biber kimyo tuz soğa maydanoz limo su lavaş
Patatesli Ispanak Yemeği,ıspanak patates soğa domates salças zeytinyak kırmız toz biber karabiber tuz
Pirinçli Ispanak Yemeği,ıspanak soğa pirinç domates salças zeytinyak sıcak su tuz
Sebzeli Mantar Yemeği,kül mantar soğa kırmız kapya biber yeşil biber havuç domates sar zeytinyak tuz karabiber kekik
Semizotu Yemeği,semizot soğa pirinç zeytinyak domates salças su tuz
Sucuklu Kapuska Yemeği,laha sucuk soğa havuç pirinç domates salças aç biber salças zeytinyak sıcak su tuz karabiber
Tavada Haşlanmış Patates Kızartması,patates zeytinyak sar toz zerdeçal kırmız toz biber kekik tuz
Taze Barbunya Yemeği,taze barbunya havuç soğa sar zeytinyak domates salças toz şeker tuz
Kıymalı Karnabahar Yemeği,or boy karnabahar kavrul kıyma soğa sar büyük boy havuç domates salças zeytinyak tuz karabiber
Unlu Patlıcan Kızartması,patlıca yumur un kabartma toz tuz sıv yağ
Yeşil Mercimek Yemeği,yeşil mercimek domates salças soğa sar zeytinyak sıcak su tuz karabiber kırmız pul biber
Yoğurtlu Kabak Kızartması,kabak yoğurt sar tereyak dolusudomates salças tuz sıv yağ
Yoğurtlu Pırasa Kavurması,pıras soğa sar zeytinyak su karabiber kırmız pul biber tuz yoğurt tereyak kırmız toz biber
Yumurtalı Çiriş Otu Kavurması,çiriş ot soğa yumur zeytinyak tuz karabiber
Zeytinyağlı Karnabahar Yemeği,or boy karnabahar büyük boy patates büyük boy havuç or boy kur soğa domates salças zeytinyak kesme şeker sıcak su tuz
Dondurucudan Çıkan Bamya Nasıl Pişirilir,dondurul taze bamya kur soğa zeytinyak domates salças limo su tuz
Fırında Beşamel Soslu Karnabahar,karnabahar süt tuz tereçak un süt karabiber kaşar peynir kırmız toz biber tereçak
Garnitürlü Kereviz Yemeği,kerev garnitür soğa portakal su zeytinyak toz şeker tuz
Isırgan Otu Kavurması,ısırga ot zeytinyak soğa domates salças pirinç sıcak su tuz yoğurt
Kabak Yemeği,kabak soğa pirinç domates salças zeytinyak sıcak su dereo tuz
Karamelize Mantar ve Karışık Sebzeli Mücver,küçük boy kül mantar or boy soğa sar tereyak zeytinyak limo su maydanoz tuz kekik or boy kabak or boy patates or boy havuç yumur dereo taze soğa un kabartma toz karabiber sıvıyak
Kıymalı Bamya Yemeği,bamya kıyma kur soğa domates dolusudomates salças limo su zeytinyak sıcak su tuz
Patates Sote ve Patlıcan Beğendi,patates kırmız toz biber kekik tuz karabiber zeytinyak süt un tereyak konserve közle patlıca rendele kaşar peynir
Pazı Kavurması,paz soğa zeytinyak tuz karabiber kırmız pul biber
Terbiyeli Kereviz Yemeği,kerev patates soğa havuç kesme şeker zeytinyak kerev yaprak tuz yumur sarıs limo su
Yumurtalı Pırasa,pıras soğa zeytinyak yumur karabiber kırmız pul biber tuz
Ispanak Kökü Yemeği,ıspanak kök soğa sar bulgur zeytinyak domates salças su tuz karabiber
Kıymalı Karnabahar Graten,karnabahar kıyma soğa zeytinyak dolusudomates salças su maydanoz tuz karabiber kırmız pul biber beşamel sos i̇ç tereyak un süt üzer i̇ç rendele kaşar peynir
Lübnan Köftesi,haşla nohut or boy soğa sar maydanoz toz kişniş kimyo tuz karabiber un sıv yağ süzmeyoğurt tah limo su maydanoz
Patates Köftesi,patates domates salças gale un kırmız pul biber sar karabiber tuz maydanoz yumur sıvıyak
Patatesli Mantar Sote,kül mantar patates çerlisto biber kırmız kapya biber soğa sar domates ter yak zeytinyak tuz karabiber kekik
Pirinçli Semizotu Yemeği,semizot soğa domates salças pirinç zeytinyak sıcak su tuz
Galeta Unlu Patlıcan Kızartması,patlıca gale un un yumur tuz sıv yağ
Köfteli Barbunya Yemeği,barbunya kırmız kapya biber kur soğa domates salças zeytinyak karabiber pulbiber tuz köftelik kıyma pulbiber karabiber kimyo kekik tuz
Fırında Kıymalı Patates Püresi,patates süt tereyak kaşar peynir tuz kıyma soğa havuç kırmız biber yeşil biber sıv yağ karabiber rendele kaşar peynir
Taze Fasulye,taze fasulye soğa zeytinyak domates kesme şeker tuz
Kıymalı Sebze Kızartması,patlıca kabak patates havuç kırmız kapya biber yeşil biber sıv yağ kıyma soğa domates biber salças zeytinyak tuz karabiber yoğurt sar
Sebze Graten,karnabahar brokoli havuç patates bezelye tuz tereçak un süt karabiber kaşar peynir
Zeytinyağlı Girit Kabağı,girit kabak domates soğa kırmız kapya biber sar zeytinyak tuz
Bamya Kızartması,bamya un yumur gale un tuz sıv yağ
Cevizli Mantar Kavurması,mantar soğa cev tereyak limo su karabiber sumak tuz
Etli Kabak Yemeği,kuşbaş et kabak domates soğa yeşil biber zeytinyak tuz karabiber
Etsiz Kuru Fasulye,kur fasulye soğa dolusudomates salças zeytinyak kesme şeker tuz
Fırında Elma Dilimli Patates,patates zeytinyak tuz kekik kırmız toz biber pul biber
Fırında Kıymalı Yumurtalı Patates,patates kavrul kıyma yumur rendele kaşar peynir tuz
Fırında Patlıcan Nasıl Közlenir,patlıca
Fırında Sütlü Kaşarlı Patates,patates süt sar sumak kırmız toz biber zeytinyak tuz karabiber kaşar peynir
Hellim Peynirli Patlıcan Kızartması,patlıca hell peynir yumur tuz karabiber sıvıyak
Kabak Musakka,kabak kıyma soğa sar yeşil biber domates domates salças zeytinyak su tuz karabiber
Karışık Sebze Kızartması,patates kabak patlıca havuç yeşil biber sıvıyak domates sar kesme şeker yoğurt tuz
Kırmızı Biber Nasıl Közlenir,kırmız biber
Kıymalı Kapuska Yemeği,laha kıyma soğa havuç pirinç domates salças aç biber salças zeytinyak sıcak su tuz karabiber
Kıymalı Semizotu Yemeği,semizot soğa kıyma sar zeytinyak domates salças su tuz
Kuru Fasulye,kur fasulye dolusudomates salças zeytinyak soğa kesme şeker tuz
Mısır Unlu Kabak Kızartması,kabak so mısır un tuz kırmız pul biber sıvıyak yoğurt dereo
Mücver,or boy kabak yumur dereo maydanoz un kabartma toz tuz karabiber sıvıyak
Patatesli Barbunya Yemeği,barbunya patates havuç soğa zeytinyak domates salças tuz
Patatesli Kabak Mücver,kabak patates yumur dereo maydanoz un tuz karabiber kırmız pul biber sıv yağ
Patlıcanlı Mantar Sote,patlıca mantar soğa kırmız biber yeşil biber sar zeytinyak tuz
Pirinçli Kabak Yemeği,kabak soğa sivri biber pirinç sar domates zeytinyak sıcak su dereo tuz karabiber
Pirinçli Yeşil Domates Yemeği,yeşil domates kırmız domates soğa yeşil biber tereyak pirinç su tuz karabiber
Sebzeli Tavuk Sote,tavuk göğsü soğa sar kabak mantar yeşil biber kırmız biber zeytinyak kimyo tuz
Soğan Halkası,soğa so un mısır nişastas yumur tuz karabiber kırmız toz biber gale un sıv yağ
Sütlü Kabak Kızartması,taze kabak yumur süt sirke karbonat un tuz karabiber sıvıyak yoğurt dereo
Taze Barbunya Derin Dondurucuda Nasıl Saklanır,taze barbunya buzdolap poşet
Taze Sarımsak Nasıl Saklanır,taze sar zeytinyak sıvıyak adet kavanoz
Kıymalı Havuçlu Patates Yemeği,patates havuç kıyma yeşil biber domates salças zeytinyak tuz karabiber
Yer Elması Yemeği,yer elmas havuç soğa patates pirinç zeytinyak toz şeker tuz
Yumurtalı Pazı,paz soğa zeytinyak pirinç yumur kırmız pul biber tuz
Mandalinalı Kereviz Yemeği,kerev soğa garnitür mandal su zeytinyak kesme şeker tuz dereo
Girit Ezmesi,ez beyaz peynir i̇zmir tul lor peynir cev pirinç fıs zeytinyak kırmız toz biber kekik fesleğe dereo maydanoz
Cennet Çorbası,mısır un tereyak kur soğa patates sar tavuk su sıcak su tuz karabiber kırmız toz biber
Taş Kadayıf,ılık süt ılık su instant kur ma toz şeker tuz un sıv yağ cev kırık toz şeker şerbet su şerbet limo su
Hatay Kağıt Kebabı,da kıyma kuz kıyma sivri biber kırmız kapya biber sar maydanoz tuz karabiber domates yeşil biber
Tavuklu Buhara Pilavı,pilavlık pirinç kuşbaş tavuk et havuç soğa ter yak zeytinyak kesme şeker sıcak su tarç karabiber çiğ bade dolmalık fıs sıv yağ
Babata Keki,yumur toz şeker yoğurt sıv yağ tah kabartma toz vanilya mısır un un susa
Çerkez Çorbası,aşurelik buğday tavuk baget haşla mısır sıcak su tuz yoğurt yumur sarıs un ter yak kur nane
Lömbedek Tatlısı,yumur sıvıyak yoğurt vanilya kabartma toz un şerbet toz şeker şerbet su
Patlıcan Çullama,patlıca soğa domates kırmız kapya biber yeşil biber sar domates salças zeytinyak tuz kırmız pul biber maydanoz
Aside Tatlısı,un süt üz pekmez tereyak cev iç
Ev Yapımı Köy Peyniri,günlük süt peynir mayas kaynar su tuz
Karmaca,pıras yumur sıv yağ yoğurt toz şeker tuz karabiber lor peynir kabartma toz mısır un
Katmerli Çörek,ılık süt toz şeker sıvıyak instant kur ma yumur ak tuz un yumuşak tereyak yumur sarıs
Lalanga,yumur süt tuz kaşar peynir un
Mamzana,patlıca kırmız kapya biber yeşil biber domates maydanoz zeytinyak kırmız pul biber tuz yoğurt sar kırmız toz biber
Mengen Çorbası ve Pilavı,kal bulgur soğa tereyak un domates salças biber salças su et su tuz kur nane kırmız pulbiber
Mısır Ekmeği,mısır un un kabartma toz toz şeker tuz ılık su ılık süt sıv yağ
Şaraşura,taze fasulye soğa patlıca kabak patates sivri biber domates domates salças zeytinyak sıcak su tuz
Tavuklu Lebeniye Çorbası,kalçal tavuk budu soğa haşla nohut pirinç zeytinyak su tuz terbi yoğurt yumur sarıs un tereyak zeytinyak kur nane
Van Cacığı,salatalık süzme yoğurt dereo maydanoz taze soğa sivri biber tuz ter yak
Yufkadan Fındık Lahmacun,yufka kıyma soğa domates sivri biber sarıkmsak domates salças biber salças tuz karabiber kırmız pul biber su
Arnavut Paçası,yumur yoğurt un sirke sar su tuz tereayak kırmız toz biber sucuk
Badem Tatlısı,tereyak yumur sıv yağ toz şeker irmik hindista ceviz vanilya kabartma toz un su toz şeker limo su f kırık
Bezirgan Salatası,soğa domates salças cev maydanoz taze nane kimyo sumak kırmız toz biber tuz
Çerkez Tavuğu,tavuk göğsü cev iç bayat ekmek iç sar tavuk su tuz kimyo ter yak zeytinyak kırmız pulbiber
Nevzine Tatlısı,tereyak sıv yağ süt tah sirke kabartma toz un cev şerbet su toz şeker limo su dut üz pekmez yeşil toz fıs tah
Sıkıcık Çorbası,köftelik i bulgur toz tarha sıcak su un tuz kur nane soğa tereyak zeytinyak domates salças sıcak su yoğurt kırmız toz biber
Yalancı Cezerye,havuç pötibör bisküv ter yak toz şeker su pekmez tarç hindista ceviz dövül cev
Ajvar Sos,patlıca kırmız kapya biber domates soğa sar zeytinyak kırmız pul biber kırmız toz biber tuz
Anadolu Çorbası,yeşil mercimek kırmız mercimek bulgur pirinç buğday sıcak su tuz yoğurt yumur sarıs un kur soğa ter yak zeytinyak kur nane kimyo kırmız pul biber karabiber
Belen Tava,koy da et yeşil biber kırmız kapya biber domates soğa sar dolusudomates salças zeytinyak ılık su tereyak tuz kekik karabiber
Bisküvili Parfe,krem şanti toz soğuk süt oreo negro bisküv da çikola f cev vanilya
Çeşmi Nigar Çorbası,kırmız mercimek kur soğa ter yak sıv yağ un su tuz yumur sarıs süt limo su domates salças nane kırmız pul biber
Çökertme Kebabı,biftek patates yoğurt zeytinyak tuz kekik kırmız pul biber sıvıyak soğa sar sirke kimyo domates domates salças
Dovga Çorbası,pirinç yoğurt su un yumur sarıs ıspanak kişniş dereo taze nane
Ekşili Sulu Köfte,patates havuç ter yak zeytinyak sıcak su maydanoz tuz kıyma soğa pirinç i bulgur karabiber kırmız pul biber kimyo un yumur sarıs limo su
Erişteli Barbunya Çorbası,eriş barbunya domates salças biber salças soğa tereyak sıv yağ sıcak su tuz maydanoz
Erzurum Helvası,ter yak sıv yağ un un toz şeker su
Fırında Porsiyon Musakka,patlıca kıyma soğa sivri biber kırmız kapya biber domates domates salças zeytinyak ılık su tuz karabiber
Gülüklü Çorbası,tavuk göğsü haşla nohut pirinç domates biber salças zeytinyak kur nane kırmız pul biber tavuk su sıcak su tuz kıyma karabiber
Hamursuz Arabaşı Çorbası,tavuk baget sıcak su zeytinyak tereayak un domates salças biber salças kırmız pul biber karabiber nane tuz
Haşu Pilavı,pilavlık pirinç kuşbaş kuz et çiğ bade maydanoz yenibahar karabiber tereyak zeytinyak sıcak su tuz
Hatay Usulü Acuka,biber salças zeytinyak kırık cev sar yoğurt çörek ot kavrul susa kırmız pul biber kimyo karabiber tuz
İmaret Çorbası,süt su pirinç soğa zeytinyak tuz terbi üzer
Kabak Sıyırma,kabak kur soğa sar pirinç zeytinyak limo su sıcak su tuz dereo
Kesme Nevzine Tatlısı,ter yak süt sıv yağ tah sirke kabartma toz çekil cev un toz şeker su pekmez limo su yeşil toz fıs
Köme Çorbası,yoğurt patlıca patates domates yeşil biber nohut yeşil mercimek buğday yumur un zeytinyak su tereyak kur nane
Kupta Güllaç,güllaç süt toz şeker gül su vanilya vişne dövül f fıs
Limonlu Yoğurt Tatlısı,yumur yoğurt toz şeker un sıv yağ kabartma toz vanilya limo kabuk şerbet
Mişoriz,pilavlık pirinç ter yak zeytinyak soğa domates salças kırmız toz biber karabiber kur nane tavuk su tuz tavuk baget ter yak
Muradiye Çorbası,tavuk göğsü kabak havuç arpa şehri zeytinyak su tuz karabiber yoğurt un su tereyak kur nane
Pankek,yumur süt toz şeker sıv yağ kabartma toz vanilya un
Pelte Tatlısı,su üz pekmez un cev iç
Pesmet,yoğurt karbonat tuz un sıv yağ
Porsiyonluk Nevzine Tatlısı,ter yak sıv yağ yoğurt tah sirke kabartma toz un su toz şeker limo su pekmez
Ramazan Kıyması,kıyma ıspanak yumur tereyak zeytinyak domates salças domates soğa maydanoz tuz karabiber
Sarıyer Poğaçası,margar instant kur ma süt yumur tuz toz şeker un kaşar peynir dilim yumur sarıs pudra şeker
Sivas Katmeri,ılık süt ılık su yaş ma tuz toz şeker un tereyak yumur sarıs yoğurt
Süt Helvası,ter yak un süt yumur sarıs toz şeker vanilya
Tahinli Pide,yaş ma ılık su ılık süt sıv yağ toz şeker tuz un tah toz şeker sos kaynar su sos yumur sarıs pekmez
Tavada Mayalı Katmer,ılık süt tuz instant kur ma un ter yak sıv yağ
Tavuklu Düğün Çorbası,tavuk but sıcak su un yoğurt yumur sarıs tuz ter yak kırmız toz biber
Tutmaç Çorbası,eriş haşla yeşil mercimek haşla nohut sıcak su yoğurt yumur sarıs un soğa zeytinyak kur nane
Tzatziki (Yunan Cacığı),salatalık süzme yoğurt sar zeytinyak limo su sirke dereo
Yüksük Çorbası,manti nohut ter yak domates salças et su su kur nane tuz
Baklavalık Yufkadan Fıstıklı Katmer,baklavalık yufka kaymak pudra şeker yeşil toz fıs tereyak
Beyti Kebabı,kıyma yufka soğa maydanoz gale un biber salças fil antep fıstık karabiber kimyo tuz ter yak sıvıyak domates salças su
Bitlis Cacığı,salatalık yoğurt su zeytinyak elma sirkes taze nane dereo sar tuz
Börülce Salatası,taze börül domates sar zeytinyak limo tuz
Diyarbakır Usulü Ayran,yoğurt soğuk su salatalık taze nane tuz buz küp
Fırında Kazan Kebabı,patlıca kıyma soğa maydanoz gale un tuz karabiber kimyo domates salças su
Fırında Sıcak Helva,tah helvas süt ter yak limo su limo kabuk rendes
Fiyonk Tatlısı,yumur un kabartma toz yoğurt zeytinyak şerbet su şeker limo su
Girit Usulü Cacık,salatalık süzme yoğurt taze nane dereo sar zeytinyak tuz karabiber
Harire Tatlısı,üz pekmez su un tarç cev iç
Hasbeli Aş,pilavlık bulgur yeşil mercimek soğa ter yak zeytinyak sıcak su tuz
Hedik Çorbası,nohut buğday soğa zeytinyak domates salças biber salças su kekik kırmız pul biber tuz
Höşmerim,çiğ süt peynir mayas yumur toz şeker irmik tereyak
İspanyol Omleti,yumur patates soğa zeytinyak tereyak tuz karabiber
Kaygana,yumur yoğurt su un taze soğa maydanoz sivri biber tuz tereyak
Lebeniye Çorbası,nohut pirinç süzme yoğurt un limo su su kıyma soğa tuz karabiber kur nane ter yak
Lutenitsa,domates patlıca kırmız kapya biber havuç sarıkmsak zeytinyak sirke toz şeker tuz
Mantarlı Et Sote,kuşbaş da antrikot mantar kırmız biber yeşil biber soğa ter yak tuz karabiber
Para Para Çorbası,yumur un tuz su yumur sarıs yoğurt un tereayak kırmız toz biber
Patatesli Bazlama,ılık süt ılık su instant kur ma sıv yağ tuz un patates kırmız pul biber kırmız toz biber kur nane
Pırasa Diblesi,pıras pirinç soğa domates zeytinyak sıcak su tuz karabiber ter yak
Samsıra,susa pekmez
Soğuk Baklava,hazır baklavalık yufka tereyak sıv yağ toz şeker su limo su süt sıv krema f sütlü çikola kakao
Tablacı Salatası,domates soğa maydanoz sumak kırmız toz biber tuz zeytinyak nar ekşis
Tas Kebabı,kuşbaş da et patates havuç soğa domates salças zeytinyak tuz karabiber
Taze Bamya Çorbası,taze bamya kuşbaş doğra et kur soğa sar domates domates salças biber salças limo su tereyak zeytinyak sıcak su tuz karabiber
Velibah,ılık süt ılık su instant kur ma sıv yağ tuz un patates kırmız pul biber kırmız toz biber karabiber kur nane
Zerde Tatlısı,pirinç toz şeker su nişas çam fıstık kuş üz zerdeçal
Arpacık Soğanlı Et Yahnisi,kuşbaş doğra da kuz et arpaciç soğa domates salças ter yak zeytinyak sirke tuz karabiber
Boşnak Tatlısı,yumur toz şeker sıv yağ yoğurt vanilya kabartma toz karbonat un su toz şeker f
Ekşili Köfte,kıyma havuç soğa yumur pirinç gale un su nane karabiber tuz un terbi yumur sarıs limo su
Fava,kur iç bak kur soğa zeytinyak toz şeker tuz zeytinyak
Geleli Kebabı,kuşbaş doğra et patlıca yeşil biber domates soğa sar domates salças zeytinyak su tuz karabiber
Haşhaşlı Rulo Çörek,ılık süt sıvıyak toz şeker tuz instant kur ma un haşhaş ezmes toz şeker sıvıyak yumur sarıs
İç Baklalı Enginar Yemeği,iç bak çanak enginar soğa havuç zeytinyak limo su sıcak su toz şeker tuz dereo taze soğa
İtalyan Salatası,hazır garnitür kornişo turşu kaşar peynir i sala süzme yoğurt dol mayonez tuz
Kaçamak,mısır un su tuz ter yak kırmız toz biber
Karalahana Çorbası,karalaha kur soğa sar domates salças mısır un haşla barbunya haşla mısır ter yak sıv yağ sıcak su et su tuz karabiber kırmız pul biber
Köfteli Düğün Çorbası,kıyma soğa un yoğurt yumur sarıs tuz tereayak kırmız pul biber kur nane sıcak su
Kolaç,ılık su instant kur ma tuz toz şeker un sıv yağ
Madımak Yemeği,madımak soğa sar zeytinyak bulgur domates salças su tuz
Mayasız Tava Ekmeği,yumur su nişas mısır un kabartma toz tuz un un
Mısır Unlu Taze Fasulye Kızartması,taze fasulye yumur tuz karabiber kırmız pul biber sıv yağ mısır un
Müceddere Pilavı,pilavlık bulgur yeşil mercimek soğa domates salças zeytinyak ter yak sıcak su tuz karabiber kırmız pul biber
Pekmezli Kaçamak,mısır un su tuz pekmez
Şam Tatlısı (Şambali),irmik yoğurt toz şeker un karbonat vanilya tuzsuz fıs şerbet
Su Muhallebisi,su süt toz şeker mısır nişastas
Waffle,yumur süt toz şeker sıv yağ vanilya kabartma toz un çilek muz kiv krem çikola f fıs
Yaprak Kabak Tatlısı,bal kabak toz şeker cev fıs tah
Börülce Tarator,taze börül limo su zeytinyak sar tuz
Erik Pestili,kırmız erik toz şeker nişas su
Karadeniz Usulü Fasulye Diblesi,taze fasulye pirinç zeytinyak soğa domates sıcak su tuz
Lavaştan Kayseri Yağlaması,lavaş kıyma soğa sivri biber domates domates salças biber salças zeytinyak sıcak su tuz karabiber kırmız pul biber
Pincur Soslu Pizza,etli kırmız kapya biber domates sar zeytinyak toz şeker tuz sirke maydanoz instant kur ma toz şeker tuz zeytinyak ılık su un
Siyez Bulgur Pilavı,siyez bulgur soğa ter yak zeytinyak domates salças sıcak su kırmız pul biber kimyo tuz
Topalak Yemeği,nohut domates salças soğa zeytinyak sıcak su tuz da kıyma köftelik bulgur un kimyo karabiber maydanoz
Andaloz Çorbası,ter yak un domates salças pirinç su maydanoz tuz
Erişteli Bulgur Pilavı,pilavlık bulgur eris sıv yağ tereyak tavuk et su sıcak su tuz
Haşhaşlı Cevizli Burma Çörek,ılık süt sıvıyak toz şeker tuz instant kur ma un haşhaş ezmes toz şeker sıvıyak i çekil cev yumur sarıs
Nohut Mayası,nohut un tuz toz şeker sıcak su
Pazılı Cacık,paz yoğurt sar su tuz zeytinyak
Pirpirim Salatası,semizot domates salatalık yeşil sivri biber zeytinyak nar ekşis kırmız pul biber tuz
Zerdeçallı Tavuk Çorbası,tavuk budu tavuk su sıcak su ter yak un tel şehri zerdeçal tuz
Dudove Tatlısı,yumur toz şeker sıv yağ yoğurt vanilya kabartma toz karbonat un su toz şeker f
Erzincan Lokumu,ter yak yumur yoğurt sıv yağ toz şeker kabartma toz vanilya un pudra şeker
Fesleğenli Pesto Sos,fesleğe parmesa peynir çam fıstık cev iç zeytinyak sar tuz
Havyar (Tarama Mezesi),kırmız havyar zeytinyak limo su ekmek iç
Kıymalı Volovan,kare milföy kıyma soğa sar çerlisto biber zeytinyak çer domates yumur sarıs tuz karabiber
Milföylü Perde Pilavı,kare milföy pilavlık pirinç kuşbaş doğra tavuk et çiğ bade çam fıstık kuş üz ter yak sıcak su tuz yumur sarıs
Tavuklu Büryan Pilavı,pilavlık pirinç tavuk baget domates tereyak tavuk su tuz
Yeşil Mercimekli Sulu Köfte,yeşil mercimek domates salças biber salças sar kur nane zeytinyak sıcak su kıyma i bulgur kur soğa tuz karabiber kırmız toz biber
Yumurtalı Yufka,yufka yumur ter yak zeytinyak tuz
Sarıyer Böreği,baklavalık yufka tereyak sıv yağ süt made su yumur tuz kıyma soğa kuş üz çam fıstık tuz kimyo karabiber
Akdeniz Salatası,marul lolorosso roko çer domates dolmalık yeşil ze siyah ze beyaz peynir zeytinyak limo su nar ekşis tuz karabiber
Haşhaşlı Hira Tatlısı,yumur irmik yoğurt eritil tereyak kabartma toz vanilya un mavi haşhaş mavi haşhaş f cev sıcak su toz şeker limo su
Erişteli Yeşil Mercimek Çorbası,yeşil mercimek eris makarna soğa sar domates salças su tuz karabiber ter yak nane kırmız pulbiber
Pırasa Tava,pıras yumur mısır un havuç tuz karabiber sıv yağ
Arpacık Soğanlı Tavuk Yahnisi,tavuk göğsü patates havuç arpacık soğa domates salças su tuz karabiber
Aşure Tatlısı,buğday toz şeker haşla kur fasulye haşla nohut kuş üz kur incir kur kayıs çiğ bade pirinç portakal elma su gül su karanfil
Baklavalık Yufkadan Beyti Kebabı,baklavalık yufka kıyma soğa tereyak domates salças sıcak su yoğurt
Barbunyalı Taze Fasulye,taze fasulye taze barbunya zeytinyak domates soğa sar toz şeker tuz
Beyaz Detoks Çorbası,enginar kerev soğa sar dereo zerdeçal zencefil su
Çıngıllı Mantı,yumur su tuz un
Duvak Pilavı,pilavlık pirinç su kıyma soğa ter yak çiğ bade maydanoz tuz karabiber
Elazığ Usulü Kısır,kısırlık bulgur soğa sar zeytinyak ılık su domates salças domates salatalık maydanoz nar ekşis limo su tuz karabiber pul biber kekik
Etli Buhara Pilavı,pilavlık pirinç havuç kavrul kuşbaş et et su soğa tereyak çiğ bade dolmalık fıs kuş üz tuz karabiber
Etli Lahana Dolması,laha yaprak kıyma pirinç soğa dereo maydanoz domates salças biber salças zeytinyak tuz karabiber
Etli Yaprak Sarması,salamur asma yaprak kıyma soğa pirinç dereo maydanoz domates salças biber salças zeytinyak tuz karabiber
Ev Yapımı Koca Kulak Mantısı,su yumur tuz un kıyma soğa tuz karabiber
Fırında Kıymalı Karnıyarık,patlıca kıyma domates yeşil biber soğa sar zeytinyak tuz karabiber
Fırında Salçalı Patatesli Köfte,köftelik kıyma yumur soğa patates maydanoz domates salças su gale un tuz karabiber kekik kimyo
Frambuazlı Trileçe Tatlısı,süt süt kremas süt toz toz şeker toz şeker yumur vanilya un kabartma toz frambuaz jöl
Havuçlu Kabak Çorbası,kabak havuç sar tereyak un süt sıcak su dereo tuz karabiber zeytinyak
İç Pilavlı Kaburga Dolması,kuzukoy kaburgas pirinç çam fıstık kuş üz zeytinyak soğa tuz karabiber yoğurt domates salças kırmız toz biber
Kemalpaşa Tatlısı,kemalpaş tatlıs toz şeker su hindista ceviz yeşil toz fıs
Kestaneli Tarhana Çorbası,tarha kesta domates salças biber salças ter yak su tuz
Kıymalı Mercimek Yemeği,yeşil mercimek kavrul kıyma soğa domates salças kesme şeker tuz karabiber
Klasik Sütlaç,süt toz şeker pirinç su
Köfteli Patlıcan Sarma,patlıca kıyma yumur soğa maydanoz gale un tuz karabiber kekik kimyo domates ter yak sar
Kuzu Gömleği Sarması,kuz gömlek kuz ciğer pirinç kuş üz zeytinyak tuz karabiber kimyo yumur sarıs
Lor Peynirli Yumurta,yumur lor peynir tereyak kırmız pul biber karabiber
Narlı Bulgurlu Tabule Salatası,pilavlık bulgur kırmız biber nar kornişo turşu cev maydanoz dereo nar ekşis zeytinyak limo su tuz
Otlu Sini Pidesi,ılık süt ılık su zeytinyak toz şeker tuz yumur ak yaş ma un paz soğa karabiber yumur sarıs susa
Patatesli Kıbrıs Köftesi,da kıyma patates soğa sar gale un yumur maydanoz kırmız pul biber karabiber kimyo tuz
Patates Pilaki,patates havuç domates soğa sar zeytinyak su kesme şeker tuz
Şakşukalı Kırmızı Biber Dolması,kırmız biber patates kabak patlıca sıvıyak domates sar kesme şeker tuz
Soğuk Mısır Çorbası,bulgur çorbalık mısır salatalık yoğurt dereo taze nane su zeytinyak tuz
Sultan Lokumu,süt toz şeker irmik toz krem şanti hindista ceviz
Sütlü Ovmaç Çorbası,süt yumur un tuz ter yak kırmız toz biber
Tavada Kuzu Pirzola Kızartma,kuz pirzol kekik kimyo sıvıyak tuz
Tavuklu Hünkar Beğendi,tavuk göğsü soğa domates yeşil biber kırmız toz biber tuz karabiber patlıca ter yak un süt kaşar peynir
Tekirdağ Köftesi,da kıyma soğa sar irmik karbonat karabiber kırmız toz biber kırmız pul biber kimyo tuz
Tencerede Sebzeli Et Yemeği,kuz et patates havuç soğa domates yeşil biber sar domates salças tuz karabiber
Terbiyeli Sebzeli Pirinçli Sulu Köfte Yemeği,kıyma soğa maydanoz domates salças pirinç gale un patates havuç su karabiber tuz terbi yumur sarıs limo su
Trileçe Arnavut Tatlısı,yumur toz şeker un kabartma toz vanilya süt süt kremas toz şeker süt toz karamel jöl
Yumurtalı Fasulye Turşusu Kavurması,taze fasulye turşus soğa ter yak yumur
Zeytinyağlı Yaprak Sarması,salamur asma yaprak soğa pirinç kuş üz dolmalık fıs dereo maydanoz toz şeker zeytinyak limo tuz karabiber
4 Kaşık Çorbası,yeşil mercimek kırmız mercimek bulgur pirinç sıcak su tuz yoğurt yumur sarıs un kur soğa zeytinyak kur nane kırmız pul biber
Erişteli Nohutlu Yayla Çorbası,eriş haşla nohut su tuz yoğurt yumur sarıs un tereayak kur nane kırmız pul biber
Közlenmiş Biberli Domates Çorbası,domates kapyabiber soğa sar domates salças ter yak zeytinyak un süt tuz kekik karabiber sıcak su
Pirinçli Yoğurt Çorbası,pirinç su tuz yoğurt yumur sarıs un ter yak kur nane
Arpa Şehriyeli Yoğurt Çorbası,arpa şehri sıv yağ sıcak su yoğurt yumur sarıs un tereayak kur nane
Bıt Bıt Çorbası,kıyma i bulgur haşla nohut kur soğa yumur un karabiber sıv yağ su tuz yoğurt yumur sarıs tereyak biber salças kur nane
Lokanta Usulü Tavuk Çorbası,tavuk göğsü fileto su ter yak sıv yağ un pirinç yumur sarıs yoğurt sar limo su
Alişke Çorbası,kemiksiz tavuk et patates soğa domates tereyak sıcak su tuz un su yumur limo su
Aşçıbaşı Çorbası,tavuk göğsü fileto kırmız mercimek tel şehri domates soğa tereyak sıv yağ un domates salças tavuk su tuz karabiber kur nane kırmız pul biber maydanoz
Bulgur Çorbası,kal bulgur soğa yeşil biber domates domates salças zeytinyak sıcak su maydanoz tuz
Gırar Çorbası,haşla buğday haşla nohut küçük boy kabak taze nane tereyak yoğurt yumur sarıs un su
Hidiv Çorbası,patates kabak havuç zeytinyak sıcak su tuz karabiber tereyak un soğuk su yumur sarıs süt dereo
Karamelize Soğanlı Çorba,soğa un zeytinyak tereyak süt su tuz karabiber
Kıymalı Erişte Çorbası,eris kıyma tereyak sıv yağ soğa domates salças sıcak su tuz yoğurt yumur sarıs un kur nane
Kolay Domates Çorbası,domates püres domates salças ter yak un su süt tuz karabiber
Kremasız Mantar Çorbası,kül mantar soğa sar tereyak zeytinyak un süt suy tuz karabiber
Lokanta Usulü Yayla Çorbası,pirinç yoğurt su yumur sarıs un tuz tereayak kur nane
Mantarlı Kuskuslu Tavuk Çorbası,tavuk budu kül mantar sıv yağ un tavuk su kuskus süt maydanoz tuz karabiber
Sakala Çarpan Çorbası,haşla yeşil mercimek eriş soğa domates salças tereyak zeytinyak su tuz karabiber nane
Sarımsaklı Un Çorbası,un tereyak zeytinyak sar su tuz karabiber kırmız toz biber kur nane sirke
Sebzeli Mantar Çorbası,kül mantar havuç kırmız kapya biber soğa sar dereo un tereyak zeytinyak ılık su süt tuz karabiber
Terbiyeli Tavuk Çorbası,tavuk but soğa tel şehri su tuz karabiber yumur sarıs limo su un çay bardak su
Topçata Çorbası,bulgur ir bulgur i sıcak su tuz kıyma kimyo yoğurt yumur sarıs maydanoz
Valide Sultan Çorbası,pirinç bulgur hazır garnitür su tuz kıyma soğa gale un yoğurt un tereyak kur nane
Yoğurtlu Semizotu Çorbası,semizot bulgur soğa zeytinyak su tuz yoğurt yumur sarıs un limo su
Artan Pilavdan Çorba,yoğurt yumur sarıs un su pirinç pilav tuz tereyak kur nane
Brüksel Lahanası Çorbası,brüksel lahanas zeytinyak un süt su karabiber tuz
Etli Bamya Çorbası,taze bamya kuşbaş doğra et küçük boy kur soğa or boy domates sarıkmsak domates salças biber salças ter yak zeytinyak limo su sıcak su tuz karabiber
Havuç Çorbası,havuç patates soğa tereyak un süt su karabiber tuz dereo
Havuçlu Mantar Çorbası,kül mantar havuç soğa sarıkmsak ter yak zeytinyak un tavuk su su süt dereo tuz karabiber
Helle Çorbası,un ter yak sıv yağ pirinç su tuz kırmız toz biber
İpek Çorbası,kırmız mercimek tavuk göğsü kırmız kapya biber havuç patates tavuk su süt un sıv yağ tuz tereyak kur naen kırmız kapya biber
Kavrulmuş Tarhana Çorbası,toz tarha ter yak domates salças biber salças sar su kırmız pul biber kur nane tuz
Köfteli Şehriye Çorbası,arpa şehri dolusudomates salças sıv yağ domates su tuz kıyma karabiber maydanoz
Közlenmiş Patlıcan Çorbası,patlıca ter yak zeytinyak un sar süt su tuz karabiber kırmız pul biber
Kuskus Çorbası,kuskus makarna kur soğa kıyma sıv yağ domates salças su tuz pulbiber nane
Lokanta Usulü Ezogelin Çorbası,kırmız mercimek bulgur pirinç soğa tereyak un domates salças sıcak su nane pulbiber tuz karabiber
Mantarlı Domates Çorbası,domates püres kül mantar domates salças ter yak un sar su tuz karabiber
Mercimekli Tarhana Çorbası,toz tarha kırmız mercimek domates salças tereyak zeytinyak su karabiber tuz
Nohutlu Tarhana Çorbası,toz tarha haşla nohut ter yak zeytinyak domates salças sar soğuk su kur nane kırmız pul biber karabiber tuz
Patatesli Kabak Çorbası,kabak patates havuç tereyak zeytinyak un süt su tuz karabiber dereo
Patatesli Mercimek Çorbası,kırmız mercimek kur soğa havuç patates ter yak zeytinyak sıcak su tuz karabiber
Pirinç Çorbası,pirinç soğa sivri biber kırmız biber domates domates salças zeytinyak maydanoz sıcak su tuz karabiber
Kremalı Sebze Çorbası,patates havuç kırmız kapya biber soğa kabak haşla bezelye konserve mısır sıv yağ un sıv krema sıcak su tuz karabiber dereo
Sebzeli Tavuk Çorbası,tavuk but havuç kırmız kapya biber yeşil biber sar tereyak sıv yağ un tel şehri maydanoz tavuk su tuz karabiber
Semizotu Çorbası,semizot bulgur soğa zeytinyak su tuz yoğurt yumur sarıs un limo su
Süleymaniye Çorbası,kırmız mercimek ıspanak yaprak patates havuç kabak kur soğa sar tereyak un zeytinyak tuz karabiber sıcak su kıyma
Sütlü Erişte Çorbası,eriş süt su ter yak kur nane kırmız toz biber tuz
Sütlü Mantar Çorbası,kül mantar un sıv yağ süt suy tuz karabiber
Sütlü Mısır Çorbası,haşla konserve mısır süt tavuk su ter yak sıv yağ un dereo tuz pul biber
Sütlü Un Çorbası,un tereyak sıv yağ süt su tuz kırmız toz biber kur nane
Tavuklu Mercimek Çorbası,kırmız mercimek tavuk baget soğa sar un tereyak tuz sıv yağ kırmız toz biber
Tel Şehriye Çorbası,tel şehri haşla nohut domates salças zeytinyak su maydanoz kırmız pul biber tuz
Terbiyeli Ispanak Çorbası,ıspanak soğa sıv yağ su tuz yoğurt yumur sarıs un limo su tereayak kırmız pul biber
Terbiyeli Kavrulmuş Şehriye Çorbası,tel şehri tereyak sıcak su tuz karabiber yumur sarıs yoğurt
Terbiyeli Pırasa Çorbası,pıras ter yak su tuz karabiber yoğurt yumur sarıs un limo su
Terbiyeli Şehriye Çorbası,arpa şehri tereyak su yoğurt yumur sarıs un kur nane kırmız pul biber
Yeşil Mercimekli Mantı Çorbası,yeşil mercimek hazır kayser mantıs yoğurt yumur sarıs un su tuz ter yak nane kırmız pulbiber
Yoğurtlu Mısır Unu Çorbası,mısır un tereyak yoğurt yumur sarıs arpa şehri sıcak su tuz kırmız toz biber kur nane
Yoğurtlu Topalak Çorbası,irmik i bulgur kur soğa yumur ak yumur sarıs sıcak su haşla nohut sıcak su tuz karabiber yoğurt un limo su tereyak zeytinyak kırmız toz biber kur nane
Arpa Şehriye Çorbası,arpa şehri soğa havuç yeşil biber tereyak sıv yağ domates salças limo su maydanoz sıcak su tuz karabiber
Avokado Çorbası,avokado yoğurt salatalık dereo taze nane zeytinyak limo su su tuz
Dövme Buğday Çorbası,aşurelik buğday haşla nohut yumur sarıs un yoğurt tavuk et su tuz ter yak kur nane
Erişteli Kırmızı Mercimek Çorbası,kırmız mercimek eriş haşla nohut zeytinyak ter yak domates salças sıcak su kur nane tuz
Erzincan Çorbası,kıyma tuz karabiber soğa zeytinyak eriş nohut su yoğurt un yumur sarıs limo su sar su tereyak kur nane
Ispanaklı Şehriye Çorbası,ıspanak tel şehri domates salças soğa su zeytinyak tuz karabiber
Karnabahar Yaprağı Çorbası,karnabahar yaprak soğa havuç pirinç zeytinyak domates salças sıcak su maydanoz tuz
Kış Çorbası,ıspanak yaprak havuç un ter yak sar su tuz karabiber
Kıymalı Yeşil Mercimekli Şehriye Çorbası,kıyma yeşil mercimek arpa şehri domates salças maydanoz sıv yağ sıcak su kırmız pul biber karabiber tuz
Kremalı Mercimek Çorbası,kırmız mercimek kur soğa patates sar ter yak sıv yağ domates salças sıv krema sıcak su tuz kur nane karabiber
Mantarlı Tarhana Çorbası,kül mantar toz tarha domates salças biber salças kırmız kapya biber sarıkmsak ter yak su tuz kur nane
Mercimekli Erişteli Yoğurt Çorbası,eriş haşla yeşil mercimek haşla nohut sıcak su yoğurt yumur sarıs un soğa zeytinyak kur nane
Mısırlı Patates Çorbası,patates soğa konserve mısır zeytinyak un su tuz tereyak kırmız toz biber
Nohutlu Patates Çorbası,haşla nohut patates soğa tereyak un su zerdeçal tuz zeytinyak kırmız toz biber
Pancar Çorbası,kırmız pancar patates havuç kur soğa sar zeytinyak su tuz karabiber
Paşazade Çorbası,kıyma soğa gale un maydanoz tuz karabiber patates haşla nohut su yoğurt yumur sarıs un ter yak nane
Pirinçli Tarhana Çorbası,toz tarha pirinç tereyak domates salças biber salças su kırmız pul biber kur nane tuz
Brokoli Çorbası,brokoli soğa havuç patates süt ter yak un tuz karabiber
Sütlü Soğan Çorbası,kur soğa tereyak zeytinyak sar un süt süt tuz karabiber kırmız toz biber
Tavuklu Tarhana Çorbası,toz tarha tavuk but ter yak sar domates salças tavuk su su kur nane tuz
Tavuk Suyu Çorbası,kalçal tavuk but tel şehri soğa sar havuç zeytinyak maydanoz tavuk su tuz karabiber terbi yumur sarıs un su limo su
Yoğurtlu Kabak Çorbası,kabak soğa sar zeytinyak su dereo tuz karabiber yoğurt un kur nane kırmız pul biber
Zerdeçallı Mercimek Çorbası,kırmız mercimek kur soğa zerdeçal ter yak tavuk su sıcak su tuz
Balık Çorbası,levrek balık su ter yak un limo tuz sar sirke
Kıymalı Mantar Çorbası,kül mantar kıyma soğa sar sıv yağ un süt su tuz karabiber tereyak sıv yağ kur nane kırmız toz biber
Mısır Unu Çorbası,mısır un ter yak tel şehri süt su tuz sıvıyak kırmız pul biber kekik
Salçalı Arpa Şehriye Çorbası,arpa şehri domates salças domates sıv yağ su tuz nane
Salçalı Yoğurt Çorbası,domates salças ter yak zeytinyak tel şehri sıcak su maydanoz tuz karabiber yoğurt yumur un
Şehriyeli Domates Çorbası,domates püres domates salças tereyak sıv yağ un su arpa şehri tuz karabiber
Toros Çorbası,irmik i bulgur kur soğa yumur ak yumur sarıs sıcak su haşla nohut sıcak su tuz karabiber yoğurt un limo su tereayak zeytinyak kırmız toz biber kırmız pul biber
Yumurtasız Yoğurt Çorbası,pirinç yoğurt un su tuz tereyak kur nane
Brokolili Mercimek Çorbası,kırmız mercimek brokoli kur soğa sar havuç patates ter yak zeytinyak sıcak su tuz karabiber
Kremalı Brokoli Çorbası,brokoli sar et su süt ter yak un süt kremas tuz karabiber
Mantı Çorbası,küçük ma haşla nohut soğa sar domates salças sıv yağ sıcak su tuz karabiber kırmız pul biber nane
Patlıcan Çorbası,patlıca tereyak un süt su kıyma kırmız toz biber
Salçalı Domates Çorbası,domates salças ter yak sıv yağ un su süt tuz karabiber
Tel Şehriyeli Tarhana Çorbası,toz tarha tereyak tel şehri sar domates salças su tuz
Yoğurtlu Ezogelin Çorbası,kırmız mercimek yoğurt kur soğa domates salças biber salças pilavlık bulgur pirinç tel şehri nane sıv yağ su tuz
Kırmızı Biberli Mantar Çorbası,kül mantar kırmız biber soğa sar un ter yak sıv yağ süt su tuz karabiber
Sebzeli Ezogelin Çorbası,kırmız mercimek kırmız pirinç bulgur kabak havuç patates kur soğa sıcak su tuz karabiber tereyak kur nane kırmız toz biber
Terbiyeli Yoğurt Çorbası,arpa şehri sıv yağ sıcak su yoğurt yumur sarıs un tereayak kur nane
Yeşil Mercimek Çorbası,yeşil mercimek arpa şehri havuç soğa domates salças sıv yağ sıcak su kur nane tuz karabiber
Yoğurtlu Ispanak Çorbası,ıspanak soğa sıv yağ su tuz yoğurt yumur sarıs un limo su
Salçalı Et Çorbası,küçük kase kavrul kuşbaş et zeytinyak domates salças un sarıkmsak et su su kimyo kırmız pul biber kur nane tuz
Yalancı Kelle Paça Çorbası,et su haşlanıp didikle et su un yoğurt yumur sarıs sar tereyak sirke limo su kırmız pul biber
Ezogelin Çorbası,kırmız mercimek kur soğa domates salças biber salças pilavlık bulgur pirinç tel şehri sıv yağ su tuz kur nane
Sütlü Havuç Çorbası,havuç un süt su zeytinyak tuz dereo
Sütlü Patates Çorbası,patates tereyak un süt su tuz kırmız pul biber nane
Taneli Sebze Çorbası,patates havuç kapya biber soğa kabak sar maydanoz ter yak sıv yağ su tuz yoğurt yumur sarıs un limo su
Arpa Şehriyeli Kırmızı Mercimek Çorbası,kırmız mercimek arpa şehri soğa kırmız kapya biber domates salças kur nane pulbiber sıvıyak sıcak su tuz
Bademli Tavuk Çorbası,tavuk budu fil bade tereyak un hazır süt kremas tavuk su tuz pul biber
Enginar Çorbası,çanak enginar un limo su yumur sarıs tuz su dereo
Kıymalı Arpa Şehriye Çorbası,arpa şehri kavrul kıyma domates salças su maydanoz limo su tuz karabiber
Kıymalı Mercimek Çorbası,yeşil mercimek arpa şehri kıyma soğa domates salças su tuz karabiber ter yak nane
Közlenmiş Domates Çorbası,domates soğa domates salças sarıkmsak ter yak su tuz karabiber
Labneli Domates Çorbası,domates püres labne peynir ter yak un su tuz karabiber fesleğe
Sebzeli Köy Tavuğu Çorbası,köy tavuk budu havuç domates maydanoz tel şehri su tuz karabiber
Tavuklu Buğday Çorbası,buğday yoğurt tavuk göğsü un yumur sarıs su tereayak kırmız toz biber
Un Çorbası,un tereyak sıvıyak limo su sar yumur sarıs su tuz karabiber kırmız toz biber
Yoğurtlu Bulgur Çorbası,bulgur yumur sarıs un yoğurt su tuz ter yak kur nane
Yoğurtlu Mercimek Çorbası,yeşil mercimek yoğurt un yumur sarıs su tuz tereyak kur nane
Bostana Salatası,domates salatalık yeşil sivri biber maydanoz soğa zeytinyak biber salças domates salças nar ekşis sumak kırmız pul biber tuz
Coleslaw Salatası,küçük boy beyaz laha or boy havuç mayonez küçük boy kur soğa taze sıkıl limo su toz şeker tuz sirke
Havuçlu Kabak Tarator,havuç kabak yoğurt mayonez dereo sar zeytinyak tuz kırık cev kırmız toz biber
Köpoğlu,patlıca çerlisto biber domates sar zeytinyak yoğurt tuz
Nuraniye Salatası,kabak pirinç dereo maydanoz taze soğa zeytinyak sar yoğurt kur nane tuz
Vardabit Paçası,kur fasulye tırnak pides tah limo su sarıkmsak fasulye su kimyo tuz zeytinyak ter yak kırmız pul biber maydanoz
Babagannuş,patlıca kırmız biber yeşil biber soğa sar domates maydanoz biber salças zeytinyak limo su tuz
Manca,patlıca kırmız kapya biber çarlisto biber domates maydanoz sar zeytinyak sirke tuz
Tahinli Tarator,tah süzme yoğurt limo su sar zeytinyak kimyo tuz maydanoz cev kırık
Teretür,marul maydanoz süzme yoğurt tah limo su sar zeytinyak tuz
Atom Meze,süzme yoğurt kurutul sivri biber sarıkmsak zeytinyak ter yak kırmız toz biber tuz
Cunda Cacığı,salatalık süzme yoğurt zeytinyak taze nane sar tuz dereo
Hardallı Patates Salatası,patates hardal mayonez yoğurt taze soğa maydanoz dereo tuz karabiber kırmız pul biber
Havuç Tarator,havuç cev yoğurt mayonez sar zeytinyak tuz
Kırmızı Lahana Turşusu,mor laha limo toz şeker tuz
Lokanta Usulü Cacık,salatalık yoğurt su sar kur nane tuz zeytinyak
Mercimek Fava,kırmız mercimek soğa sar zeytinyak kimyo karabiber zerdeçal tuz kırmız soğa dereo
Pancarlı Patates Salatası,patates kırmız pancar havuç zeytinyak konserve mısır sar yoğurt mayonez dereo tuz karabiber
Şalgamlı Makarna Salatası,makarna şalga su su kırmız kapya biber konserve mısır kornişo turşu maydanoz dereo limo su zeytinyak tuz
Semizotu Salatası,semizot domates salatalık konserve mısır cev beyaz peynir zeytinyak limo su tuz
Tabule Salatası,kısırlık i bulgur kaynar su maydanoz taze soğa taze nane domates salatalık nar limo zeytinyak tuz
Tavuklu Taze Fasulye Salatası,tavuk göğsü fileto taze fasulye konserve mısır kornişo turşu közle kırmız biber yoğurt mayonez sar tuz
Yoğurtlu Kabak Salatası,kabak yoğurt dereo cev iç sar tuz
Yoğurtlu Kırmızı Biber Salatası,kırmız kapya biber süzme yoğurt yoğurt zeytinyak sar tuz cev iç zeytinyak kırmız toz biber
Yoğurtlu Sebzeli Erişte Salatası,eriş sıv yağ sıcak su kabak havuç kırmız kapya biber haşla konserve mısır kornişo turşu dereo mayonez yoğurt tuz zeytinyak kırık cev kırmız toz biber
Antep Usulü Mercimek Köftesi,kırmız mercimek i bulgur maydanoz taze soğa sar limo su tuz kur soğa zeytinyak biber salças karabiber kimyo kırmız pulbiber
Brokolili Karnabahar Salatası,brokoli karnabahar havuç konserve mısır haşla bezelye kornişo turşu maydanoz limo su zeytinyak tuz
Cevizli Zeytin Salatası,dilimle yeşil ze cev iç or boy domates taze soğa maydanoz kırmız kapya biber nar ekşis zeytinyak limo su kırmız pul biber sumak kekik tuz
Erişteli Nohutlu Salata,eriş nohut sar yoğurt tuz ter yak kırmız toz biber kırık cev
Havuçlu Nuraniye Salatası,kabak havuç pirinç taze soğa dereo maydanoz sar zeytinyak yoğurt mayonez tuz
Kabak Mezesi,kabak yoğurt mayonez dereo sar zeytinyak tuz cev kırmız toz biber
Karışık Lahana Salatası,beyaz laha kırmız laha havuç kornişo turşu konserve mısır dereo süzme yoğurt mayonez sar tuz
Kerevizli Ege Ezmesi,kerev süzmel peynir yoğurt cev limo kabuk limo su sarıkmsak dereo tuz
Kırmızı Pancar Salatası,kırmız pancar soğa sar zeytinyak cev yoğurt tuz
Lahana Salatası,laha havuç cev mayonez yoğurt elma sirkes limo su toz şeker tuz
Mercimekli Çoban Salatası,yeşil mercimek domates salatalık sivri biber kur soğa maydanoz limo su nar ekşis sumak nane zeytinyak tuz
Mor Lahanalı Havuç Tarator,havuç mor laha zeytinyak yoğurt mayonez sar dereo tuz cev
Mor Lahana Tarator,mor laha zeytinyak sar yoğurt mayonez tuz
Orijinal Haydari,süzme yoğurt beyaz peynir tereyak kur nane sar dereo tuz zeytinyak
Pancarlı Beyaz Lahana Salatası,kırmız pancar beyaz laha havuç konserve mısır maydanoz cev iç zeytinyak sirke limo su tuz
Patates Borani,patates kur soğa zeytinyak karabiber kırmız toz biber tuz yoğurt sar tereyak dolusudomates salças
Pırasa Borani,pıras soğa sar zeytinyak karabiber tuz yoğurt kırmız toz biber
Piyaz,kur fasulye kur soğa taze soğa domates maydanoz limo zeytinyak tuz karabiber kırmız pul biber sumak
Salatalık Mezesi,salatalık tuz kırmız pul biber kırmız toz biber karabiber nar ekşis zeytinyak limo su sar
Sebzeli Tavuk Salatası,tavuk göğsü haşla bezelye havuç konserve mısır kırmız biber kornişo turşu sar dereo yoğurt mayonez tuz
Semizotu Yoğurtlaması,semizot yoğurt sar tuz kırmız pul biber zeytinyak
Tavuk Göğsü Salatası,tavuk göğsü fileto havuç közle kırmız biber konserve mısır haşla bezelye kornişo turşu dereo sar yoğurt mayonez tuz karabiber zeytinyak
Tavuklu Erişte Salatası,eriş tavuk göğsü fileto yeşil mercimek sıv yağ sarıkmsak yoğurt mayonez cev tuz ter yak kırmız toz biber
Tavuklu Kereviz Salatası,tavuk göğsü kerev kırık cev yoğurt mayonez sar maydanoz tuz
Tavuklu Semizotu Salatası,semizot tavuk göğsü fileto konserve mısır bade salatalık kırmız biber kırık cev yoğurt mayonez sar
Üç Renkli Brokoli Salatası,brokoli arpa şehri havuç konserve mısır yoğurt mayonez maydanoz tuz
Yeşil Domates Turşusu,yeşil domates sar kerev yaprak ir ka tuz toz şeker elma sirkes i̇çme su
Yeşil Mercimekli Bulgur Köftesi,köftelik i bulgur yeşil mercimek sıcak su patates kur soğa domates salças sıv yağ maydanoz dereo tuz kırmız pulbiber kimyo karabiber
Yoğurtlu Bakliyat Salatası,haşla kur fasulye haşla nohut haşla buğday haşla yeşil mercimek konserve mısır közle kırmız biber yoğurt sar maydanoz dereo tuz kırık cev zeytinyak kırmız toz biber
Yoğurtlu Kabak Borani,yeşil kabak soğa zeytinyak yoğurt sar tuz kırmız toz biber
Yoğurtlu Makarna Salatası,küçük makarna közle kırmız biber garnitür konserve mısır kornişo turşu dereo sarıkmsak yoğurt mayonez tuz
Yoğurtlu Mercimek Ezmesi,kırmız mercimek su kur soğa patates i bulgur domates salças zeytinyak maydanoz taze soğa kimyo kırmız pul biber karabiber tuz süzme yoğurt sar kırmız toz biber
Yoğurtlu Yeşil Mercimek Salatası,yeşil mercimek arpa şehri konserve mısır sar dereo mayonez yoğurt tuz zeytinyak kırmız toz biber
Acılı Cevizli Ezme,cev iç domates salças biber salças zeytinyak sarıkmsak kırmız toz biber kırmız pul biber kur nane karabiber kimyo tuz
Alman Salatası,salatalık tuz yoğurt toz şeker elma sirkes zeytinyak sar toz dereo
Bamya Turşusu,taze bamya sirke ka tuz limo tuz sar kaynar su
Brokoli Mezesi,brokoli havuç süzme yoğurt mayonez konserve mısır kırık cev sar dereo zeytinyak tuz
Cevizli Makarna Salatası,makarna kabak havuç kırmız kapya biber sar cev konserve mısır haşla bezelye dereo yoğurt zeytinyak tuz cev iç kırmız toz biber
Çiğ Kereviz Salatası,kerev yoğurt mayonez sar kerev yaprak tuz
Elmalı Kereviz Salatası,kerev havuç ekşi yeşil elma yoğurt sarıkmsak cev tuz
Fasulye Salatası,taze fasulye közle kırmız biber konserve mısır kornişo turşu taze soğa maydanoz dereo limo zeytinyak tuz
Hatay Usulü Kısır,esmer bulgur ılık su domates salças biber salças isot acıl pul biber nar ekşis zeytinyak limo su kimyo sar taze soğa maydanoz taze nane
Havuçlu Kereviz Salatası,kerev havuç yoğurt dereo sar cev zeytinyak tuz
Havuç Mezesi,havuç yoğurt mayonez sar dereo zeytinyak tuz
İç Baklalı Enginar Salatası,iç bak enginar çanak taze soğa dereo limo su zeytinyak tuz
Kabak Tarator,kabak dereo cev zeytinyak sar yoğurt tuz
Kavrulmuş Erişte Salatası,eriş sıv yağ sıcak su közle kırmız biber kornişo turşu haşla konserve mısır taze soğa maydanoz limo su zeytinyak tuz
Kebapçı Salatası,domates salatalık sivri biber kur soğa maydanoz limo su karabiber nar ekşis sumak zeytinyak tuz
Kırmızı Fasulye Salatası,kırmız fasulye kırmız kapya biber haşla konserve mısır kornişo turşu maydanoz dereo taze soğa zeytinyak limo su tuz
Kırmızı Soğan Salatası,kırmız soğa maydanoz sumak kırmız pul biber zeytinyak limo su tuz
Köz Biberli Patates Salatası,patates kırmız kapya biber kornişo turşu konserve mısır havuç dereo yoğurt mayonez sar
Lor Peyniri Salatası,lor peynir domates salatalık yeşil biber kırmız kapya biber cev iç maydanoz çörek ot zeytinyak tuz
Mantar Salatası,kül mantar kırmız biber kornişo turşu konserve mısır biberli ze dereo maydanoz limo su zeytinyak tuz
Mercimekli Kabak Salatası,kabak yeşil mercimek soğa yoğurt sar dereo zeytinyak tuz kırmız toz biber
Mısır Salatası,konserve mısır havuç kırmız biber biberli yeşil ze dereo maydanoz limo su zeytinyak tuz
Mor Lahanalı Makarna Salatası,makarna mor laha konserve mısır kornişo turşu maydanoz yoğurt mayonez sar zeytinyak tuz
Mor Lahana Salatası,or boy mor laha limo sirke nar ekşis silme tuz maydanoz dereo zeytinyak
Mütebbel,patlıca tah limo su sar tuz zeytinyak maydanoz
Nohut Salatası,nohut kırmız biber kornişo turşu konserve mısır maydanoz dereo nane zeytinyak limo su tuz
Patatesli Mercimek Köftesi,kırmız mercimek patates i bulgur su zeytinyak kur soğa sar domates salças biber salças limo su nar ekşis taze soğa maydanoz kimyo kırmız pul biber karabiber tuz
Patlıcanlı Haydari,patlıca süzmel yoğurt ezil beyaz peynir rendele sar zeytinyak tuz karabiber nane kırmız toz biber
Rokalı Pancar Salatası,kırmız pancar soğa sar yoğurt cev rok nar ekşis elma sirkes zeytinyak tuz
Sirkeli Kırmızı Lahana Salatası,mor laha elma sirkes tuz
Soğan Salatası,soğa maydanoz sumak kırmız pul biber zeytinyak limo su tuz
Tavuklu Arpa Şehriye Salatası,arpa şehri tavuk göğsü kırmız biber havuç salatalık kornişo turşu konserve mısır taze soğa dereo maydanoz zeytinyak limo su tuz
Tavuklu Patates Salatası,tavuk göğsü fileto patates dereo konserve mısır kornişo turşu yoğurt hardal sar tuz
Taze Soğan Salatası,taze soğa çer domates salatalık sivri biber zeytinyak limo su tuz
Ton Balıklı Meze,ton balık soğa konserve mısır siyah ze dil yeşil ze dil maydanoz dereo mayonez tuz
Yoğurtlu Brokoli Ezmesi,brokoli havuç yoğurt mayonez sar tuz
Yoğurtlu Mercimekli Semizotu Salatası,semizot yeşil mercimek kırmız biber sar yoğurt tuz kur nane kırmız pul biber
Yumurtalı Kısır,kısırlık bulgur karabiber kimyo kur nane kırmız pulbiber tuz limo su yumur sıv yağ soğa sar zeytinyak domates salças biber salças maydanoz taze nane taze soğa
Baharatlı Patates Salatası,patates zeytinyak sar toz zerdeçal kırmız toz biber kekik tuz
Brokoli Salatası,brokoli patates havuç dereo yoğurt mayonez sar tuz kırmız toz biber sıv yağ
Çiğ Pancar Salatası,pancar cev maydanoz nar ekşis zeytinyak limo su tuz
Havuçlu Pazı Salatası,paz soğa havuç yoğurt zeytinyak sar tuz
Kabak Şayan,kabak zeytinyak sar yoğurt mayonez tuz cev kur nane kırmız pul biber
Kereviz Yaprağı Salatası,kerev yaprak havuç yeşil biber maydanoz limo su zeytinyak nar ekşis tuz
Kuskus Salatası,kuskus makarna kırmız biber havuç kornişo turşu konserve mısır maydanoz dereo zeytinyak limo su tuz
Lokanta Usulü Mor Lahana Salatası,mor laha limo sirke tuz zeytinyak
Patatesli Kereviz Salatası,patates kerev havuç yoğurt haşla mısır sar mayonez dereo tuz
Şalgamlı Bulgur Salatası,kal bulgur acıs şalga su kornişo turşu konserve mısır maydanoz dereo zeytinyak limo su tuz
Soğanlı Patates Salatası,patates kur soğa sar zeytinyagı kırmız toz biber karabiber kimyo zerdeçal tuz
Taratorlu Deniz Börülcesi,de börülces süzme yoğurt cev iç ekmek sar zeytinyak limo su
Yoğurtlu Brokoli Salatası,brokoli yoğurt sıv yağ kırmız pul biber tuz
Yoğurtlu Kereviz Salatası,kerev yoğurt mayonez sar tuz cev iç
Yoğurtlu Mercimekli Erişte Salatası,eriş yeşil mercimek sarıkmsak yoğurt tuz cev ter yak kırmız toz biber
Çilekli Semizotu Salatası,semizot çilek cev kırık beyaz peynir çilek zeytinyak elma sirkes tuz
Izgara Mısır,süt mısır kesme şeker su tereyak zeytinyak kırmız toz biber sar toz kırmız pul biber tuz
Peynirli Avokado Salatası,avokado çer domates beyaz peynir tuz zeytinyak
Renkli Şehriye Salatası,arpa şehri kırmız biber konserve mısır kornişo turşu salatalık zeytinyak dereo havuç taze soğa limo su tuz
Semizotlu Erişte Salatası,eriş semizot salatalık kornişo turşu konserve mısır kırık cev zeytinyak sıcak su dereo yoğurt sar tuz
Semizotlu Makarna Salatası,makarna semizot domates salatalık kırmız soğa cev beyaz peynir zeytinyak limo su nar ekşis sumak kırmız pul biber tuz
Acur Turşusu,acur üz sirkes ka tuz limo su toz şeker sar çeşme su
Ispanaklı Buğday Salatası,buğday ıspanak sar yoğurt tuz cev sıv yağ kırmız pul biber kırmız toz biber
Nohutlu Buğday Salatası,aşurelik buğday nohut kırmız biber kornişo turşu mısır maydanoz dereo zeytinyak limo su tuz
Sebzeli Makarna Salatası,patlıca kabak patates havuç kırmız kapya biber yeşil biber makarna sıv yağ yoğurt sar tuz kur nane kırmız toz biber
Tahinli Patlıcan Salatası,patlıca süzme yoğurt tah limo su sar maydanoz tuz
Kızarmış Patates Salatası,patates havuç labne peynir kırmız biber yoğurt dereo sıv yağ
Kinoa Salatası,kinoa salatalık havuç çer domates konserve mısır maydanoz dereo taze nane limo su zeytinyak tuz
Ton Balıklı Makarna Salatası,burgu makarna konserve ton balık dereo maydanoz taze soğa mayonez zeytinyak çer domates tuz
Marul Salatası,marul domates salatalık kur soğa zeytinyak limo su elma sirkes tuz
Acılı Ezme Mezesi,domates salatalık kur soğa çerlisto biber maydanoz biber salças limo su zeytinyak kırmız pul biber tuz karabiber
Arpa Şehriye Salatası,arpa şehri kırmız biber havuç salatalık kornişo turşu konserve mısır taze soğa dereo zeytinyak limo su tuz
Barbunya Salatası,haşla barbunya göbek sala maydanoz dereo salatalık kırmız biber sumak kur nane zeytinyak limo su tuz
Buğday Cacığı,aşurelik buğday süzme yoğurt sar salatalık su tuz zeytinyak kırmız pul biber
Bulgurlu Patates Köftesi,köftelik i bulgur or boy patates sıcak su zeytinyak domates salças maydanoz rendele sar tuz kimyo karabiber kırmız pulbiber
Cacık,bade minik salatalık yoğurt soğuk su sar tuz kur nane
Cevizli Beyaz Lahana Salatası,laha havuç konserve mısır yeşil ze dolmas cev zeytinyak limo su tuz
Cevizli Ispanak Salatası,ıspanak kırmız soğa cev kırmız biber mozzarel peynir zeytinyak limo su nar ekşis tuz
Çitlembik Salatası,çitlembik elma sirkes zeytinyak tuz
Deniz Börülcesi Salatası,de börülces sar nar ekşis elma sirkes kırmız pul biber sızma zeytinyak
Bardakta Acılı Mısır,taze süt mısır tereyak acıl pul biber acıl sos kırmız toz biber karabiber tuz
Ev Yapımı Nar Ekşisi,ekşi nar
Garnitürlü Kabak Salatası,or boy kabak garnitür konserve mısır dereo yoğurt mayonez sar zeytinyak tuz
Garnitürlü Patates Salatası,patates garnitür kornişo turşu yoğurt mayonez sar tuz
Hardal Soslu Brokoli Salatası,brokoli konserve mısır göbek marul kornişo turşu mayonez hardal zeytinyak nar ekşis kekik tuz
Havuçlu Kuskus Salatası,kuskus makarna havuç kornişo turşu sar sıvıyak yoğurt tuz
Havuçlu Turp Salatası,havuç turp siyah ze maydanoz zeytinyak limo tuz
Hibeş,tah sar limo kimyo aç kırmız toz biber tuz
Jalapeno Biberli Ton Balıklı Salata,ton balık jalapeno biber turşus domates salatalık havuç maydanoz zeytinyak limo su tuz
Kabaklı Kuskus Salatası,kuskus makarna küçük boy kabak maydanoz dereo yoğurt mayonez sar tuz
Kahvaltılık Közlenmiş Kırmızı Biber Ezmesi,közle kırmız biber domates salças cev sar maydanoz kırmız pul biber tuz
